numeric_id	chemont_id	name	parent_numeric_id	parent_name
0	CHEMONTID:0000000	Organic compounds	9999999	Chemical entities
1	CHEMONTID:0000001	Inorganic compounds	9999999	Chemical entities
2	CHEMONTID:0000002	Organoheterocyclic compounds	0	Organic compounds
3	CHEMONTID:0000003	Thiepanes	2	Organoheterocyclic compounds
4	CHEMONTID:0000004	Organosulfur compounds	0	Organic compounds
5	CHEMONTID:0000005	Pyrroloquinoline quinones	1734	Pyrroloquinolines
6	CHEMONTID:0000006	Benzoxazolines	2	Organoheterocyclic compounds
7	CHEMONTID:0000007	Amidines	278	Organonitrogen compounds
8	CHEMONTID:0000008	Cembrane diterpenoids	1551	Diterpenoids
9	CHEMONTID:0000009	Sulfines	4	Organosulfur compounds
10	CHEMONTID:0000010	Sulfenes	4	Organosulfur compounds
11	CHEMONTID:0000011	Carbohydrates and carbohydrate conjugates	323	Organooxygen compounds
12	CHEMONTID:0000012	Lipids and lipid-like molecules	0	Organic compounds
13	CHEMONTID:0000013	Amino acids, peptides, and analogues	265	Carboxylic acids and derivatives
14	CHEMONTID:0000014	Phenylbutylamines	2279	Benzene and substituted derivatives
15	CHEMONTID:0000015	Dibenzofurans	301	Benzofurans
16	CHEMONTID:0000016	Allenes	0	Organic compounds
17	CHEMONTID:0000017	Cycloalkenes	2840	Cyclic olefins
18	CHEMONTID:0000018	Anthracenes	2448	Benzenoids
19	CHEMONTID:0000019	Dibenzocycloheptenes	2448	Benzenoids
20	CHEMONTID:0000020	Fluorenes	2448	Benzenoids
21	CHEMONTID:0000021	Indenes and isoindenes	2448	Benzenoids
22	CHEMONTID:0000022	Naphthacenes	2448	Benzenoids
23	CHEMONTID:0000023	Naphthalenes	2448	Benzenoids
24	CHEMONTID:0000024	Pentacenes	2448	Benzenoids
25	CHEMONTID:0000025	Phenanthrenes and derivatives	2448	Benzenoids
26	CHEMONTID:0000026	Purine ribonucleoside bisphosphates	1544	Purine ribonucleotides
27	CHEMONTID:0000027	Indanes	2448	Benzenoids
28	CHEMONTID:0000028	Pyridoxals and derivatives	2212	Pyridine carboxaldehydes
29	CHEMONTID:0000029	Cinnamaldehydes	261	Phenylpropanoids and polyketides
30	CHEMONTID:0000030	Hydroxyeicosatrienoic acids	513	Eicosanoids
31	CHEMONTID:0000031	Benzenesulfonamides	2279	Benzene and substituted derivatives
32	CHEMONTID:0000032	Benzenesulfonic acids and derivatives	2279	Benzene and substituted derivatives
33	CHEMONTID:0000033	Benzyl alcohols	2279	Benzene and substituted derivatives
34	CHEMONTID:0000034	Sulfobenzoic acids	32	Benzenesulfonic acids and derivatives
35	CHEMONTID:0000035	Halobenzenes	2279	Benzene and substituted derivatives
36	CHEMONTID:0000036	Nitrobenzenes	2279	Benzene and substituted derivatives
37	CHEMONTID:0000037	Styrenes	2279	Benzene and substituted derivatives
38	CHEMONTID:0000038	Sulfanilides	2279	Benzene and substituted derivatives
39	CHEMONTID:0000039	Sulfamic acid derivatives	264	Organic acids and derivatives
40	CHEMONTID:0000040	Indanediones	1151	Indanones
41	CHEMONTID:0000041	Biphenyls and derivatives	2279	Benzene and substituted derivatives
42	CHEMONTID:0000042	Diphenhydramines	2279	Benzene and substituted derivatives
43	CHEMONTID:0000043	Biphenylbenzimidazoles	330	Phenylbenzimidazoles
44	CHEMONTID:0000044	Biphenyltetrazoles and derivatives	306	Phenyltetrazoles and derivatives
45	CHEMONTID:0000045	Phenylpropenes	2279	Benzene and substituted derivatives
46	CHEMONTID:0000046	Hydroxyeicosatetraenoic acids	513	Eicosanoids
47	CHEMONTID:0000047	Podophyllotoxins	1510	Lignan lactones
48	CHEMONTID:0000048	Tetralins	2448	Benzenoids
49	CHEMONTID:0000049	Tametralines	48	Tetralins
50	CHEMONTID:0000050	Lactones	2	Organoheterocyclic compounds
51	CHEMONTID:0000051	Aromatic monoterpenoids	1549	Monoterpenoids
52	CHEMONTID:0000052	Brominated biphenyls	41	Biphenyls and derivatives
53	CHEMONTID:0000053	Aminoquinolines and derivatives	1253	Quinolines and derivatives
54	CHEMONTID:0000054	Benzylisoquinolines	2566	Isoquinolines and derivatives
55	CHEMONTID:0000055	Dibenzothiazepines	317	Benzothiazepines
56	CHEMONTID:0000056	Quinolones and derivatives	1253	Quinolines and derivatives
57	CHEMONTID:0000057	Hydroxyquinolines	1253	Quinolines and derivatives
58	CHEMONTID:0000058	Morphinans	279	Alkaloids and derivatives
59	CHEMONTID:0000059	Coumaric acids and derivatives	1391	Hydroxycinnamic acids and derivatives
60	CHEMONTID:0000060	Alpha amino acids and derivatives	347	Amino acids and derivatives
61	CHEMONTID:0000061	Indoloquinolines	1253	Quinolines and derivatives
62	CHEMONTID:0000062	2-sulfobenzoic acids	34	Sulfobenzoic acids
63	CHEMONTID:0000063	Nitrate esters	488	Organic nitric acids and derivatives
64	CHEMONTID:0000064	Macrolactams	261	Phenylpropanoids and polyketides
65	CHEMONTID:0000065	Arsoles	2052	Metalloheterocyclic compounds
66	CHEMONTID:0000066	Oxazepines	2	Organoheterocyclic compounds
67	CHEMONTID:0000067	Pyrazines	1346	Diazines
68	CHEMONTID:0000068	Thiazepines	2	Organoheterocyclic compounds
69	CHEMONTID:0000069	Azepines	2	Organoheterocyclic compounds
70	CHEMONTID:0000070	Oxetanes	2	Organoheterocyclic compounds
71	CHEMONTID:0000071	Diazepines	2	Organoheterocyclic compounds
72	CHEMONTID:0000072	Dibenzodiazepines	295	Benzodiazepines
73	CHEMONTID:0000073	Oxetenes	2	Organoheterocyclic compounds
74	CHEMONTID:0000074	Pyridazines and derivatives	1346	Diazines
75	CHEMONTID:0000075	Pyrimidines and pyrimidine derivatives	1346	Diazines
76	CHEMONTID:0000076	Furans	2	Organoheterocyclic compounds
77	CHEMONTID:0000077	Thiosalicylic acids and derivatives	2086	Sulfanylbenzoic acids and derivatives
78	CHEMONTID:0000078	Imidazoles	436	Azoles
79	CHEMONTID:0000079	Imidazolines	2490	Azolines
80	CHEMONTID:0000080	Indazoles	1629	Benzopyrazoles
81	CHEMONTID:0000081	Isoxazoles	436	Azoles
82	CHEMONTID:0000082	Oxazines	2	Organoheterocyclic compounds
83	CHEMONTID:0000083	Oxazoles	436	Azoles
84	CHEMONTID:0000084	Oxazolines	2490	Azolines
85	CHEMONTID:0000085	Phosphinines	2052	Metalloheterocyclic compounds
86	CHEMONTID:0000086	Pyrans	2	Organoheterocyclic compounds
87	CHEMONTID:0000087	Pyrazoles	436	Azoles
88	CHEMONTID:0000088	Pyrazolines	2490	Azolines
89	CHEMONTID:0000089	Pyridines and derivatives	2	Organoheterocyclic compounds
90	CHEMONTID:0000090	Pyrroles	2	Organoheterocyclic compounds
91	CHEMONTID:0000091	Pyrrolines	2	Organoheterocyclic compounds
92	CHEMONTID:0000092	Tetrazines	2	Organoheterocyclic compounds
93	CHEMONTID:0000093	Thiadiazoles	436	Azoles
94	CHEMONTID:0000094	Thiazines	2	Organoheterocyclic compounds
95	CHEMONTID:0000095	Thiazoles	436	Azoles
96	CHEMONTID:0000096	Thiepins	2	Organoheterocyclic compounds
97	CHEMONTID:0000097	Thiophenes	2	Organoheterocyclic compounds
98	CHEMONTID:0000098	Triazines	2	Organoheterocyclic compounds
99	CHEMONTID:0000099	Triazoles	436	Azoles
100	CHEMONTID:0000100	Phenanthridines and derivatives	1908	Benzoquinolines
101	CHEMONTID:0000101	Eudesmane, isoeudesmane or cycloeudesmane sesquiterpenoids	1550	Sesquiterpenoids
102	CHEMONTID:0000102	Azetidines	2	Organoheterocyclic compounds
103	CHEMONTID:0000103	Aziridines	2	Organoheterocyclic compounds
104	CHEMONTID:0000104	Azirines	2	Organoheterocyclic compounds
105	CHEMONTID:0000105	Dioxolanes	2	Organoheterocyclic compounds
106	CHEMONTID:0000106	Oxathiolanes	2	Organoheterocyclic compounds
107	CHEMONTID:0000107	Oxazinanes	2	Organoheterocyclic compounds
108	CHEMONTID:0000108	Oxazolidines	2491	Azolidines
109	CHEMONTID:0000109	Pteridines and derivatives	2	Organoheterocyclic compounds
110	CHEMONTID:0000110	Pterins and derivatives	109	Pteridines and derivatives
111	CHEMONTID:0000111	Tetrazoles	436	Azoles
112	CHEMONTID:0000112	Hydrazines and derivatives	278	Organonitrogen compounds
113	CHEMONTID:0000113	Phenylhydrazines	2279	Benzene and substituted derivatives
114	CHEMONTID:0000114	Semicarbazides	112	Hydrazines and derivatives
115	CHEMONTID:0000115	Semicarbazones	114	Semicarbazides
116	CHEMONTID:0000116	Hydrazones	112	Hydrazines and derivatives
117	CHEMONTID:0000117	Imines	278	Organonitrogen compounds
118	CHEMONTID:0000118	Ketones	1831	Carbonyl compounds
119	CHEMONTID:0000119	Acetophenones	2279	Benzene and substituted derivatives
120	CHEMONTID:0000120	Benzophenones	2279	Benzene and substituted derivatives
121	CHEMONTID:0000121	Thioketones	1198	Thiocarbonyl compounds
122	CHEMONTID:0000122	Alpha-amino ketones	118	Ketones
123	CHEMONTID:0000123	Benzopyrans	2	Organoheterocyclic compounds
124	CHEMONTID:0000124	Aldehydes	1831	Carbonyl compounds
125	CHEMONTID:0000125	Quinomethanes	3487	Cyclic ketones
126	CHEMONTID:0000126	Organic azides	3865	Organic salts
127	CHEMONTID:0000127	Isoindoles	1819	Isoindoles and derivatives
128	CHEMONTID:0000128	Alkyl aryl ethers	254	Ethers
129	CHEMONTID:0000129	Alcohols and polyols	323	Organooxygen compounds
130	CHEMONTID:0000130	Azaspirodecane derivatives	2	Organoheterocyclic compounds
131	CHEMONTID:0000131	Enediols	323	Organooxygen compounds
132	CHEMONTID:0000132	Enols	323	Organooxygen compounds
133	CHEMONTID:0000133	1,3-dicarbonyl compounds	1831	Carbonyl compounds
134	CHEMONTID:0000134	Phenols	2448	Benzenoids
135	CHEMONTID:0000135	Catechols	1286	Benzenediols
136	CHEMONTID:0000136	Hydroquinones	1286	Benzenediols
137	CHEMONTID:0000137	Resorcinols	1286	Benzenediols
138	CHEMONTID:0000138	Anisoles	2341	Phenol ethers
139	CHEMONTID:0000139	Tyrosols and derivatives	134	Phenols
140	CHEMONTID:0000140	Aminophenols	134	Phenols
141	CHEMONTID:0000141	Nitrophenols	134	Phenols
142	CHEMONTID:0000142	Stilbene glycosides	253	Stilbenes
143	CHEMONTID:0000143	Bisphenols	369	Diphenylmethanes
144	CHEMONTID:0000144	Chromones	3410	1-benzopyrans
145	CHEMONTID:0000145	Coumarins and derivatives	261	Phenylpropanoids and polyketides
146	CHEMONTID:0000146	Acylaminosugars	1148	Amino sugars
147	CHEMONTID:0000147	Macrolides and analogues	261	Phenylpropanoids and polyketides
148	CHEMONTID:0000148	Dithiazoles	436	Azoles
149	CHEMONTID:0000149	Aflatoxins	2568	Angular furanocoumarins
150	CHEMONTID:0000150	Dibenzoxazepines	319	Benzoxazepines
151	CHEMONTID:0000151	Anthraquinones	18	Anthracenes
152	CHEMONTID:0000152	M-iminoquinones	2851	Iminoquinones
153	CHEMONTID:0000153	Naphthoquinones	23	Naphthalenes
154	CHEMONTID:0000154	Pentacenequinones	2448	Benzenoids
155	CHEMONTID:0000155	Tetracenequinones	22	Naphthacenes
156	CHEMONTID:0000156	Adamantanones	3487	Cyclic ketones
157	CHEMONTID:0000157	Carbodiimides	278	Organonitrogen compounds
158	CHEMONTID:0000158	N-organohydroxylamines	278	Organonitrogen compounds
159	CHEMONTID:0000159	Epoxides	2	Organoheterocyclic compounds
160	CHEMONTID:0000160	Lactams	2	Organoheterocyclic compounds
161	CHEMONTID:0000161	Epothilones and analogues	147	Macrolides and analogues
162	CHEMONTID:0000162	Beta lactams	160	Lactams
163	CHEMONTID:0000163	Caprolactams	160	Lactams
164	CHEMONTID:0000164	Delta lactams	160	Lactams
165	CHEMONTID:0000165	Gamma lactams	160	Lactams
166	CHEMONTID:0000166	Thiolactams	2	Organoheterocyclic compounds
167	CHEMONTID:0000167	Carbapenems	162	Beta lactams
168	CHEMONTID:0000168	Cephems	162	Beta lactams
169	CHEMONTID:0000169	Clavams	162	Beta lactams
170	CHEMONTID:0000170	Monobactams	162	Beta lactams
171	CHEMONTID:0000171	Oxacephems	162	Beta lactams
172	CHEMONTID:0000172	Penams	162	Beta lactams
173	CHEMONTID:0000173	Cephalosporins	168	Cephems
174	CHEMONTID:0000174	Penicillins	172	Penams
175	CHEMONTID:0000175	Glycerolipids	12	Lipids and lipid-like molecules
176	CHEMONTID:0000176	Benzoic acids and derivatives	2279	Benzene and substituted derivatives
177	CHEMONTID:0000177	Imidazopyridinones	328	Imidazopyridines
178	CHEMONTID:0000178	Benzamides	176	Benzoic acids and derivatives
179	CHEMONTID:0000179	Hippuric acids and derivatives	178	Benzamides
180	CHEMONTID:0000180	Oleanane triterpenoids	1553	Triterpenoids
181	CHEMONTID:0000181	Tetracyclines	261	Phenylpropanoids and polyketides
182	CHEMONTID:0000182	Catecholamines and derivatives	135	Catechols
183	CHEMONTID:0000183	Tryptamines and derivatives	211	Indoles and derivatives
184	CHEMONTID:0000184	Pheniramines	89	Pyridines and derivatives
185	CHEMONTID:0000185	Phenylmethylamines	2279	Benzene and substituted derivatives
186	CHEMONTID:0000186	Phenethylamines	2279	Benzene and substituted derivatives
187	CHEMONTID:0000187	Phenylpropylamines	2279	Benzene and substituted derivatives
188	CHEMONTID:0000188	Amphetamines and derivatives	186	Phenethylamines
189	CHEMONTID:0000189	Piperazines	2389	Diazinanes
190	CHEMONTID:0000190	Methoxyphenols	134	Phenols
191	CHEMONTID:0000191	Diazaspirononane derivatives	2	Organoheterocyclic compounds
192	CHEMONTID:0000192	Cyclopyrrolones	343	Pyrrolopyrazines
193	CHEMONTID:0000193	Dioxoles	2	Organoheterocyclic compounds
194	CHEMONTID:0000194	Nitrofurans	76	Furans
195	CHEMONTID:0000195	Piperidines	2	Organoheterocyclic compounds
196	CHEMONTID:0000196	Oxazolidinones	108	Oxazolidines
197	CHEMONTID:0000197	Oxazolidinediones	196	Oxazolidinones
198	CHEMONTID:0000198	Oligosaccharides	11	Carbohydrates and carbohydrate conjugates
199	CHEMONTID:0000199	Thioxanthenes	3413	1-benzothiopyrans
200	CHEMONTID:0000200	Xanthenes	2817	Dibenzopyrans
201	CHEMONTID:0000201	Tocopherols	1546	Vitamin E compounds
202	CHEMONTID:0000202	Psoralens	2569	Linear furanocoumarins
203	CHEMONTID:0000203	Thioxanthones	199	Thioxanthenes
204	CHEMONTID:0000204	Xanthones	200	Xanthenes
205	CHEMONTID:0000205	Pyrazolones	88	Pyrazolines
206	CHEMONTID:0000206	Cinnolines	4789	Benzodiazines
207	CHEMONTID:0000207	Phthalazines	4789	Benzodiazines
208	CHEMONTID:0000208	Pyridazinones	74	Pyridazines and derivatives
209	CHEMONTID:0000209	Phthalazinones	207	Phthalazines
210	CHEMONTID:0000210	Carbazoles	211	Indoles and derivatives
211	CHEMONTID:0000211	Indoles and derivatives	2	Organoheterocyclic compounds
212	CHEMONTID:0000212	Porphyrins	1455	Tetrapyrroles and derivatives
213	CHEMONTID:0000213	Pyrrolopyridines	2	Organoheterocyclic compounds
214	CHEMONTID:0000214	Hydroxyeicosapentaenoic acids	513	Eicosanoids
215	CHEMONTID:0000215	Sugar acids and derivatives	11	Carbohydrates and carbohydrate conjugates
216	CHEMONTID:0000216	Indolizines	213	Pyrrolopyridines
217	CHEMONTID:0000217	Pyrazolidines	2491	Azolidines
218	CHEMONTID:0000218	Pyrrolidines	2	Organoheterocyclic compounds
219	CHEMONTID:0000219	Pyrrolizines	2	Organoheterocyclic compounds
220	CHEMONTID:0000220	Pyrrolizidines	2	Organoheterocyclic compounds
221	CHEMONTID:0000221	Quinolizidines	2	Organoheterocyclic compounds
222	CHEMONTID:0000222	Quinolizines	2	Organoheterocyclic compounds
223	CHEMONTID:0000223	Hydrophenanthrenes	25	Phenanthrenes and derivatives
224	CHEMONTID:0000224	Thiadiazines	2	Organoheterocyclic compounds
225	CHEMONTID:0000225	Nitrothiazoles	95	Thiazoles
226	CHEMONTID:0000226	Thiazolidines	2491	Azolidines
227	CHEMONTID:0000227	Thiazolidinones	226	Thiazolidines
228	CHEMONTID:0000228	Thiazolidinediones	227	Thiazolidinones
229	CHEMONTID:0000229	Thiazolines	2490	Azolines
230	CHEMONTID:0000230	Organic superoxides	463	Organic oxoanionic compounds
231	CHEMONTID:0000231	Benzothiepins	2	Organoheterocyclic compounds
232	CHEMONTID:0000232	Dibenzothiepins	231	Benzothiepins
233	CHEMONTID:0000233	Thiolanes	2	Organoheterocyclic compounds
234	CHEMONTID:0000234	Triazolones	99	Triazoles
235	CHEMONTID:0000235	Triazolidines	2491	Azolidines
236	CHEMONTID:0000236	Ellagic acids and derivatives	2448	Benzenoids
237	CHEMONTID:0000237	Acyl monophosphates	4781	Acyl phosphates
238	CHEMONTID:0000238	Tannins	261	Phenylpropanoids and polyketides
239	CHEMONTID:0000239	Indolizinoquinolines	1253	Quinolines and derivatives
240	CHEMONTID:0000240	Camptothecins	279	Alkaloids and derivatives
241	CHEMONTID:0000241	Pyranoindolizines	216	Indolizines
242	CHEMONTID:0000242	Nitroimidazoles	2310	Substituted imidazoles
243	CHEMONTID:0000243	Thienoimidazoles	2	Organoheterocyclic compounds
244	CHEMONTID:0000244	Biotin and derivatives	2	Organoheterocyclic compounds
245	CHEMONTID:0000245	Purines and purine derivatives	1797	Imidazopyrimidines
246	CHEMONTID:0000246	Hypoxanthines	597	Purinones
247	CHEMONTID:0000247	Xanthines	245	Purines and purine derivatives
248	CHEMONTID:0000248	1,2-dioxoles	193	Dioxoles
249	CHEMONTID:0000249	Thioxanthines	245	Purines and purine derivatives
250	CHEMONTID:0000250	Imidazolidines	2491	Azolidines
251	CHEMONTID:0000251	Indolizidines	2	Organoheterocyclic compounds
252	CHEMONTID:0000252	Quinuclidines	2	Organoheterocyclic compounds
253	CHEMONTID:0000253	Stilbenes	261	Phenylpropanoids and polyketides
254	CHEMONTID:0000254	Ethers	323	Organooxygen compounds
255	CHEMONTID:0000255	Folic acids and derivatives	1228	Pteroic acids and derivatives
256	CHEMONTID:0000256	Glycerophospholipids	12	Lipids and lipid-like molecules
257	CHEMONTID:0000257	Sphingolipids	12	Lipids and lipid-like molecules
258	CHEMONTID:0000258	Steroids and steroid derivatives	12	Lipids and lipid-like molecules
259	CHEMONTID:0000259	Prenol lipids	12	Lipids and lipid-like molecules
260	CHEMONTID:0000260	Monohydroxy bile acids, alcohols and derivatives	2194	Hydroxy bile acids, alcohols and derivatives
261	CHEMONTID:0000261	Phenylpropanoids and polyketides	0	Organic compounds
262	CHEMONTID:0000262	Fatty acids and conjugates	3909	Fatty Acyls
263	CHEMONTID:0000263	Sesquiterpene glycosides	2049	Terpene glycosides
264	CHEMONTID:0000264	Organic acids and derivatives	0	Organic compounds
265	CHEMONTID:0000265	Carboxylic acids and derivatives	264	Organic acids and derivatives
266	CHEMONTID:0000266	Short-chain hydroxy acids and derivatives	472	Hydroxy acids and derivatives
267	CHEMONTID:0000267	Organohalogen compounds	0	Organic compounds
268	CHEMONTID:0000268	Organosulfenic acids and derivatives	264	Organic acids and derivatives
269	CHEMONTID:0000269	Sulfinic acids and derivatives	264	Organic acids and derivatives
270	CHEMONTID:0000270	Organosulfonic acids and derivatives	4434	Organic sulfonic acids and derivatives
271	CHEMONTID:0000271	Carbamic acids	318	Carbamic acids and derivatives
272	CHEMONTID:0000272	1,3-dioxoles	193	Dioxoles
273	CHEMONTID:0000273	Miscellaneous chromates	1470	Miscellaneous metallic oxoanionic compounds
274	CHEMONTID:0000274	Acridines	1908	Benzoquinolines
275	CHEMONTID:0000275	Acryloyl compounds	323	Organooxygen compounds
276	CHEMONTID:0000276	Acyl glycines	2402	N-acyl-alpha amino acids
277	CHEMONTID:0000277	Organoalkaline-earth metal compounds	462	Organometallic compounds
278	CHEMONTID:0000278	Organonitrogen compounds	4707	Organic nitrogen compounds
279	CHEMONTID:0000279	Alkaloids and derivatives	0	Organic compounds
280	CHEMONTID:0000280	Beta-amino ketones	118	Ketones
281	CHEMONTID:0000281	Aminobenzoic acids and derivatives	176	Benzoic acids and derivatives
282	CHEMONTID:0000282	Aminoglycosides	3305	Aminosaccharides
283	CHEMONTID:0000283	Aminopyridines and derivatives	89	Pyridines and derivatives
284	CHEMONTID:0000284	Aniline and substituted anilines	2279	Benzene and substituted derivatives
285	CHEMONTID:0000285	Anilides	2279	Benzene and substituted derivatives
286	CHEMONTID:0000286	Primary alcohols	129	Alcohols and polyols
287	CHEMONTID:0000287	Organomagnesium compounds	277	Organoalkaline-earth metal compounds
288	CHEMONTID:0000288	Thioanisoles	2279	Benzene and substituted derivatives
289	CHEMONTID:0000289	Nucleosides, nucleotides, and analogues	0	Organic compounds
290	CHEMONTID:0000290	Azulenes	2840	Cyclic olefins
291	CHEMONTID:0000291	Pyrimidones	75	Pyrimidines and pyrimidine derivatives
292	CHEMONTID:0000292	Barbituric acid derivatives	291	Pyrimidones
293	CHEMONTID:0000293	Benzazepines	2	Organoheterocyclic compounds
294	CHEMONTID:0000294	Benzimidazoles	2	Organoheterocyclic compounds
295	CHEMONTID:0000295	Benzodiazepines	2	Organoheterocyclic compounds
296	CHEMONTID:0000296	Benzodioxoles	2	Organoheterocyclic compounds
297	CHEMONTID:0000297	Lysophosphatidylglycerols	2216	Glycerophosphoglycerols
298	CHEMONTID:0000298	Fatty aldehydes	3909	Fatty Acyls
299	CHEMONTID:0000299	Medium-chain hydroxy acids and derivatives	472	Hydroxy acids and derivatives
300	CHEMONTID:0000300	Benzarsoles	2052	Metalloheterocyclic compounds
301	CHEMONTID:0000301	Benzofurans	2	Organoheterocyclic compounds
302	CHEMONTID:0000302	Benzoxazoles	2	Organoheterocyclic compounds
303	CHEMONTID:0000303	Phenylpiperidines	195	Piperidines
304	CHEMONTID:0000304	Pyrazolopyridines	2	Organoheterocyclic compounds
305	CHEMONTID:0000305	Pyrazolopyrimidines	2	Organoheterocyclic compounds
306	CHEMONTID:0000306	Phenyltetrazoles and derivatives	111	Tetrazoles
307	CHEMONTID:0000307	Azepanes	2	Organoheterocyclic compounds
308	CHEMONTID:0000308	Benzothiadiazines	224	Thiadiazines
309	CHEMONTID:0000309	Benzothiazines	2	Organoheterocyclic compounds
310	CHEMONTID:0000310	Phenothiazines	309	Benzothiazines
311	CHEMONTID:0000311	Benzothiazoles	2	Organoheterocyclic compounds
312	CHEMONTID:0000312	Benzothiophenes	2	Organoheterocyclic compounds
313	CHEMONTID:0000313	Triazolopyrazines	2	Organoheterocyclic compounds
314	CHEMONTID:0000314	Triazolopyridines	2	Organoheterocyclic compounds
315	CHEMONTID:0000315	Benzotriazoles	2	Organoheterocyclic compounds
316	CHEMONTID:0000316	Benzopyrenes	1851	Pyrenes
317	CHEMONTID:0000317	Benzothiazepines	2	Organoheterocyclic compounds
318	CHEMONTID:0000318	Carbamic acids and derivatives	347	Amino acids and derivatives
319	CHEMONTID:0000319	Benzoxazepines	2	Organoheterocyclic compounds
320	CHEMONTID:0000320	Dibenzazepines	293	Benzazepines
321	CHEMONTID:0000321	Benzoyl derivatives	2279	Benzene and substituted derivatives
322	CHEMONTID:0000322	Betaxanthins and derivatives	1435	Betalains
323	CHEMONTID:0000323	Organooxygen compounds	4603	Organic oxygen compounds
324	CHEMONTID:0000324	Fatty acid esters	3909	Fatty Acyls
325	CHEMONTID:0000325	Biphenols	2279	Benzene and substituted derivatives
326	CHEMONTID:0000326	Bipyridines and oligopyridines	89	Pyridines and derivatives
327	CHEMONTID:0000327	Bisphosphonates	419	Organic phosphonic acids and derivatives
328	CHEMONTID:0000328	Imidazopyridines	2	Organoheterocyclic compounds
329	CHEMONTID:0000329	Phenylazirines	104	Azirines
330	CHEMONTID:0000330	Phenylbenzimidazoles	294	Benzimidazoles
331	CHEMONTID:0000331	Fatty amides	3909	Fatty Acyls
332	CHEMONTID:0000332	Phosphatidylglycerophosphates	2217	Glycerophosphoglycerophosphates
333	CHEMONTID:0000333	Straight chain fatty acids	262	Fatty acids and conjugates
334	CHEMONTID:0000334	Flavonoids	261	Phenylpropanoids and polyketides
335	CHEMONTID:0000335	N-acylpiperidines	195	Piperidines
336	CHEMONTID:0000336	Anthocyanidins	334	Flavonoids
337	CHEMONTID:0000337	Flavans	334	Flavonoids
338	CHEMONTID:0000338	Branched fatty acids	262	Fatty acids and conjugates
339	CHEMONTID:0000339	Unsaturated fatty acids	262	Fatty acids and conjugates
340	CHEMONTID:0000340	Hydroperoxy fatty acids	262	Fatty acids and conjugates
341	CHEMONTID:0000341	Hydroxy fatty acids	262	Fatty acids and conjugates
342	CHEMONTID:0000342	Pyridinylpyrimidines	75	Pyrimidines and pyrimidine derivatives
343	CHEMONTID:0000343	Pyrrolopyrazines	2	Organoheterocyclic compounds
344	CHEMONTID:0000344	Thienopyridines	2	Organoheterocyclic compounds
345	CHEMONTID:0000345	Azaborinanes	2052	Metalloheterocyclic compounds
346	CHEMONTID:0000346	Dicarboxylic acids and derivatives	265	Carboxylic acids and derivatives
347	CHEMONTID:0000347	Amino acids and derivatives	13	Amino acids, peptides, and analogues
348	CHEMONTID:0000348	Peptides	13	Amino acids, peptides, and analogues
349	CHEMONTID:0000349	Organoantimony compounds	1370	Organometalloid compounds
350	CHEMONTID:0000350	Butyrophenones	2279	Benzene and substituted derivatives
351	CHEMONTID:0000351	Biflorane and serrulatane diterpenoids	1551	Diterpenoids
352	CHEMONTID:0000352	Cobalamin derivatives	353	Corrinoids
353	CHEMONTID:0000353	Corrinoids	1455	Tetrapyrroles and derivatives
354	CHEMONTID:0000354	Coumestans	2506	Isoflavonoids
355	CHEMONTID:0000355	Cumenes	2279	Benzene and substituted derivatives
356	CHEMONTID:0000356	Curcuminoids	2651	Linear diarylheptanoids
357	CHEMONTID:0000357	Sesquaterpenoids	259	Prenol lipids
358	CHEMONTID:0000358	Furanocoumarins	145	Coumarins and derivatives
359	CHEMONTID:0000359	Thietanes	2	Organoheterocyclic compounds
360	CHEMONTID:0000360	Thietes	2	Organoheterocyclic compounds
361	CHEMONTID:0000361	Organic cyanamides	278	Organonitrogen compounds
362	CHEMONTID:0000362	Nitriles	4504	Organic cyanides
363	CHEMONTID:0000363	Cyanates	463	Organic oxoanionic compounds
364	CHEMONTID:0000364	Organic carbonic acids and derivatives	264	Organic acids and derivatives
365	CHEMONTID:0000365	Cyclamates	39	Sulfamic acid derivatives
366	CHEMONTID:0000366	Nitrosimines	4777	Organic N-nitroso compounds
367	CHEMONTID:0000367	Dihydropyridines	2224	Hydropyridines
368	CHEMONTID:0000368	Dioxanes	2	Organoheterocyclic compounds
369	CHEMONTID:0000369	Diphenylmethanes	2279	Benzene and substituted derivatives
370	CHEMONTID:0000370	Phenylmorpholines	392	Morpholines
371	CHEMONTID:0000371	Ergotamines, dihydroergotamines, and derivatives	2030	Ergopeptines
372	CHEMONTID:0000372	Fentanyls	195	Piperidines
373	CHEMONTID:0000373	Glucosinolates	1498	Hexoses
374	CHEMONTID:0000374	Glucuronides	2094	Glucuronic acid derivatives
375	CHEMONTID:0000375	Guanidines	278	Organonitrogen compounds
376	CHEMONTID:0000376	Hydroxamic acids	1662	Primary carboxylic acid amides
377	CHEMONTID:0000377	Thiiranes	2	Organoheterocyclic compounds
378	CHEMONTID:0000378	Dithietanes	2	Organoheterocyclic compounds
379	CHEMONTID:0000379	Proanthocyanidins	238	Tannins
380	CHEMONTID:0000380	Hydroxyquinols and derivatives	1310	Benzenetriols and derivatives
381	CHEMONTID:0000381	Aporphines	279	Alkaloids and derivatives
382	CHEMONTID:0000382	Phloroglucinols and derivatives	1310	Benzenetriols and derivatives
383	CHEMONTID:0000383	Hydroperoxyeicosatrienoic acids	513	Eicosanoids
384	CHEMONTID:0000384	Alloxazines and isoalloxazines	109	Pteridines and derivatives
385	CHEMONTID:0000385	Batrachotoxins and derivatives	2724	Steroidal alkaloids
386	CHEMONTID:0000386	Acyl cholines	1012	Cholines
387	CHEMONTID:0000387	Hydroperoxyeicosatetraenoic acids	513	Eicosanoids
388	CHEMONTID:0000388	Ketenes	323	Organooxygen compounds
389	CHEMONTID:0000389	Keto acids and derivatives	264	Organic acids and derivatives
390	CHEMONTID:0000390	Indolequinones	211	Indoles and derivatives
391	CHEMONTID:0000391	Mitomycins	4096	Mitomycins, mitosane and mitosene derivatives
392	CHEMONTID:0000392	Morpholines	107	Oxazinanes
393	CHEMONTID:0000393	Oxoeicosapolyenoic acids	513	Eicosanoids
394	CHEMONTID:0000394	Alpha amino acid esters	60	Alpha amino acids and derivatives
395	CHEMONTID:0000395	Organic nitrates	463	Organic oxoanionic compounds
396	CHEMONTID:0000396	Organic nitrites	463	Organic oxoanionic compounds
397	CHEMONTID:0000397	Pyrogallols and derivatives	1310	Benzenetriols and derivatives
398	CHEMONTID:0000398	Nitrogen mustard compounds	278	Organonitrogen compounds
399	CHEMONTID:0000399	Phenylazides	2279	Benzene and substituted derivatives
400	CHEMONTID:0000400	Organophosphorus compounds	0	Organic compounds
401	CHEMONTID:0000401	Organic phosphines and derivatives	400	Organophosphorus compounds
402	CHEMONTID:0000402	Organic phosphoric acids and derivatives	264	Organic acids and derivatives
403	CHEMONTID:0000403	Organic sulfuric acids and derivatives	264	Organic acids and derivatives
404	CHEMONTID:0000404	Miscellaneous chromites	1470	Miscellaneous metallic oxoanionic compounds
405	CHEMONTID:0000405	Organoarsenic compounds	1370	Organometalloid compounds
406	CHEMONTID:0000406	Organolithium compounds	1372	Organo-alkali-metal compounds
407	CHEMONTID:0000407	Organomercurial compounds	1371	Organotransition metal compounds
408	CHEMONTID:0000408	Phosphate esters	402	Organic phosphoric acids and derivatives
409	CHEMONTID:0000409	Keto fatty acids	262	Fatty acids and conjugates
410	CHEMONTID:0000410	Azo compounds	278	Organonitrogen compounds
411	CHEMONTID:0000411	Oximes	278	Organonitrogen compounds
412	CHEMONTID:0000412	Dioxetanes	2	Organoheterocyclic compounds
413	CHEMONTID:0000413	Pentalenes	2840	Cyclic olefins
414	CHEMONTID:0000414	Organic peroxides	3940	Organic oxides
415	CHEMONTID:0000415	Boronic acids	498	Boronic acid derivatives
416	CHEMONTID:0000416	Phenazines and derivatives	486	Quinoxalines
417	CHEMONTID:0000417	Phenoxyacetic acid derivatives	2279	Benzene and substituted derivatives
418	CHEMONTID:0000418	Phenylacetic acids	2279	Benzene and substituted derivatives
419	CHEMONTID:0000419	Organic phosphonic acids and derivatives	264	Organic acids and derivatives
420	CHEMONTID:0000420	Chlorinated dibenzo-p-dioxins	1381	Dibenzo-p-dioxins
421	CHEMONTID:0000421	Methoxy fatty acids	262	Fatty acids and conjugates
422	CHEMONTID:0000422	Homogeneous metal compounds	1	Inorganic compounds
423	CHEMONTID:0000423	Homogeneous non-metal compounds	1	Inorganic compounds
424	CHEMONTID:0000424	Mixed metal/non-metal compounds	1	Inorganic compounds
425	CHEMONTID:0000425	Homogeneous alkali metal compounds	422	Homogeneous metal compounds
426	CHEMONTID:0000426	Homogeneous transition metal compounds	422	Homogeneous metal compounds
427	CHEMONTID:0000427	Homogeneous post-transition metal compounds	422	Homogeneous metal compounds
428	CHEMONTID:0000428	Homogeneous alkaline earth metal compounds	422	Homogeneous metal compounds
429	CHEMONTID:0000429	Homogeneous lanthanide compounds	422	Homogeneous metal compounds
430	CHEMONTID:0000430	Homogeneous actinide compounds	422	Homogeneous metal compounds
431	CHEMONTID:0000431	Homogeneous metalloid compounds	422	Homogeneous metal compounds
432	CHEMONTID:0000432	Homogeneous halogens	423	Homogeneous non-metal compounds
433	CHEMONTID:0000433	Homogeneous noble gases	423	Homogeneous non-metal compounds
434	CHEMONTID:0000434	Homogeneous other non-metal compounds	423	Homogeneous non-metal compounds
435	CHEMONTID:0000435	Non-metal oxoanionic compounds	423	Homogeneous non-metal compounds
436	CHEMONTID:0000436	Azoles	2	Organoheterocyclic compounds
437	CHEMONTID:0000437	Other non-metal halides	423	Homogeneous non-metal compounds
438	CHEMONTID:0000438	Alkali metal salts	424	Mixed metal/non-metal compounds
439	CHEMONTID:0000439	Alkaline earth metal salts	424	Mixed metal/non-metal compounds
440	CHEMONTID:0000440	Lanthanide salts	424	Mixed metal/non-metal compounds
441	CHEMONTID:0000441	Actinide salts	424	Mixed metal/non-metal compounds
442	CHEMONTID:0000442	Metalloid salts	424	Mixed metal/non-metal compounds
443	CHEMONTID:0000443	Transition metal salts	424	Mixed metal/non-metal compounds
444	CHEMONTID:0000444	Post-transition metal salts	424	Mixed metal/non-metal compounds
445	CHEMONTID:0000445	Alkali metal oxoanionic compounds	424	Mixed metal/non-metal compounds
446	CHEMONTID:0000446	Alkaline earth metal oxoanionic compounds	424	Mixed metal/non-metal compounds
447	CHEMONTID:0000447	Lanthanide oxoanionic compounds	424	Mixed metal/non-metal compounds
448	CHEMONTID:0000448	Actinide oxoanionic compounds	424	Mixed metal/non-metal compounds
449	CHEMONTID:0000449	Metalloid oxoanionic compounds	424	Mixed metal/non-metal compounds
450	CHEMONTID:0000450	Transition metal oxoanionic compounds	424	Mixed metal/non-metal compounds
451	CHEMONTID:0000451	Post-transition metal oxoanionic compounds	424	Mixed metal/non-metal compounds
452	CHEMONTID:0000452	Metalloporphyrins	1926	Metallotetrapyrroles
453	CHEMONTID:0000453	Other non-metal organides	423	Homogeneous non-metal compounds
454	CHEMONTID:0000454	Halogen organides	423	Homogeneous non-metal compounds
455	CHEMONTID:0000455	Actinide organides	424	Mixed metal/non-metal compounds
456	CHEMONTID:0000456	Alkali metal organides	424	Mixed metal/non-metal compounds
457	CHEMONTID:0000457	Alkaline earth metal organides	424	Mixed metal/non-metal compounds
458	CHEMONTID:0000458	Post-transition metal organides	424	Mixed metal/non-metal compounds
459	CHEMONTID:0000459	Lanthanide organides	424	Mixed metal/non-metal compounds
460	CHEMONTID:0000460	Metalloid organides	424	Mixed metal/non-metal compounds
461	CHEMONTID:0000461	Transition metal organides	424	Mixed metal/non-metal compounds
462	CHEMONTID:0000462	Organometallic compounds	0	Organic compounds
463	CHEMONTID:0000463	Organic oxoanionic compounds	4603	Organic oxygen compounds
464	CHEMONTID:0000464	Acetylenedicarboxylates	264	Organic acids and derivatives
465	CHEMONTID:0000465	Coumaric acid esters	3002	Hydroxycinnamic acid esters
466	CHEMONTID:0000466	Fulminates	463	Organic oxoanionic compounds
467	CHEMONTID:0000467	Phenylcarbamic acids	2279	Benzene and substituted derivatives
468	CHEMONTID:0000468	Dicarbonic acids and derivatives	1240	Carboxylic acid anhydrides
469	CHEMONTID:0000469	Monoalkylamines	2450	Primary amines
470	CHEMONTID:0000470	Enamines	2449	Amines
471	CHEMONTID:0000471	Nitro fatty acids	262	Fatty acids and conjugates
472	CHEMONTID:0000472	Hydroxy acids and derivatives	264	Organic acids and derivatives
473	CHEMONTID:0000473	Organogold compounds	1371	Organotransition metal compounds
474	CHEMONTID:0000474	Biguanides	375	Guanidines
475	CHEMONTID:0000475	Carboxylic acid amides	1093	Carboxylic acid derivatives
476	CHEMONTID:0000476	Cinnamic acids and derivatives	261	Phenylpropanoids and polyketides
477	CHEMONTID:0000477	Acyclic sesquiterpenoids	1550	Sesquiterpenoids
478	CHEMONTID:0000478	Polyprenyl phosphates	1535	Polyprenols
479	CHEMONTID:0000479	Purine nucleosides	289	Nucleosides, nucleotides, and analogues
480	CHEMONTID:0000480	Pyrimidine nucleosides	289	Nucleosides, nucleotides, and analogues
481	CHEMONTID:0000481	Pyranones and derivatives	86	Pyrans
482	CHEMONTID:0000482	Trithiolanes	2	Organoheterocyclic compounds
483	CHEMONTID:0000483	Halogenated fatty acids	262	Fatty acids and conjugates
484	CHEMONTID:0000484	Dithiolanes	2	Organoheterocyclic compounds
485	CHEMONTID:0000485	Quinazolines	4789	Benzodiazines
486	CHEMONTID:0000486	Quinoxalines	4789	Benzodiazines
487	CHEMONTID:0000487	Salicylic acid and derivatives	1248	Hydroxybenzoic acid derivatives
488	CHEMONTID:0000488	Organic nitric acids and derivatives	264	Organic acids and derivatives
489	CHEMONTID:0000489	Amino fatty acids	262	Fatty acids and conjugates
490	CHEMONTID:0000490	Sulfonylureas	278	Organonitrogen compounds
491	CHEMONTID:0000491	Sulfoxides	4	Organosulfur compounds
492	CHEMONTID:0000492	Tropane alkaloids	279	Alkaloids and derivatives
493	CHEMONTID:0000493	Thiaziridines	2	Organoheterocyclic compounds
494	CHEMONTID:0000494	Isoflavones	2901	Isoflav-2-enes
495	CHEMONTID:0000495	Carbocyclic fatty acids	262	Fatty acids and conjugates
496	CHEMONTID:0000496	Amine oxides and derivatives	2449	Amines
497	CHEMONTID:0000497	Aminals	278	Organonitrogen compounds
498	CHEMONTID:0000498	Boronic acid derivatives	264	Organic acids and derivatives
499	CHEMONTID:0000499	Imidoesters	2285	Carboximidic acids and derivatives
500	CHEMONTID:0000500	Chlorinated biphenyls	41	Biphenyls and derivatives
501	CHEMONTID:0000501	Isocyanates	278	Organonitrogen compounds
502	CHEMONTID:0000502	Xanthanolides	1543	Sesquiterpene lactones
503	CHEMONTID:0000503	Quaternary ammonium salts	278	Organonitrogen compounds
504	CHEMONTID:0000504	Lineolic acids and derivatives	3909	Fatty Acyls
505	CHEMONTID:0000505	Sulfones	1157	Sulfonyls
506	CHEMONTID:0000506	Sulfonyl halides	267	Organohalogen compounds
507	CHEMONTID:0000507	Isoflavonoid O-glycosides	2506	Isoflavonoids
508	CHEMONTID:0000508	Organic sulfonium compounds	4	Organosulfur compounds
509	CHEMONTID:0000509	Sultams	2	Organoheterocyclic compounds
510	CHEMONTID:0000510	Thioamides	4	Organosulfur compounds
511	CHEMONTID:0000511	12-oxophytodienoic acid metabolites	504	Lineolic acids and derivatives
512	CHEMONTID:0000512	Jasmonic acids	504	Lineolic acids and derivatives
513	CHEMONTID:0000513	Eicosanoids	3909	Fatty Acyls
514	CHEMONTID:0000514	Prostaglandins and related compounds	513	Eicosanoids
515	CHEMONTID:0000515	Leukotrienes	513	Eicosanoids
516	CHEMONTID:0000516	Dihydroxy bile acids, alcohols and derivatives	2194	Hydroxy bile acids, alcohols and derivatives
517	CHEMONTID:0000517	Ureas	364	Organic carbonic acids and derivatives
518	CHEMONTID:0000518	Triphenylenes	25	Phenanthrenes and derivatives
519	CHEMONTID:0000519	Thromboxanes	513	Eicosanoids
520	CHEMONTID:0000520	Actinide hydrides	455	Actinide organides
521	CHEMONTID:0000521	Actinide nitrides	455	Actinide organides
522	CHEMONTID:0000522	Actinide oxides	455	Actinide organides
523	CHEMONTID:0000523	Actinide sulfides	455	Actinide organides
524	CHEMONTID:0000524	Alkali metal hydrides	456	Alkali metal organides
525	CHEMONTID:0000525	Alkali metal nitrides	456	Alkali metal organides
526	CHEMONTID:0000526	Alkali metal oxides	456	Alkali metal organides
527	CHEMONTID:0000527	Alkali metal sulfides	456	Alkali metal organides
528	CHEMONTID:0000528	Post-transition metal hydrides	458	Post-transition metal organides
529	CHEMONTID:0000529	Post-transition metal nitrides	458	Post-transition metal organides
530	CHEMONTID:0000530	Post-transition metal oxides	458	Post-transition metal organides
531	CHEMONTID:0000531	Post-transition metal sulfides	458	Post-transition metal organides
532	CHEMONTID:0000532	Metalloid hydrides	460	Metalloid organides
533	CHEMONTID:0000533	Metalloid nitrides	460	Metalloid organides
534	CHEMONTID:0000534	Metalloid oxides	460	Metalloid organides
535	CHEMONTID:0000535	Metalloid sulfides	460	Metalloid organides
536	CHEMONTID:0000536	Transition metal hydrides	461	Transition metal organides
537	CHEMONTID:0000537	Transition metal nitrides	461	Transition metal organides
538	CHEMONTID:0000538	Transition metal oxides	461	Transition metal organides
539	CHEMONTID:0000539	Transition metal sulfides	461	Transition metal organides
540	CHEMONTID:0000540	Lanthanide hydrides	459	Lanthanide organides
541	CHEMONTID:0000541	Lanthanide nitrides	459	Lanthanide organides
542	CHEMONTID:0000542	Lanthanide oxides	459	Lanthanide organides
543	CHEMONTID:0000543	Lanthanide sulfides	459	Lanthanide organides
544	CHEMONTID:0000544	Alkaline earth metal hydrides	457	Alkaline earth metal organides
545	CHEMONTID:0000545	Alkaline earth metal nitrides	457	Alkaline earth metal organides
546	CHEMONTID:0000546	Alkaline earth metal oxides	457	Alkaline earth metal organides
547	CHEMONTID:0000547	Alkaline earth metal sulfides	457	Alkaline earth metal organides
548	CHEMONTID:0000548	Halogen hydrides	454	Halogen organides
549	CHEMONTID:0000549	Halogen nitrides	454	Halogen organides
550	CHEMONTID:0000550	Halogen oxides	454	Halogen organides
551	CHEMONTID:0000551	Halogen sulfides	454	Halogen organides
552	CHEMONTID:0000552	Other non-metal hydrides	453	Other non-metal organides
553	CHEMONTID:0000553	Other non-metal nitrides	453	Other non-metal organides
554	CHEMONTID:0000554	Other non-metal oxides	453	Other non-metal organides
555	CHEMONTID:0000555	Other non-metal sulfides	453	Other non-metal organides
556	CHEMONTID:0000556	Actinide astatides	441	Actinide salts
557	CHEMONTID:0000557	Actinide bromides	441	Actinide salts
558	CHEMONTID:0000558	Actinide chlorides	441	Actinide salts
559	CHEMONTID:0000559	Actinide fluorides	441	Actinide salts
560	CHEMONTID:0000560	Actinide iodides	441	Actinide salts
561	CHEMONTID:0000561	Alkali metal astatides	438	Alkali metal salts
562	CHEMONTID:0000562	Alkali metal bromides	438	Alkali metal salts
563	CHEMONTID:0000563	Alkali metal chlorides	438	Alkali metal salts
564	CHEMONTID:0000564	Alkali metal fluorides	438	Alkali metal salts
565	CHEMONTID:0000565	Alkali metal iodides	438	Alkali metal salts
566	CHEMONTID:0000566	Alkaline earth metal astatides	439	Alkaline earth metal salts
567	CHEMONTID:0000567	Alkaline earth metal bromides	439	Alkaline earth metal salts
568	CHEMONTID:0000568	Alkaline earth metal chlorides	439	Alkaline earth metal salts
569	CHEMONTID:0000569	Alkaline earth metal fluorides	439	Alkaline earth metal salts
570	CHEMONTID:0000570	Alkaline earth metal iodides	439	Alkaline earth metal salts
571	CHEMONTID:0000571	Post-transition metal astatides	444	Post-transition metal salts
572	CHEMONTID:0000572	Post-transition metal bromides	444	Post-transition metal salts
573	CHEMONTID:0000573	Post-transition metal chlorides	444	Post-transition metal salts
574	CHEMONTID:0000574	Post-transition metal fluorides	444	Post-transition metal salts
575	CHEMONTID:0000575	Post-transition metal iodides	444	Post-transition metal salts
576	CHEMONTID:0000576	Lanthanide astatides	440	Lanthanide salts
577	CHEMONTID:0000577	Lanthanide bromides	440	Lanthanide salts
578	CHEMONTID:0000578	Lanthanide chlorides	440	Lanthanide salts
579	CHEMONTID:0000579	Lanthanide fluorides	440	Lanthanide salts
580	CHEMONTID:0000580	Lanthanide iodides	440	Lanthanide salts
581	CHEMONTID:0000581	Metalloid astatides	442	Metalloid salts
582	CHEMONTID:0000582	Metalloid bromides	442	Metalloid salts
583	CHEMONTID:0000583	Metalloid chlorides	442	Metalloid salts
584	CHEMONTID:0000584	Metalloid fluorides	442	Metalloid salts
585	CHEMONTID:0000585	Metalloid iodides	442	Metalloid salts
586	CHEMONTID:0000586	Transition metal astatides	443	Transition metal salts
587	CHEMONTID:0000587	Transition metal bromides	443	Transition metal salts
588	CHEMONTID:0000588	Transition metal chlorides	443	Transition metal salts
589	CHEMONTID:0000589	Transition metal fluorides	443	Transition metal salts
590	CHEMONTID:0000590	Transition metal iodides	443	Transition metal salts
591	CHEMONTID:0000591	Actinide bromates	448	Actinide oxoanionic compounds
592	CHEMONTID:0000592	Actinide chlorates	448	Actinide oxoanionic compounds
593	CHEMONTID:0000593	Actinide chlorites	448	Actinide oxoanionic compounds
594	CHEMONTID:0000594	Actinide chromates	448	Actinide oxoanionic compounds
595	CHEMONTID:0000595	Actinide chromites	448	Actinide oxoanionic compounds
596	CHEMONTID:0000596	Actinide cyanates	448	Actinide oxoanionic compounds
597	CHEMONTID:0000597	Purinones	245	Purines and purine derivatives
598	CHEMONTID:0000598	Actinide hydroxides	448	Actinide oxoanionic compounds
599	CHEMONTID:0000599	Actinide hypobromites	448	Actinide oxoanionic compounds
600	CHEMONTID:0000600	Actinide hypochlorites	448	Actinide oxoanionic compounds
601	CHEMONTID:0000601	Actinide hyponitrites	448	Actinide oxoanionic compounds
602	CHEMONTID:0000602	Actinide hypophosphites	448	Actinide oxoanionic compounds
603	CHEMONTID:0000603	Actinide iodates	448	Actinide oxoanionic compounds
604	CHEMONTID:0000604	Actinide nitrites	448	Actinide oxoanionic compounds
605	CHEMONTID:0000605	Actinide nitrates	448	Actinide oxoanionic compounds
606	CHEMONTID:0000606	Actinide orthonitrates	448	Actinide oxoanionic compounds
607	CHEMONTID:0000607	Actinide perbromates	448	Actinide oxoanionic compounds
608	CHEMONTID:0000608	Actinide perchlorates	448	Actinide oxoanionic compounds
609	CHEMONTID:0000609	Actinide periodates	448	Actinide oxoanionic compounds
610	CHEMONTID:0000610	Actinide permanganates	448	Actinide oxoanionic compounds
611	CHEMONTID:0000611	Actinide peroxynitrates	448	Actinide oxoanionic compounds
612	CHEMONTID:0000612	Actinide peroxynitrites	448	Actinide oxoanionic compounds
613	CHEMONTID:0000613	Actinide perrhenates	448	Actinide oxoanionic compounds
614	CHEMONTID:0000614	Actinide pertechnetates	448	Actinide oxoanionic compounds
615	CHEMONTID:0000615	Actinide phosphites	448	Actinide oxoanionic compounds
616	CHEMONTID:0000616	Actinide phosphates	448	Actinide oxoanionic compounds
617	CHEMONTID:0000617	Actinide pyrophosphates	448	Actinide oxoanionic compounds
618	CHEMONTID:0000618	Actinide selenates	448	Actinide oxoanionic compounds
619	CHEMONTID:0000619	Actinide selenites	448	Actinide oxoanionic compounds
620	CHEMONTID:0000620	Actinide sulfates	448	Actinide oxoanionic compounds
621	CHEMONTID:0000621	Actinide sulfites	448	Actinide oxoanionic compounds
622	CHEMONTID:0000622	Actinide superoxides	448	Actinide oxoanionic compounds
623	CHEMONTID:0000623	N,N-diphenylcarbamic acids	467	Phenylcarbamic acids
624	CHEMONTID:0000624	Actinide peroxomonosulfates	448	Actinide oxoanionic compounds
625	CHEMONTID:0000625	Actinide peroxodisulfates	448	Actinide oxoanionic compounds
626	CHEMONTID:0000626	Actinide pyrosulfates	448	Actinide oxoanionic compounds
627	CHEMONTID:0000627	Actinide tetrathionates	448	Actinide oxoanionic compounds
628	CHEMONTID:0000628	Actinide thiosulfates	448	Actinide oxoanionic compounds
629	CHEMONTID:0000629	Actinide dithionites	448	Actinide oxoanionic compounds
630	CHEMONTID:0000630	Actinide hyposulfites	448	Actinide oxoanionic compounds
631	CHEMONTID:0000631	Alkali metal bromates	445	Alkali metal oxoanionic compounds
632	CHEMONTID:0000632	Alkali metal chlorates	445	Alkali metal oxoanionic compounds
633	CHEMONTID:0000633	Alkali metal chlorites	445	Alkali metal oxoanionic compounds
634	CHEMONTID:0000634	Alkali metal chromates	445	Alkali metal oxoanionic compounds
635	CHEMONTID:0000635	Alkali metal chromites	445	Alkali metal oxoanionic compounds
636	CHEMONTID:0000636	Alkali metal cyanates	445	Alkali metal oxoanionic compounds
637	CHEMONTID:0000637	Glycosylglycerols	175	Glycerolipids
638	CHEMONTID:0000638	Alkali metal hydroxides	445	Alkali metal oxoanionic compounds
639	CHEMONTID:0000639	Alkali metal hypobromites	445	Alkali metal oxoanionic compounds
640	CHEMONTID:0000640	Alkali metal hypochlorites	445	Alkali metal oxoanionic compounds
641	CHEMONTID:0000641	Alkali metal hyponitrites	445	Alkali metal oxoanionic compounds
642	CHEMONTID:0000642	Alkali metal hypophosphites	445	Alkali metal oxoanionic compounds
643	CHEMONTID:0000643	Alkali metal iodates	445	Alkali metal oxoanionic compounds
644	CHEMONTID:0000644	Alkali metal nitrites	445	Alkali metal oxoanionic compounds
645	CHEMONTID:0000645	Alkali metal nitrates	445	Alkali metal oxoanionic compounds
646	CHEMONTID:0000646	Alkali metal orthonitrates	445	Alkali metal oxoanionic compounds
647	CHEMONTID:0000647	Alkali metal perbromates	445	Alkali metal oxoanionic compounds
648	CHEMONTID:0000648	Alkali metal perchlorates	445	Alkali metal oxoanionic compounds
649	CHEMONTID:0000649	Alkali metal periodates	445	Alkali metal oxoanionic compounds
650	CHEMONTID:0000650	Alkali metal permanganates	445	Alkali metal oxoanionic compounds
651	CHEMONTID:0000651	Alkali metal peroxynitrates	445	Alkali metal oxoanionic compounds
652	CHEMONTID:0000652	Alkali metal peroxynitrites	445	Alkali metal oxoanionic compounds
653	CHEMONTID:0000653	Alkali metal perrhenates	445	Alkali metal oxoanionic compounds
654	CHEMONTID:0000654	Alkali metal pertechnetates	445	Alkali metal oxoanionic compounds
655	CHEMONTID:0000655	Alkali metal phosphites	445	Alkali metal oxoanionic compounds
656	CHEMONTID:0000656	Alkali metal phosphates	445	Alkali metal oxoanionic compounds
657	CHEMONTID:0000657	Alkali metal pyrophosphates	445	Alkali metal oxoanionic compounds
658	CHEMONTID:0000658	Alkali metal selenates	445	Alkali metal oxoanionic compounds
659	CHEMONTID:0000659	Alkali metal selenites	445	Alkali metal oxoanionic compounds
660	CHEMONTID:0000660	Alkali metal sulfates	445	Alkali metal oxoanionic compounds
661	CHEMONTID:0000661	Alkali metal sulfites	445	Alkali metal oxoanionic compounds
662	CHEMONTID:0000662	Alkali metal superoxides	445	Alkali metal oxoanionic compounds
663	CHEMONTID:0000663	Benzimidazole ribonucleosides and ribonucleotides	289	Nucleosides, nucleotides, and analogues
664	CHEMONTID:0000664	Alkali metal peroxomonosulfates	445	Alkali metal oxoanionic compounds
665	CHEMONTID:0000665	Alkali metal peroxodisulfates	445	Alkali metal oxoanionic compounds
666	CHEMONTID:0000666	Alkali metal pyrosulfates	445	Alkali metal oxoanionic compounds
667	CHEMONTID:0000667	Alkali metal tetrathionates	445	Alkali metal oxoanionic compounds
668	CHEMONTID:0000668	Alkali metal thiosulfates	445	Alkali metal oxoanionic compounds
669	CHEMONTID:0000669	Alkali metal dithionites	445	Alkali metal oxoanionic compounds
670	CHEMONTID:0000670	Alkali metal hyposulfites	445	Alkali metal oxoanionic compounds
671	CHEMONTID:0000671	Alkaline earth metal bromates	446	Alkaline earth metal oxoanionic compounds
672	CHEMONTID:0000672	Alkaline earth metal chlorates	446	Alkaline earth metal oxoanionic compounds
673	CHEMONTID:0000673	Alkaline earth metal chlorites	446	Alkaline earth metal oxoanionic compounds
674	CHEMONTID:0000674	Alkaline earth metal chromates	446	Alkaline earth metal oxoanionic compounds
675	CHEMONTID:0000675	Alkaline earth metal cyanates	446	Alkaline earth metal oxoanionic compounds
676	CHEMONTID:0000676	Taxanes and derivatives	1551	Diterpenoids
677	CHEMONTID:0000677	Alkaline earth metal hydroxides	446	Alkaline earth metal oxoanionic compounds
678	CHEMONTID:0000678	Alkaline earth metal hypobromites	446	Alkaline earth metal oxoanionic compounds
679	CHEMONTID:0000679	Alkaline earth metal hypochlorites	446	Alkaline earth metal oxoanionic compounds
680	CHEMONTID:0000680	Alkaline earth metal hyponitrites	446	Alkaline earth metal oxoanionic compounds
681	CHEMONTID:0000681	Alkaline earth metal hypophosphites	446	Alkaline earth metal oxoanionic compounds
682	CHEMONTID:0000682	Alkaline earth metal iodates	446	Alkaline earth metal oxoanionic compounds
683	CHEMONTID:0000683	Alkaline earth metal nitrites	446	Alkaline earth metal oxoanionic compounds
684	CHEMONTID:0000684	Alkaline earth metal nitrates	446	Alkaline earth metal oxoanionic compounds
685	CHEMONTID:0000685	Alkaline earth metal orthonitrates	446	Alkaline earth metal oxoanionic compounds
686	CHEMONTID:0000686	Alkaline earth metal perbromates	446	Alkaline earth metal oxoanionic compounds
687	CHEMONTID:0000687	Alkaline earth metal perchlorates	446	Alkaline earth metal oxoanionic compounds
688	CHEMONTID:0000688	Alkaline earth metal periodates	446	Alkaline earth metal oxoanionic compounds
689	CHEMONTID:0000689	Alkaline earth metal permanganates	446	Alkaline earth metal oxoanionic compounds
690	CHEMONTID:0000690	Alkaline earth metal peroxynitrates	446	Alkaline earth metal oxoanionic compounds
691	CHEMONTID:0000691	Alkaline earth metal peroxynitrites	446	Alkaline earth metal oxoanionic compounds
692	CHEMONTID:0000692	Alkaline earth metal perrhenates	446	Alkaline earth metal oxoanionic compounds
693	CHEMONTID:0000693	Alkaline earth metal pertechnetates	446	Alkaline earth metal oxoanionic compounds
694	CHEMONTID:0000694	Alkaline earth metal phosphites	446	Alkaline earth metal oxoanionic compounds
695	CHEMONTID:0000695	Alkaline earth metal phosphates	446	Alkaline earth metal oxoanionic compounds
696	CHEMONTID:0000696	Alkaline earth metal pyrophosphates	446	Alkaline earth metal oxoanionic compounds
697	CHEMONTID:0000697	Alkaline earth metal selenates	446	Alkaline earth metal oxoanionic compounds
698	CHEMONTID:0000698	Alkaline earth metal selenites	446	Alkaline earth metal oxoanionic compounds
699	CHEMONTID:0000699	Alkaline earth metal sulfates	446	Alkaline earth metal oxoanionic compounds
700	CHEMONTID:0000700	Alkaline earth metal sulfites	446	Alkaline earth metal oxoanionic compounds
701	CHEMONTID:0000701	Alkaline earth metal superoxides	446	Alkaline earth metal oxoanionic compounds
702	CHEMONTID:0000702	Sesterterpene lactones	1283	Terpene lactones
703	CHEMONTID:0000703	Alkaline earth metal peroxomonosulfates	446	Alkaline earth metal oxoanionic compounds
704	CHEMONTID:0000704	Alkaline earth metal peroxodisulfates	446	Alkaline earth metal oxoanionic compounds
705	CHEMONTID:0000705	Alkaline earth metal pyrosulfates	446	Alkaline earth metal oxoanionic compounds
706	CHEMONTID:0000706	Alkaline earth metal tetrathionates	446	Alkaline earth metal oxoanionic compounds
707	CHEMONTID:0000707	Alkaline earth metal thiosulfates	446	Alkaline earth metal oxoanionic compounds
708	CHEMONTID:0000708	Alkaline earth metal dithionites	446	Alkaline earth metal oxoanionic compounds
709	CHEMONTID:0000709	Alkaline earth metal hyposulfites	446	Alkaline earth metal oxoanionic compounds
710	CHEMONTID:0000710	Post-transition metal bromates	451	Post-transition metal oxoanionic compounds
711	CHEMONTID:0000711	Post-transition metal chlorates	451	Post-transition metal oxoanionic compounds
712	CHEMONTID:0000712	Post-transition metal chlorites	451	Post-transition metal oxoanionic compounds
713	CHEMONTID:0000713	Post-transition metal chromates	451	Post-transition metal oxoanionic compounds
714	CHEMONTID:0000714	Post-transition metal chromites	451	Post-transition metal oxoanionic compounds
715	CHEMONTID:0000715	Post-transition metal cyanates	451	Post-transition metal oxoanionic compounds
716	CHEMONTID:0000716	Chlorins	1455	Tetrapyrroles and derivatives
717	CHEMONTID:0000717	Post-transition metal hydroxides	451	Post-transition metal oxoanionic compounds
718	CHEMONTID:0000718	Post-transition metal hypobromites	451	Post-transition metal oxoanionic compounds
719	CHEMONTID:0000719	Post-transition metal hypochlorites	451	Post-transition metal oxoanionic compounds
720	CHEMONTID:0000720	Post-transition metal hyponitrites	451	Post-transition metal oxoanionic compounds
721	CHEMONTID:0000721	Post-transition metal hypophosphites	451	Post-transition metal oxoanionic compounds
722	CHEMONTID:0000722	Post-transition metal iodates	451	Post-transition metal oxoanionic compounds
723	CHEMONTID:0000723	Post-transition metal nitrites	451	Post-transition metal oxoanionic compounds
724	CHEMONTID:0000724	Post-transition metal nitrates	451	Post-transition metal oxoanionic compounds
725	CHEMONTID:0000725	Post-transition metal orthonitrates	451	Post-transition metal oxoanionic compounds
726	CHEMONTID:0000726	Post-transition metal perbromates	451	Post-transition metal oxoanionic compounds
727	CHEMONTID:0000727	Post-transition metal perchlorates	451	Post-transition metal oxoanionic compounds
728	CHEMONTID:0000728	Post-transition metal periodates	451	Post-transition metal oxoanionic compounds
729	CHEMONTID:0000729	Post-transition metal permanganates	451	Post-transition metal oxoanionic compounds
730	CHEMONTID:0000730	Post-transition metal peroxynitrates	451	Post-transition metal oxoanionic compounds
731	CHEMONTID:0000731	Post-transition metal peroxynitrites	451	Post-transition metal oxoanionic compounds
732	CHEMONTID:0000732	Post-transition metal perrhenates	451	Post-transition metal oxoanionic compounds
733	CHEMONTID:0000733	Post-transition metal pertechnetates	451	Post-transition metal oxoanionic compounds
734	CHEMONTID:0000734	Post-transition metal phosphites	451	Post-transition metal oxoanionic compounds
735	CHEMONTID:0000735	Post-transition metal phosphates	451	Post-transition metal oxoanionic compounds
736	CHEMONTID:0000736	Post-transition metal pyrophosphates	451	Post-transition metal oxoanionic compounds
737	CHEMONTID:0000737	Post-transition metal selenates	451	Post-transition metal oxoanionic compounds
738	CHEMONTID:0000738	Post-transition metal selenites	451	Post-transition metal oxoanionic compounds
739	CHEMONTID:0000739	Post-transition metal sulfates	451	Post-transition metal oxoanionic compounds
740	CHEMONTID:0000740	Post-transition metal sulfites	451	Post-transition metal oxoanionic compounds
741	CHEMONTID:0000741	Post-transition metal superoxides	451	Post-transition metal oxoanionic compounds
742	CHEMONTID:0000742	Phospholanes	2052	Metalloheterocyclic compounds
743	CHEMONTID:0000743	Post-transition metal peroxomonosulfates	451	Post-transition metal oxoanionic compounds
744	CHEMONTID:0000744	Post-transition metal peroxodisulfates	451	Post-transition metal oxoanionic compounds
745	CHEMONTID:0000745	Post-transition metal pyrosulfates	451	Post-transition metal oxoanionic compounds
746	CHEMONTID:0000746	Post-transition metal tetrathionates	451	Post-transition metal oxoanionic compounds
747	CHEMONTID:0000747	Post-transition metal thiosulfates	451	Post-transition metal oxoanionic compounds
748	CHEMONTID:0000748	Post-transition metal dithionites	451	Post-transition metal oxoanionic compounds
749	CHEMONTID:0000749	Post-transition metal hyposulfites	451	Post-transition metal oxoanionic compounds
750	CHEMONTID:0000750	Lanthanide bromates	447	Lanthanide oxoanionic compounds
751	CHEMONTID:0000751	Lanthanide chlorates	447	Lanthanide oxoanionic compounds
752	CHEMONTID:0000752	Lanthanide chlorites	447	Lanthanide oxoanionic compounds
753	CHEMONTID:0000753	Lanthanide chromates	447	Lanthanide oxoanionic compounds
754	CHEMONTID:0000754	Lanthanide chromites	447	Lanthanide oxoanionic compounds
755	CHEMONTID:0000755	Lanthanide cyanates	447	Lanthanide oxoanionic compounds
756	CHEMONTID:0000756	Imidazothiazoles	2	Organoheterocyclic compounds
757	CHEMONTID:0000757	Lanthanide hydroxides	447	Lanthanide oxoanionic compounds
758	CHEMONTID:0000758	Lanthanide hypobromites	447	Lanthanide oxoanionic compounds
759	CHEMONTID:0000759	Lanthanide hypochlorites	447	Lanthanide oxoanionic compounds
760	CHEMONTID:0000760	Lanthanide hyponitrites	447	Lanthanide oxoanionic compounds
761	CHEMONTID:0000761	Lanthanide hypophosphites	447	Lanthanide oxoanionic compounds
762	CHEMONTID:0000762	Lanthanide iodates	447	Lanthanide oxoanionic compounds
763	CHEMONTID:0000763	Lanthanide nitrites	447	Lanthanide oxoanionic compounds
764	CHEMONTID:0000764	Lanthanide nitrates	447	Lanthanide oxoanionic compounds
765	CHEMONTID:0000765	Lanthanide orthonitrates	447	Lanthanide oxoanionic compounds
766	CHEMONTID:0000766	Lanthanide perbromates	447	Lanthanide oxoanionic compounds
767	CHEMONTID:0000767	Lanthanide perchlorates	447	Lanthanide oxoanionic compounds
768	CHEMONTID:0000768	Lanthanide periodates	447	Lanthanide oxoanionic compounds
769	CHEMONTID:0000769	Lanthanide permanganates	447	Lanthanide oxoanionic compounds
770	CHEMONTID:0000770	Lanthanide peroxynitrates	447	Lanthanide oxoanionic compounds
771	CHEMONTID:0000771	Lanthanide peroxynitrites	447	Lanthanide oxoanionic compounds
772	CHEMONTID:0000772	Lanthanide perrhenates	447	Lanthanide oxoanionic compounds
773	CHEMONTID:0000773	Lanthanide pertechnetates	447	Lanthanide oxoanionic compounds
774	CHEMONTID:0000774	Lanthanide phosphites	447	Lanthanide oxoanionic compounds
775	CHEMONTID:0000775	Lanthanide phosphates	447	Lanthanide oxoanionic compounds
776	CHEMONTID:0000776	Lanthanide pyrophosphates	447	Lanthanide oxoanionic compounds
777	CHEMONTID:0000777	Lanthanide selenates	447	Lanthanide oxoanionic compounds
778	CHEMONTID:0000778	Lanthanide selenites	447	Lanthanide oxoanionic compounds
779	CHEMONTID:0000779	Lanthanide sulfates	447	Lanthanide oxoanionic compounds
780	CHEMONTID:0000780	Lanthanide sulfites	447	Lanthanide oxoanionic compounds
781	CHEMONTID:0000781	Lanthanide superoxides	447	Lanthanide oxoanionic compounds
782	CHEMONTID:0000782	Oxaphospholanes	2	Organoheterocyclic compounds
783	CHEMONTID:0000783	Lanthanide peroxomonosulfates	447	Lanthanide oxoanionic compounds
784	CHEMONTID:0000784	Lanthanide peroxodisulfates	447	Lanthanide oxoanionic compounds
785	CHEMONTID:0000785	Lanthanide pyrosulfates	447	Lanthanide oxoanionic compounds
786	CHEMONTID:0000786	Lanthanide tetrathionates	447	Lanthanide oxoanionic compounds
787	CHEMONTID:0000787	Lanthanide thiosulfates	447	Lanthanide oxoanionic compounds
788	CHEMONTID:0000788	Lanthanide dithionites	447	Lanthanide oxoanionic compounds
789	CHEMONTID:0000789	Lanthanide hyposulfites	447	Lanthanide oxoanionic compounds
790	CHEMONTID:0000790	Metalloid bromates	449	Metalloid oxoanionic compounds
791	CHEMONTID:0000791	Metalloid chlorates	449	Metalloid oxoanionic compounds
792	CHEMONTID:0000792	Metalloid chlorites	449	Metalloid oxoanionic compounds
793	CHEMONTID:0000793	Metalloid chromates	449	Metalloid oxoanionic compounds
794	CHEMONTID:0000794	Metalloid chromites	449	Metalloid oxoanionic compounds
795	CHEMONTID:0000795	Metalloid cyanates	449	Metalloid oxoanionic compounds
796	CHEMONTID:0000796	Imidazodithiazoles	2	Organoheterocyclic compounds
797	CHEMONTID:0000797	Metalloid hydroxides	449	Metalloid oxoanionic compounds
798	CHEMONTID:0000798	Metalloid hypobromites	449	Metalloid oxoanionic compounds
799	CHEMONTID:0000799	Metalloid hypochlorites	449	Metalloid oxoanionic compounds
800	CHEMONTID:0000800	Metalloid hyponitrites	449	Metalloid oxoanionic compounds
801	CHEMONTID:0000801	Metalloid hypophosphites	449	Metalloid oxoanionic compounds
802	CHEMONTID:0000802	Metalloid iodates	449	Metalloid oxoanionic compounds
803	CHEMONTID:0000803	Metalloid nitrites	449	Metalloid oxoanionic compounds
804	CHEMONTID:0000804	Metalloid nitrates	449	Metalloid oxoanionic compounds
805	CHEMONTID:0000805	Metalloid orthonitrates	449	Metalloid oxoanionic compounds
806	CHEMONTID:0000806	Metalloid perbromates	449	Metalloid oxoanionic compounds
807	CHEMONTID:0000807	Metalloid perchlorates	449	Metalloid oxoanionic compounds
808	CHEMONTID:0000808	Metalloid periodates	449	Metalloid oxoanionic compounds
809	CHEMONTID:0000809	Metalloid permanganates	449	Metalloid oxoanionic compounds
810	CHEMONTID:0000810	Metalloid peroxynitrates	449	Metalloid oxoanionic compounds
811	CHEMONTID:0000811	Metalloid peroxynitrites	449	Metalloid oxoanionic compounds
812	CHEMONTID:0000812	Metalloid perrhenates	449	Metalloid oxoanionic compounds
813	CHEMONTID:0000813	Metalloid pertechnetates	449	Metalloid oxoanionic compounds
814	CHEMONTID:0000814	Metalloid phosphites	449	Metalloid oxoanionic compounds
815	CHEMONTID:0000815	Metalloid phosphates	449	Metalloid oxoanionic compounds
816	CHEMONTID:0000816	Metalloid pyrophosphates	449	Metalloid oxoanionic compounds
817	CHEMONTID:0000817	Metalloid selenates	449	Metalloid oxoanionic compounds
818	CHEMONTID:0000818	Metalloid selenites	449	Metalloid oxoanionic compounds
819	CHEMONTID:0000819	Metalloid sulfates	449	Metalloid oxoanionic compounds
820	CHEMONTID:0000820	Metalloid sulfites	449	Metalloid oxoanionic compounds
821	CHEMONTID:0000821	Metalloid superoxides	449	Metalloid oxoanionic compounds
822	CHEMONTID:0000822	Dioxaphospholanes	2	Organoheterocyclic compounds
823	CHEMONTID:0000823	Metalloid peroxomonosulfates	449	Metalloid oxoanionic compounds
824	CHEMONTID:0000824	Metalloid peroxodisulfates	449	Metalloid oxoanionic compounds
825	CHEMONTID:0000825	Metalloid pyrosulfates	449	Metalloid oxoanionic compounds
826	CHEMONTID:0000826	Metalloid tetrathionates	449	Metalloid oxoanionic compounds
827	CHEMONTID:0000827	Metalloid thiosulfates	449	Metalloid oxoanionic compounds
828	CHEMONTID:0000828	Metalloid dithionites	449	Metalloid oxoanionic compounds
829	CHEMONTID:0000829	Metalloid hyposulfites	449	Metalloid oxoanionic compounds
830	CHEMONTID:0000830	Transition metal bromates	450	Transition metal oxoanionic compounds
831	CHEMONTID:0000831	Transition metal chlorates	450	Transition metal oxoanionic compounds
832	CHEMONTID:0000832	Transition metal chlorites	450	Transition metal oxoanionic compounds
833	CHEMONTID:0000833	Transition metal chromates	450	Transition metal oxoanionic compounds
834	CHEMONTID:0000834	Transition metal chromites	450	Transition metal oxoanionic compounds
835	CHEMONTID:0000835	Transition metal cyanates	450	Transition metal oxoanionic compounds
836	CHEMONTID:0000836	Imidazodithiazolethiones	796	Imidazodithiazoles
837	CHEMONTID:0000837	Transition metal hydroxides	450	Transition metal oxoanionic compounds
838	CHEMONTID:0000838	Transition metal hypobromites	450	Transition metal oxoanionic compounds
839	CHEMONTID:0000839	Transition metal hypochlorites	450	Transition metal oxoanionic compounds
840	CHEMONTID:0000840	Transition metal hyponitrites	450	Transition metal oxoanionic compounds
841	CHEMONTID:0000841	Transition metal hypophosphites	450	Transition metal oxoanionic compounds
842	CHEMONTID:0000842	Transition metal iodates	450	Transition metal oxoanionic compounds
843	CHEMONTID:0000843	Transition metal nitrates	450	Transition metal oxoanionic compounds
844	CHEMONTID:0000844	Transition metal orthonitrates	450	Transition metal oxoanionic compounds
845	CHEMONTID:0000845	Transition metal perbromates	450	Transition metal oxoanionic compounds
846	CHEMONTID:0000846	Transition metal perchlorates	450	Transition metal oxoanionic compounds
847	CHEMONTID:0000847	Transition metal periodates	450	Transition metal oxoanionic compounds
848	CHEMONTID:0000848	Transition metal permanganates	450	Transition metal oxoanionic compounds
849	CHEMONTID:0000849	Transition metal peroxynitrates	450	Transition metal oxoanionic compounds
850	CHEMONTID:0000850	Transition metal peroxynitrites	450	Transition metal oxoanionic compounds
851	CHEMONTID:0000851	Transition metal perrhenates	450	Transition metal oxoanionic compounds
852	CHEMONTID:0000852	Transition metal pertechnetates	450	Transition metal oxoanionic compounds
853	CHEMONTID:0000853	Transition metal phosphites	450	Transition metal oxoanionic compounds
854	CHEMONTID:0000854	Transition metal phosphates	450	Transition metal oxoanionic compounds
855	CHEMONTID:0000855	Transition metal pyrophosphates	450	Transition metal oxoanionic compounds
856	CHEMONTID:0000856	Transition metal selenates	450	Transition metal oxoanionic compounds
857	CHEMONTID:0000857	Transition metal selenites	450	Transition metal oxoanionic compounds
858	CHEMONTID:0000858	Transition metal sulfates	450	Transition metal oxoanionic compounds
859	CHEMONTID:0000859	Transition metal sulfites	450	Transition metal oxoanionic compounds
860	CHEMONTID:0000860	Transition metal superoxides	450	Transition metal oxoanionic compounds
861	CHEMONTID:0000861	Phospholes	2052	Metalloheterocyclic compounds
862	CHEMONTID:0000862	Transition metal peroxomonosulfates	450	Transition metal oxoanionic compounds
863	CHEMONTID:0000863	Transition metal peroxodisulfates	450	Transition metal oxoanionic compounds
864	CHEMONTID:0000864	Transition metal pyrosulfates	450	Transition metal oxoanionic compounds
865	CHEMONTID:0000865	Transition metal tetrathionates	450	Transition metal oxoanionic compounds
866	CHEMONTID:0000866	Transition metal thiosulfates	450	Transition metal oxoanionic compounds
867	CHEMONTID:0000867	Transition metal dithionites	450	Transition metal oxoanionic compounds
868	CHEMONTID:0000868	Transition metal hyposulfites	450	Transition metal oxoanionic compounds
869	CHEMONTID:0000869	Actinide aluminates	448	Actinide oxoanionic compounds
870	CHEMONTID:0000870	Actinide antimonates	448	Actinide oxoanionic compounds
871	CHEMONTID:0000871	Actinide antimonites	448	Actinide oxoanionic compounds
872	CHEMONTID:0000872	Actinide arsenates	448	Actinide oxoanionic compounds
873	CHEMONTID:0000873	Actinide arsenites	448	Actinide oxoanionic compounds
874	CHEMONTID:0000874	Actinide bisulfites	448	Actinide oxoanionic compounds
875	CHEMONTID:0000875	Actinide borates	448	Actinide oxoanionic compounds
876	CHEMONTID:0000876	Actinide ferrates	448	Actinide oxoanionic compounds
877	CHEMONTID:0000877	Actinide manganates	448	Actinide oxoanionic compounds
878	CHEMONTID:0000878	Actinide molybdates	448	Actinide oxoanionic compounds
879	CHEMONTID:0000879	Actinide plumbates	448	Actinide oxoanionic compounds
880	CHEMONTID:0000880	Actinide plumbites	448	Actinide oxoanionic compounds
881	CHEMONTID:0000881	Actinide silicates	448	Actinide oxoanionic compounds
882	CHEMONTID:0000882	Actinide stannates	448	Actinide oxoanionic compounds
883	CHEMONTID:0000883	Actinide stannites	448	Actinide oxoanionic compounds
884	CHEMONTID:0000884	Actinide tellurates	448	Actinide oxoanionic compounds
885	CHEMONTID:0000885	Actinide tellurites	448	Actinide oxoanionic compounds
886	CHEMONTID:0000886	Actinide tetrahydroxyborates	448	Actinide oxoanionic compounds
887	CHEMONTID:0000887	Actinide tungstates	448	Actinide oxoanionic compounds
888	CHEMONTID:0000888	Actinide orthovanadates	448	Actinide oxoanionic compounds
889	CHEMONTID:0000889	Alkali metal aluminates	445	Alkali metal oxoanionic compounds
890	CHEMONTID:0000890	Alkali metal antimonates	445	Alkali metal oxoanionic compounds
891	CHEMONTID:0000891	Alkali metal antimonites	445	Alkali metal oxoanionic compounds
892	CHEMONTID:0000892	Alkali metal arsenates	445	Alkali metal oxoanionic compounds
893	CHEMONTID:0000893	Alkali metal arsenites	445	Alkali metal oxoanionic compounds
894	CHEMONTID:0000894	Alkali metal bisulfites	445	Alkali metal oxoanionic compounds
895	CHEMONTID:0000895	Alkali metal borates	445	Alkali metal oxoanionic compounds
896	CHEMONTID:0000896	Alkali metal ferrates	445	Alkali metal oxoanionic compounds
897	CHEMONTID:0000897	Alkali metal manganates	445	Alkali metal oxoanionic compounds
898	CHEMONTID:0000898	Alkali metal molybdates	445	Alkali metal oxoanionic compounds
899	CHEMONTID:0000899	Alkali metal plumbates	445	Alkali metal oxoanionic compounds
900	CHEMONTID:0000900	Alkali metal plumbites	445	Alkali metal oxoanionic compounds
901	CHEMONTID:0000901	Alkali metal silicates	445	Alkali metal oxoanionic compounds
902	CHEMONTID:0000902	Alkali metal stannates	445	Alkali metal oxoanionic compounds
903	CHEMONTID:0000903	Alkali metal stannites	445	Alkali metal oxoanionic compounds
904	CHEMONTID:0000904	Alkali metal tellurates	445	Alkali metal oxoanionic compounds
905	CHEMONTID:0000905	Alkali metal tellurites	445	Alkali metal oxoanionic compounds
906	CHEMONTID:0000906	Alkali metal tetrahydroxyborates	445	Alkali metal oxoanionic compounds
907	CHEMONTID:0000907	Alkali metal tungstates	445	Alkali metal oxoanionic compounds
908	CHEMONTID:0000908	Alkali metal orthovanadates	445	Alkali metal oxoanionic compounds
909	CHEMONTID:0000909	Alkaline earth metal aluminates	446	Alkaline earth metal oxoanionic compounds
910	CHEMONTID:0000910	Alkaline earth metal antimonates	446	Alkaline earth metal oxoanionic compounds
911	CHEMONTID:0000911	Alkaline earth metal antimonites	446	Alkaline earth metal oxoanionic compounds
912	CHEMONTID:0000912	Alkaline earth metal arsenates	446	Alkaline earth metal oxoanionic compounds
913	CHEMONTID:0000913	Alkaline earth metal arsenites	446	Alkaline earth metal oxoanionic compounds
914	CHEMONTID:0000914	Alkaline earth metal bisulfites	446	Alkaline earth metal oxoanionic compounds
915	CHEMONTID:0000915	Alkaline earth metal borates	446	Alkaline earth metal oxoanionic compounds
916	CHEMONTID:0000916	Alkaline earth metal ferrates	446	Alkaline earth metal oxoanionic compounds
917	CHEMONTID:0000917	Alkaline earth metal manganates	446	Alkaline earth metal oxoanionic compounds
918	CHEMONTID:0000918	Alkaline earth metal molybdates	446	Alkaline earth metal oxoanionic compounds
919	CHEMONTID:0000919	Alkaline earth metal plumbates	446	Alkaline earth metal oxoanionic compounds
920	CHEMONTID:0000920	Alkaline earth metal plumbites	446	Alkaline earth metal oxoanionic compounds
921	CHEMONTID:0000921	Alkaline earth metal silicates	446	Alkaline earth metal oxoanionic compounds
922	CHEMONTID:0000922	Alkaline earth metal stannates	446	Alkaline earth metal oxoanionic compounds
923	CHEMONTID:0000923	Alkaline earth metal stannites	446	Alkaline earth metal oxoanionic compounds
924	CHEMONTID:0000924	Alkaline earth metal tellurates	446	Alkaline earth metal oxoanionic compounds
925	CHEMONTID:0000925	Alkaline earth metal tellurites	446	Alkaline earth metal oxoanionic compounds
926	CHEMONTID:0000926	Alkaline earth metal tetrahydroxyborates	446	Alkaline earth metal oxoanionic compounds
927	CHEMONTID:0000927	Alkaline earth metal tungstates	446	Alkaline earth metal oxoanionic compounds
928	CHEMONTID:0000928	Alkaline earth metal orthovanadates	446	Alkaline earth metal oxoanionic compounds
929	CHEMONTID:0000929	Post-transition metal aluminates	451	Post-transition metal oxoanionic compounds
930	CHEMONTID:0000930	Post-transition metal antimonates	451	Post-transition metal oxoanionic compounds
931	CHEMONTID:0000931	Post-transition metal antimonites	451	Post-transition metal oxoanionic compounds
932	CHEMONTID:0000932	Post-transition metal arsenates	451	Post-transition metal oxoanionic compounds
933	CHEMONTID:0000933	Post-transition metal arsenites	451	Post-transition metal oxoanionic compounds
934	CHEMONTID:0000934	Post-transition metal bisulfites	451	Post-transition metal oxoanionic compounds
935	CHEMONTID:0000935	Post-transition metal borates	451	Post-transition metal oxoanionic compounds
936	CHEMONTID:0000936	Post-transition metal ferrates	451	Post-transition metal oxoanionic compounds
937	CHEMONTID:0000937	Post-transition metal manganates	451	Post-transition metal oxoanionic compounds
938	CHEMONTID:0000938	Post-transition metal molybdates	451	Post-transition metal oxoanionic compounds
939	CHEMONTID:0000939	Post-transition metal plumbates	451	Post-transition metal oxoanionic compounds
940	CHEMONTID:0000940	Post-transition metal plumbites	451	Post-transition metal oxoanionic compounds
941	CHEMONTID:0000941	Post-transition metal silicates	451	Post-transition metal oxoanionic compounds
942	CHEMONTID:0000942	Post-transition metal stannates	451	Post-transition metal oxoanionic compounds
943	CHEMONTID:0000943	Post-transition metal stannites	451	Post-transition metal oxoanionic compounds
944	CHEMONTID:0000944	Post-transition metal tellurates	451	Post-transition metal oxoanionic compounds
945	CHEMONTID:0000945	Post-transition metal tellurites	451	Post-transition metal oxoanionic compounds
946	CHEMONTID:0000946	Post-transition metal tetrahydroxyborates	451	Post-transition metal oxoanionic compounds
947	CHEMONTID:0000947	Post-transition metal tungstates	451	Post-transition metal oxoanionic compounds
948	CHEMONTID:0000948	Post-transition metal orthovanadates	451	Post-transition metal oxoanionic compounds
949	CHEMONTID:0000949	Lanthanide aluminates	447	Lanthanide oxoanionic compounds
950	CHEMONTID:0000950	Lanthanide antimonates	447	Lanthanide oxoanionic compounds
951	CHEMONTID:0000951	Lanthanide antimonites	447	Lanthanide oxoanionic compounds
952	CHEMONTID:0000952	Lanthanide arsenates	447	Lanthanide oxoanionic compounds
953	CHEMONTID:0000953	Lanthanide arsenites	447	Lanthanide oxoanionic compounds
954	CHEMONTID:0000954	Lanthanide bisulfites	447	Lanthanide oxoanionic compounds
955	CHEMONTID:0000955	Lanthanide borates	447	Lanthanide oxoanionic compounds
956	CHEMONTID:0000956	Lanthanide ferrates	447	Lanthanide oxoanionic compounds
957	CHEMONTID:0000957	Lanthanide manganates	447	Lanthanide oxoanionic compounds
958	CHEMONTID:0000958	Lanthanide molybdates	447	Lanthanide oxoanionic compounds
959	CHEMONTID:0000959	Lanthanide plumbates	447	Lanthanide oxoanionic compounds
960	CHEMONTID:0000960	Lanthanide plumbites	447	Lanthanide oxoanionic compounds
961	CHEMONTID:0000961	Lanthanide silicates	447	Lanthanide oxoanionic compounds
962	CHEMONTID:0000962	Lanthanide stannates	447	Lanthanide oxoanionic compounds
963	CHEMONTID:0000963	Lanthanide stannites	447	Lanthanide oxoanionic compounds
964	CHEMONTID:0000964	Lanthanide tellurates	447	Lanthanide oxoanionic compounds
965	CHEMONTID:0000965	Lanthanide tellurites	447	Lanthanide oxoanionic compounds
966	CHEMONTID:0000966	Lanthanide tetrahydroxyborates	447	Lanthanide oxoanionic compounds
967	CHEMONTID:0000967	Lanthanide tungstates	447	Lanthanide oxoanionic compounds
968	CHEMONTID:0000968	Lanthanide orthovanadates	447	Lanthanide oxoanionic compounds
969	CHEMONTID:0000969	Metalloid aluminates	449	Metalloid oxoanionic compounds
970	CHEMONTID:0000970	Metalloid antimonates	449	Metalloid oxoanionic compounds
971	CHEMONTID:0000971	Metalloid antimonites	449	Metalloid oxoanionic compounds
972	CHEMONTID:0000972	Metalloid arsenates	449	Metalloid oxoanionic compounds
973	CHEMONTID:0000973	Metalloid arsenites	449	Metalloid oxoanionic compounds
974	CHEMONTID:0000974	Metalloid bisulfites	449	Metalloid oxoanionic compounds
975	CHEMONTID:0000975	Metalloid borates	449	Metalloid oxoanionic compounds
976	CHEMONTID:0000976	Metalloid ferrates	449	Metalloid oxoanionic compounds
977	CHEMONTID:0000977	Metalloid manganates	449	Metalloid oxoanionic compounds
978	CHEMONTID:0000978	Metalloid molybdates	449	Metalloid oxoanionic compounds
979	CHEMONTID:0000979	Metalloid plumbates	449	Metalloid oxoanionic compounds
980	CHEMONTID:0000980	Metalloid silicates	449	Metalloid oxoanionic compounds
981	CHEMONTID:0000981	Metalloid stannates	449	Metalloid oxoanionic compounds
982	CHEMONTID:0000982	Metalloid stannites	449	Metalloid oxoanionic compounds
983	CHEMONTID:0000983	Metalloid tellurates	449	Metalloid oxoanionic compounds
984	CHEMONTID:0000984	Metalloid tellurites	449	Metalloid oxoanionic compounds
985	CHEMONTID:0000985	Metalloid tetrahydroxyborates	449	Metalloid oxoanionic compounds
986	CHEMONTID:0000986	Metalloid tungstates	449	Metalloid oxoanionic compounds
987	CHEMONTID:0000987	Metalloid orthovanadates	449	Metalloid oxoanionic compounds
988	CHEMONTID:0000988	Transition metal aluminates	450	Transition metal oxoanionic compounds
989	CHEMONTID:0000989	Transition metal antimonates	450	Transition metal oxoanionic compounds
990	CHEMONTID:0000990	Transition metal antimonites	450	Transition metal oxoanionic compounds
991	CHEMONTID:0000991	Transition metal arsenates	450	Transition metal oxoanionic compounds
992	CHEMONTID:0000992	Transition metal arsenites	450	Transition metal oxoanionic compounds
993	CHEMONTID:0000993	Transition metal bisulfites	450	Transition metal oxoanionic compounds
994	CHEMONTID:0000994	Transition metal borates	450	Transition metal oxoanionic compounds
995	CHEMONTID:0000995	Transition metal manganates	450	Transition metal oxoanionic compounds
996	CHEMONTID:0000996	Transition metal molybdates	450	Transition metal oxoanionic compounds
997	CHEMONTID:0000997	Transition metal plumbates	450	Transition metal oxoanionic compounds
998	CHEMONTID:0000998	Transition metal plumbites	450	Transition metal oxoanionic compounds
999	CHEMONTID:0000999	Transition metal silicates	450	Transition metal oxoanionic compounds
1000	CHEMONTID:0001000	Transition metal stannates	450	Transition metal oxoanionic compounds
1001	CHEMONTID:0001001	Transition metal stannites	450	Transition metal oxoanionic compounds
1002	CHEMONTID:0001002	Transition metal tellurates	450	Transition metal oxoanionic compounds
1003	CHEMONTID:0001003	Transition metal tellurites	450	Transition metal oxoanionic compounds
1004	CHEMONTID:0001004	Transition metal tetrahydroxyborates	450	Transition metal oxoanionic compounds
1005	CHEMONTID:0001005	Transition metal tungstates	450	Transition metal oxoanionic compounds
1006	CHEMONTID:0001006	Transition metal orthovanadates	450	Transition metal oxoanionic compounds
1007	CHEMONTID:0001007	Lipoxins	46	Hydroxyeicosatetraenoic acids
1008	CHEMONTID:0001008	Dibenzazecins	2	Organoheterocyclic compounds
1009	CHEMONTID:0001009	Enol ethers	254	Ethers
1010	CHEMONTID:0001010	Oxime ethers	411	Oximes
1011	CHEMONTID:0001011	Hydroperoxyeicosapentaenoic acids	513	Eicosanoids
1012	CHEMONTID:0001012	Cholines	503	Quaternary ammonium salts
1013	CHEMONTID:0001013	Steroidal glycosides	258	Steroids and steroid derivatives
1014	CHEMONTID:0001014	Glycinamide ribonucleotides	289	Nucleosides, nucleotides, and analogues
1015	CHEMONTID:0001015	Epoxyeicosatrienoic acids	513	Eicosanoids
1016	CHEMONTID:0001016	Cycloalkanes	4474	Saturated hydrocarbons
1017	CHEMONTID:0001017	Acyl bromides	2865	Acyl halides
1018	CHEMONTID:0001018	Inorganic cyanides	1568	Miscellaneous inorganic compounds
1019	CHEMONTID:0001019	Alkadienes	2839	Acyclic olefins
1020	CHEMONTID:0001020	Hepoxilins	513	Eicosanoids
1021	CHEMONTID:0001021	Clavulones and derivatives	513	Eicosanoids
1022	CHEMONTID:0001022	Acyl chlorides	2865	Acyl halides
1023	CHEMONTID:0001023	Acyl fluorides	2865	Acyl halides
1024	CHEMONTID:0001024	Acyl iodides	2865	Acyl halides
1025	CHEMONTID:0001025	Alkyl bromides	2867	Alkyl halides
1026	CHEMONTID:0001026	Alkyl chlorides	2867	Alkyl halides
1027	CHEMONTID:0001027	Alkyl fluorides	2867	Alkyl halides
1028	CHEMONTID:0001028	Alkyl iodides	2867	Alkyl halides
1029	CHEMONTID:0001029	Aryl bromides	2866	Aryl halides
1030	CHEMONTID:0001030	Aryl chlorides	2866	Aryl halides
1031	CHEMONTID:0001031	Aryl fluorides	2866	Aryl halides
1032	CHEMONTID:0001032	Aryl iodides	2866	Aryl halides
1033	CHEMONTID:0001033	Imidoyl bromides	2870	Imidoyl halides
1034	CHEMONTID:0001034	Imidoyl chlorides	2870	Imidoyl halides
1035	CHEMONTID:0001035	Imidoyl fluorides	2870	Imidoyl halides
1036	CHEMONTID:0001036	Imidoyl iodides	2870	Imidoyl halides
1037	CHEMONTID:0001037	Organic sulfuryl bromides	2869	Organic sulfuryl halides
1038	CHEMONTID:0001038	Organic sulfuryl chlorides	2869	Organic sulfuryl halides
1039	CHEMONTID:0001039	Organic sulfuryl fluorides	2869	Organic sulfuryl halides
1040	CHEMONTID:0001040	Organic sulfuryl iodides	2869	Organic sulfuryl halides
1041	CHEMONTID:0001041	Sulfonyl bromides	506	Sulfonyl halides
1042	CHEMONTID:0001042	Sulfonyl chlorides	506	Sulfonyl halides
1043	CHEMONTID:0001043	Sulfonyl fluorides	506	Sulfonyl halides
1044	CHEMONTID:0001044	Sulfonyl iodides	506	Sulfonyl halides
1045	CHEMONTID:0001045	Carboxamidines	7	Amidines
1046	CHEMONTID:0001046	Sulfinamidines	7	Amidines
1047	CHEMONTID:0001047	Phosphinamidines	7	Amidines
1048	CHEMONTID:0001048	Non-metal bromates	435	Non-metal oxoanionic compounds
1049	CHEMONTID:0001049	Non-metal chlorates	435	Non-metal oxoanionic compounds
1050	CHEMONTID:0001050	Non-metal chlorites	435	Non-metal oxoanionic compounds
1051	CHEMONTID:0001051	Non-metal chromates	435	Non-metal oxoanionic compounds
1052	CHEMONTID:0001052	Non-metal chromites	435	Non-metal oxoanionic compounds
1053	CHEMONTID:0001053	Non-metal cyanates	435	Non-metal oxoanionic compounds
1054	CHEMONTID:0001054	Phenyldithiazoles	1128	Dithiazolethiones
1055	CHEMONTID:0001055	Non-metal hydroxides	435	Non-metal oxoanionic compounds
1056	CHEMONTID:0001056	Non-metal hypobromites	435	Non-metal oxoanionic compounds
1057	CHEMONTID:0001057	Non-metal hypochlorites	435	Non-metal oxoanionic compounds
1058	CHEMONTID:0001058	Non-metal hyponitrites	435	Non-metal oxoanionic compounds
1059	CHEMONTID:0001059	Non-metal hypophosphites	435	Non-metal oxoanionic compounds
1060	CHEMONTID:0001060	Non-metal iodates	435	Non-metal oxoanionic compounds
1061	CHEMONTID:0001061	Non-metal nitrites	435	Non-metal oxoanionic compounds
1062	CHEMONTID:0001062	Non-metal nitrates	435	Non-metal oxoanionic compounds
1063	CHEMONTID:0001063	Non-metal orthonitrates	435	Non-metal oxoanionic compounds
1064	CHEMONTID:0001064	Non-metal perbromates	435	Non-metal oxoanionic compounds
1065	CHEMONTID:0001065	Non-metal perchlorates	435	Non-metal oxoanionic compounds
1066	CHEMONTID:0001066	Non-metal periodates	435	Non-metal oxoanionic compounds
1067	CHEMONTID:0001067	Non-metal permanganates	1442	Other mixed metal/non-metal oxoanionic compounds
1068	CHEMONTID:0001068	Non-metal peroxynitrates	435	Non-metal oxoanionic compounds
1069	CHEMONTID:0001069	Non-metal peroxynitrites	435	Non-metal oxoanionic compounds
1070	CHEMONTID:0001070	Non-metal perrhenates	1442	Other mixed metal/non-metal oxoanionic compounds
1071	CHEMONTID:0001071	Non-metal pertechnetates	1442	Other mixed metal/non-metal oxoanionic compounds
1072	CHEMONTID:0001072	Non-metal phosphites	435	Non-metal oxoanionic compounds
1073	CHEMONTID:0001073	Non-metal phosphates	435	Non-metal oxoanionic compounds
1074	CHEMONTID:0001074	Non-metal pyrophosphates	435	Non-metal oxoanionic compounds
1075	CHEMONTID:0001075	Non-metal selenates	1442	Other mixed metal/non-metal oxoanionic compounds
1076	CHEMONTID:0001076	Non-metal selenites	1442	Other mixed metal/non-metal oxoanionic compounds
1077	CHEMONTID:0001077	Non-metal sulfates	435	Non-metal oxoanionic compounds
1078	CHEMONTID:0001078	Non-metal sulfites	435	Non-metal oxoanionic compounds
1079	CHEMONTID:0001079	Non-metal superoxides	435	Non-metal oxoanionic compounds
1080	CHEMONTID:0001080	Tetrazolines	2490	Azolines
1081	CHEMONTID:0001081	Non-metal peroxomonosulfates	435	Non-metal oxoanionic compounds
1082	CHEMONTID:0001082	Non-metal peroxodisulfates	435	Non-metal oxoanionic compounds
1083	CHEMONTID:0001083	Non-metal pyrosulfates	435	Non-metal oxoanionic compounds
1084	CHEMONTID:0001084	Non-metal tetrathionates	435	Non-metal oxoanionic compounds
1085	CHEMONTID:0001085	Non-metal thiosulfates	435	Non-metal oxoanionic compounds
1086	CHEMONTID:0001086	Non-metal dithionites	435	Non-metal oxoanionic compounds
1087	CHEMONTID:0001087	Non-metal hyposulfites	435	Non-metal oxoanionic compounds
1088	CHEMONTID:0001088	Hemiaminals	2460	Alkanolamines
1089	CHEMONTID:0001089	Gal- (Gala series)	1419	Neutral glycosphingolipids
1090	CHEMONTID:0001090	Acyl CoAs	3327	Fatty acyl thioesters
1091	CHEMONTID:0001091	Toluenes	2279	Benzene and substituted derivatives
1092	CHEMONTID:0001092	Hemiacetals	254	Ethers
1093	CHEMONTID:0001093	Carboxylic acid derivatives	265	Carboxylic acids and derivatives
1094	CHEMONTID:0001094	Imidothioesters	4	Organosulfur compounds
1095	CHEMONTID:0001095	Acyl carnitines	324	Fatty acid esters
1096	CHEMONTID:0001096	N-acyl amines	331	Fatty amides
1097	CHEMONTID:0001097	Benzyloxycarbonyls	2279	Benzene and substituted derivatives
1098	CHEMONTID:0001098	Bromobenzenes	35	Halobenzenes
1099	CHEMONTID:0001099	Chlorobenzenes	35	Halobenzenes
1100	CHEMONTID:0001100	Fluorobenzenes	35	Halobenzenes
1101	CHEMONTID:0001101	Iodobenzenes	35	Halobenzenes
1102	CHEMONTID:0001102	Acyl homoserine lactones	331	Fatty amides
1103	CHEMONTID:0001103	Endocannabinoids	12	Lipids and lipid-like molecules
1104	CHEMONTID:0001104	Trihydroxy bile acids, alcohols and derivatives	2194	Hydroxy bile acids, alcohols and derivatives
1105	CHEMONTID:0001105	Phthalic acid and derivatives	176	Benzoic acids and derivatives
1106	CHEMONTID:0001106	M-phthalic acid and derivatives	1105	Phthalic acid and derivatives
1107	CHEMONTID:0001107	O-phthalic acid and derivatives	1105	Phthalic acid and derivatives
1108	CHEMONTID:0001108	P-phthalic acid and derivatives	1105	Phthalic acid and derivatives
1109	CHEMONTID:0001109	Phthalic anhydrides	1578	Benzofuranones
1110	CHEMONTID:0001110	Tetrahydroxy bile acids, alcohols and derivatives	2194	Hydroxy bile acids, alcohols and derivatives
1111	CHEMONTID:0001111	Flavonoid glycosides	334	Flavonoids
1112	CHEMONTID:0001112	Thiocarboxylic acids and derivatives	264	Organic acids and derivatives
1113	CHEMONTID:0001113	Alpha-keto acids and derivatives	389	Keto acids and derivatives
1114	CHEMONTID:0001114	Beta-keto acids and derivatives	389	Keto acids and derivatives
1115	CHEMONTID:0001115	Gamma-keto acids and derivatives	389	Keto acids and derivatives
1116	CHEMONTID:0001116	Lipoic acids and derivatives	484	Dithiolanes
1117	CHEMONTID:0001117	Polyprenyl phospho carbohydrates	1535	Polyprenols
1118	CHEMONTID:0001118	Gamma-amino ketones	118	Ketones
1119	CHEMONTID:0001119	Sulfonyl-1,2,3-triazoles	99	Triazoles
1120	CHEMONTID:0001120	Sulfonyl-1,2,4-triazoles	99	Triazoles
1121	CHEMONTID:0001121	N-sulfonyl-1,2,3-triazoles	1119	Sulfonyl-1,2,3-triazoles
1122	CHEMONTID:0001122	Thiobarbituric acid derivatives	291	Pyrimidones
1123	CHEMONTID:0001123	Triazolopyridinones	314	Triazolopyridines
1124	CHEMONTID:0001124	Glycinated bile acids and derivatives	1445	Bile acids, alcohols and derivatives
1125	CHEMONTID:0001125	Steroid lactones	258	Steroids and steroid derivatives
1126	CHEMONTID:0001126	2,3-diphenylfurans	3491	Diphenylfurans
1127	CHEMONTID:0001127	Acyclic monoterpenoids	1549	Monoterpenoids
1128	CHEMONTID:0001128	Dithiazolethiones	148	Dithiazoles
1129	CHEMONTID:0001129	Diacylglycerols	3809	Diradylglycerols
1130	CHEMONTID:0001130	1,2,4-dithiazole-3-thiones	1128	Dithiazolethiones
1131	CHEMONTID:0001131	Sphingomyelins	3392	Phosphosphingolipids
1132	CHEMONTID:0001132	Pyrimidodiazepines	2	Organoheterocyclic compounds
1133	CHEMONTID:0001133	Monoacylglycerols	3808	Monoradylglycerols
1134	CHEMONTID:0001134	Thionucleosides	3737	Nucleoside and nucleotide analogues
1135	CHEMONTID:0001135	Triacylglycerols	3815	Triradylcglycerols
1136	CHEMONTID:0001136	Flavonols	1615	Flavones
1137	CHEMONTID:0001137	Monocarboxylic acids and derivatives	265	Carboxylic acids and derivatives
1138	CHEMONTID:0001138	Leucoanthocyanidins	337	Flavans
1139	CHEMONTID:0001139	Phosphatidylinositol phosphates	2220	Glycerophosphoinositol phosphates
1140	CHEMONTID:0001140	Harmala alkaloids	279	Alkaloids and derivatives
1141	CHEMONTID:0001141	Sulfonylanilines	284	Aniline and substituted anilines
1142	CHEMONTID:0001142	Chrysenes	25	Phenanthrenes and derivatives
1143	CHEMONTID:0001143	Coenzyme A and derivatives	2209	Purine ribonucleoside 3',5'-bisphosphates
1144	CHEMONTID:0001144	Fluoroquinolones	56	Quinolones and derivatives
1145	CHEMONTID:0001145	N-acylethanolamines	1897	1,2-aminoalcohols
1146	CHEMONTID:0001146	Indolines	211	Indoles and derivatives
1147	CHEMONTID:0001147	Sphaeroane diterpenoids	1551	Diterpenoids
1148	CHEMONTID:0001148	Amino sugars	3305	Aminosaccharides
1149	CHEMONTID:0001149	Imidazolidinones	250	Imidazolidines
1150	CHEMONTID:0001150	Imidazolidinediones	1149	Imidazolidinones
1151	CHEMONTID:0001151	Indanones	27	Indanes
1152	CHEMONTID:0001152	Organic nitro compounds	3631	Allyl-type 1,3-dipolar organic compounds
1153	CHEMONTID:0001153	Organic plumbates	463	Organic oxoanionic compounds
1154	CHEMONTID:0001154	Lipoamides	484	Dithiolanes
1155	CHEMONTID:0001155	Nitroquinolines and derivatives	1253	Quinolines and derivatives
1156	CHEMONTID:0001156	Phenylaziridines	103	Aziridines
1157	CHEMONTID:0001157	Sulfonyls	4	Organosulfur compounds
1158	CHEMONTID:0001158	Pyrrolidones	218	Pyrrolidines
1159	CHEMONTID:0001159	Taurinated bile acids and derivatives	1445	Bile acids, alcohols and derivatives
1160	CHEMONTID:0001160	Pyridinones	2224	Hydropyridines
1161	CHEMONTID:0001161	Thiosulfinic acid esters	264	Organic acids and derivatives
1162	CHEMONTID:0001162	Carbamate esters	318	Carbamic acids and derivatives
1163	CHEMONTID:0001163	Organic thiophosphonic acid derivatives	264	Organic acids and derivatives
1164	CHEMONTID:0001164	Amidrazones	475	Carboxylic acid amides
1165	CHEMONTID:0001165	Carboxylic acid hydrazides	1093	Carboxylic acid derivatives
1166	CHEMONTID:0001166	Carboxylic acid salts	1093	Carboxylic acid derivatives
1167	CHEMONTID:0001167	Dialkyl ethers	254	Ethers
1168	CHEMONTID:0001168	Ketene acetals	323	Organooxygen compounds
1169	CHEMONTID:0001169	Phosphonic acid esters	419	Organic phosphonic acids and derivatives
1170	CHEMONTID:0001170	Epoxide amino acids and derivatives	1366	Sugar amino acids and derivatives
1171	CHEMONTID:0001171	Steroidal acyl CoAs	1090	Acyl CoAs
1172	CHEMONTID:0001172	Organosulfenic acid amides	268	Organosulfenic acids and derivatives
1173	CHEMONTID:0001173	Sulfenic acid esters	268	Organosulfenic acids and derivatives
1174	CHEMONTID:0001174	Organosulfenic acid halides	268	Organosulfenic acids and derivatives
1175	CHEMONTID:0001175	Sulfinic acid amides	269	Sulfinic acids and derivatives
1176	CHEMONTID:0001176	Sulfinic acid esters	269	Sulfinic acids and derivatives
1177	CHEMONTID:0001177	Sulfinic acid halides	269	Sulfinic acids and derivatives
1178	CHEMONTID:0001178	Organosulfonic acid esters	270	Organosulfonic acids and derivatives
1179	CHEMONTID:0001179	Organosulfonic acids	270	Organosulfonic acids and derivatives
1180	CHEMONTID:0001180	Organic sulfuric acids	403	Organic sulfuric acids and derivatives
1181	CHEMONTID:0001181	Sulfuric acid monoamides	403	Organic sulfuric acids and derivatives
1182	CHEMONTID:0001182	Corroles	1455	Tetrapyrroles and derivatives
1183	CHEMONTID:0001183	Sulfuric acid diamides	403	Organic sulfuric acids and derivatives
1184	CHEMONTID:0001184	Sulfuric acid diesters	3455	Sulfuric acid esters
1185	CHEMONTID:0001185	Sulfuric acid monoesters	3455	Sulfuric acid esters
1186	CHEMONTID:0001186	Sulfuric acid amide esters	403	Organic sulfuric acids and derivatives
1187	CHEMONTID:0001187	Thioacetals	4	Organosulfur compounds
1188	CHEMONTID:0001188	Thioaldehydes	1198	Thiocarbonyl compounds
1189	CHEMONTID:0001189	N-acyl-alpha amino acids and derivatives	60	Alpha amino acids and derivatives
1190	CHEMONTID:0001190	Thiocarbamic acid esters	1368	Thiocarbamic acid derivatives
1191	CHEMONTID:0001191	Thiocarbamic acid halides	1368	Thiocarbamic acid derivatives
1192	CHEMONTID:0001192	Carbamic acid halides	318	Carbamic acids and derivatives
1193	CHEMONTID:0001193	Organic thiocarbonic acids	1672	Organic thiocarbonic acid derivatives
1194	CHEMONTID:0001194	Oxosteroids	258	Steroids and steroid derivatives
1195	CHEMONTID:0001195	Thiocarbonic acid ester halides	1672	Organic thiocarbonic acid derivatives
1196	CHEMONTID:0001196	Thiocarbonic acid monoesters	1672	Organic thiocarbonic acid derivatives
1197	CHEMONTID:0001197	Thiocarbonic acid diesters	1672	Organic thiocarbonic acid derivatives
1198	CHEMONTID:0001198	Thiocarbonyl compounds	4	Organosulfur compounds
1199	CHEMONTID:0001199	Thiocarboxylic acids	1112	Thiocarboxylic acids and derivatives
1200	CHEMONTID:0001200	Thioesters	1112	Thiocarboxylic acids and derivatives
1201	CHEMONTID:0001201	Thiocyanates	4	Organosulfur compounds
1202	CHEMONTID:0001202	Thioethers	4	Organosulfur compounds
1203	CHEMONTID:0001203	Phenyldithiazolethiones	1054	Phenyldithiazoles
1204	CHEMONTID:0001204	Organic phosphoramides	402	Organic phosphoric acids and derivatives
1205	CHEMONTID:0001205	Carboxylic acids	265	Carboxylic acids and derivatives
1206	CHEMONTID:0001206	Organic phosphoric acid halides	402	Organic phosphoric acids and derivatives
1207	CHEMONTID:0001207	Thiosemicarbazides	112	Hydrazines and derivatives
1208	CHEMONTID:0001208	Thiosemicarbazones	1207	Thiosemicarbazides
1209	CHEMONTID:0001209	Thioureas	4	Organosulfur compounds
1210	CHEMONTID:0001210	Ynamines	2449	Amines
1211	CHEMONTID:0001211	Dihydropyranones	481	Pyranones and derivatives
1212	CHEMONTID:0001212	Alkylthiols	2485	Thiols
1213	CHEMONTID:0001213	Pyridoindoles	211	Indoles and derivatives
1214	CHEMONTID:0001214	Thiolactones	2	Organoheterocyclic compounds
1215	CHEMONTID:0001215	Heterocyclic diaryl ethers	2463	Diarylethers
1216	CHEMONTID:0001216	Homocyclic diaryl ethers	2463	Diarylethers
1217	CHEMONTID:0001217	Diphenyltetrazoles and derivatives	306	Phenyltetrazoles and derivatives
1218	CHEMONTID:0001218	Inorganic isocyanides	1568	Miscellaneous inorganic compounds
1219	CHEMONTID:0001219	Organic thiophosphoric acids	1303	Organic thiophosphoric acids and derivatives
1220	CHEMONTID:0001220	Benzyl cyanides	2279	Benzene and substituted derivatives
1221	CHEMONTID:0001221	Precorrins	353	Corrinoids
1222	CHEMONTID:0001222	Organic perrhenates	463	Organic oxoanionic compounds
1223	CHEMONTID:0001223	Alpha-diketones	118	Ketones
1224	CHEMONTID:0001224	N-carbamoyl-alpha amino acids and derivatives	60	Alpha amino acids and derivatives
1225	CHEMONTID:0001225	Aminoimidazoles	2310	Substituted imidazoles
1226	CHEMONTID:0001226	Imidazole carboxylic acids and derivatives	2310	Substituted imidazoles
1227	CHEMONTID:0001227	Imidazolyl carboxylic acids and derivatives	2310	Substituted imidazoles
1228	CHEMONTID:0001228	Pteroic acids and derivatives	110	Pterins and derivatives
1229	CHEMONTID:0001229	Nitrosoureas	517	Ureas
1230	CHEMONTID:0001230	Thiocarboxylic acid amides	1112	Thiocarboxylic acids and derivatives
1231	CHEMONTID:0001231	Isoureas	2484	Carboximidic acids
1232	CHEMONTID:0001232	Isothioureas	4	Organosulfur compounds
1233	CHEMONTID:0001233	Cardiolipins	3389	Glycerophosphoglycerophosphoglycerols
1234	CHEMONTID:0001234	Isothiocyanates	4	Organosulfur compounds
1235	CHEMONTID:0001235	Organosulfenic acids	268	Organosulfenic acids and derivatives
1236	CHEMONTID:0001236	Orthocarboxylic acid derivatives	264	Organic acids and derivatives
1237	CHEMONTID:0001237	Carboxylic acid orthoesters	1236	Orthocarboxylic acid derivatives
1238	CHEMONTID:0001238	Carboxylic acid esters	1093	Carboxylic acid derivatives
1239	CHEMONTID:0001239	Carboxylic acid azides	1093	Carboxylic acid derivatives
1240	CHEMONTID:0001240	Carboxylic acid anhydrides	1093	Carboxylic acid derivatives
1241	CHEMONTID:0001241	Caprolactones	50	Lactones
1242	CHEMONTID:0001242	Phenylthiazoles	95	Thiazoles
1243	CHEMONTID:0001243	Beta propiolactones	50	Lactones
1244	CHEMONTID:0001244	Delta valerolactones	50	Lactones
1245	CHEMONTID:0001245	Gamma butyrolactones	50	Lactones
1246	CHEMONTID:0001246	Metalloid plumbites	449	Metalloid oxoanionic compounds
1247	CHEMONTID:0001247	Organic fluorophosphonic acids and derivatives	400	Organophosphorus compounds
1248	CHEMONTID:0001248	Hydroxybenzoic acid derivatives	176	Benzoic acids and derivatives
1249	CHEMONTID:0001249	Flavins	384	Alloxazines and isoalloxazines
1250	CHEMONTID:0001250	Phosphocholines	1012	Cholines
1251	CHEMONTID:0001251	Gallic acid and derivatives	1248	Hydroxybenzoic acid derivatives
1252	CHEMONTID:0001252	Indole-3-acetic acid derivatives	1290	Indolyl carboxylic acids and derivatives
1253	CHEMONTID:0001253	Quinolines and derivatives	2	Organoheterocyclic compounds
1254	CHEMONTID:0001254	1Z-alkenylglycero-3-phosphates	2214	Glycerophosphates
1255	CHEMONTID:0001255	Imidazole carboxamides	1226	Imidazole carboxylic acids and derivatives
1256	CHEMONTID:0001256	CDP-diacylglycerols	1263	CDP-glycerols
1257	CHEMONTID:0001257	Phenylacetaldehydes	2279	Benzene and substituted derivatives
1258	CHEMONTID:0001258	Neuraminic acids and derivatives	1697	Pyranoid amino acids and derivatives
1259	CHEMONTID:0001259	Organic bromates	463	Organic oxoanionic compounds
1260	CHEMONTID:0001260	Organic chlorates	463	Organic oxoanionic compounds
1261	CHEMONTID:0001261	Organic chlorites	463	Organic oxoanionic compounds
1262	CHEMONTID:0001262	Aminopyrimidines and derivatives	75	Pyrimidines and pyrimidine derivatives
1263	CHEMONTID:0001263	CDP-glycerols	256	Glycerophospholipids
1264	CHEMONTID:0001264	CDP-monoacylglycerols	1263	CDP-glycerols
1265	CHEMONTID:0001265	N-sulfinylhydrazines	3130	Sulfinyl compounds
1266	CHEMONTID:0001266	Phosphoethanolamines	408	Phosphate esters
1267	CHEMONTID:0001267	Aldimines	117	Imines
1268	CHEMONTID:0001268	Nicotinamide nucleotides	1297	Pyridine nucleotides
1269	CHEMONTID:0001269	Sulfinic acids	269	Sulfinic acids and derivatives
1270	CHEMONTID:0001270	Miscellaneous mixed metal/non-metals	424	Mixed metal/non-metal compounds
1271	CHEMONTID:0001271	Thiodiacetic acid derivatives	346	Dicarboxylic acids and derivatives
1272	CHEMONTID:0001272	Cresols	134	Phenols
1273	CHEMONTID:0001273	Meta cresols	1272	Cresols
1274	CHEMONTID:0001274	Ortho cresols	1272	Cresols
1275	CHEMONTID:0001275	Para cresols	1272	Cresols
1276	CHEMONTID:0001276	Phenylpyruvic acid derivatives	2279	Benzene and substituted derivatives
1277	CHEMONTID:0001277	Carotenoids	1554	Tetraterpenoids
1278	CHEMONTID:0001278	Organic chromates	463	Organic oxoanionic compounds
1279	CHEMONTID:0001279	Sulfur mustard compounds	1202	Thioethers
1280	CHEMONTID:0001280	Alpha ketoaldehydes	124	Aldehydes
1281	CHEMONTID:0001281	Decamethonium compounds	503	Quaternary ammonium salts
1282	CHEMONTID:0001282	Hexamethonium compounds	503	Quaternary ammonium salts
1283	CHEMONTID:0001283	Terpene lactones	259	Prenol lipids
1284	CHEMONTID:0001284	Strigolactones	1283	Terpene lactones
1285	CHEMONTID:0001285	Thiamines	75	Pyrimidines and pyrimidine derivatives
1286	CHEMONTID:0001286	Benzenediols	134	Phenols
1287	CHEMONTID:0001287	Thiamine phosphates	1285	Thiamines
1288	CHEMONTID:0001288	Dialkylglycerophosphates	2214	Glycerophosphates
1289	CHEMONTID:0001289	Dialkylglycerol-3-phosphocholines	2213	Glycerophosphocholines
1290	CHEMONTID:0001290	Indolyl carboxylic acids and derivatives	211	Indoles and derivatives
1291	CHEMONTID:0001291	Pyranoquinolines	56	Quinolones and derivatives
1292	CHEMONTID:0001292	Cyclic alcohols and derivatives	129	Alcohols and polyols
1293	CHEMONTID:0001293	Purine nucleotide sugars	1506	Purine nucleotides
1294	CHEMONTID:0001294	Polyprenylbenzoquinones	2802	Prenylquinones
1295	CHEMONTID:0001295	Hydroxysteroids	258	Steroids and steroid derivatives
1296	CHEMONTID:0001296	Pyrimidine nucleotide sugars	1509	Pyrimidine nucleotides
1297	CHEMONTID:0001297	Pyridine nucleotides	289	Nucleosides, nucleotides, and analogues
1298	CHEMONTID:0001298	1-acyl,2-alkylglycerophosphoglycerols	2216	Glycerophosphoglycerols
1299	CHEMONTID:0001299	1,2-diacylglycerol-3-phosphates	1504	Diacylglycerophosphates
1300	CHEMONTID:0001300	Nicotinic acid nucleotides	1297	Pyridine nucleotides
1301	CHEMONTID:0001301	Alkynes	2847	Acyclic acetylenes
1302	CHEMONTID:0001302	Organic phosphonic acids	419	Organic phosphonic acids and derivatives
1303	CHEMONTID:0001303	Organic thiophosphoric acids and derivatives	264	Organic acids and derivatives
1304	CHEMONTID:0001304	Brevetoxins and derivatives	261	Phenylpropanoids and polyketides
1306	CHEMONTID:0001306	Organic isocyanides	278	Organonitrogen compounds
1307	CHEMONTID:0001307	Organic chromites	463	Organic oxoanionic compounds
1308	CHEMONTID:0001308	Organic hydroperoxides	4603	Organic oxygen compounds
1309	CHEMONTID:0001309	Organophosphine oxides	401	Organic phosphines and derivatives
1310	CHEMONTID:0001310	Benzenetriols and derivatives	134	Phenols
1311	CHEMONTID:0001311	Isoprenoid phosphates	259	Prenol lipids
1312	CHEMONTID:0001312	1,2-dioxanes	368	Dioxanes
1313	CHEMONTID:0001313	1,4-dioxanes	368	Dioxanes
1314	CHEMONTID:0001314	1,3-dioxanes	368	Dioxanes
1315	CHEMONTID:0001315	1,2-dioxolanes	105	Dioxolanes
1316	CHEMONTID:0001316	1,3-dioxolanes	105	Dioxolanes
1317	CHEMONTID:0001317	Transition metal ferrates	450	Transition metal oxoanionic compounds
1318	CHEMONTID:0001318	Hippuric acids	179	Hippuric acids and derivatives
1319	CHEMONTID:0001319	Pyrimidinecarboxylic acids and derivatives	75	Pyrimidines and pyrimidine derivatives
1320	CHEMONTID:0001320	Lysophosphatidic acids	1683	Monoacylglycerophosphates
1321	CHEMONTID:0001321	Pyrimidinecarboxamides	1319	Pyrimidinecarboxylic acids and derivatives
1322	CHEMONTID:0001322	Pyridinecarboxylic acids and derivatives	89	Pyridines and derivatives
1323	CHEMONTID:0001323	Pyrrolizidinones	220	Pyrrolizidines
1324	CHEMONTID:0001324	Phosphatidylinositol monophosphates	1139	Phosphatidylinositol phosphates
1325	CHEMONTID:0001325	Quinolizidinones	221	Quinolizidines
1326	CHEMONTID:0001326	Pyridinecarboxamides	1322	Pyridinecarboxylic acids and derivatives
1327	CHEMONTID:0001327	Triazolidinones	235	Triazolidines
1328	CHEMONTID:0001328	3-oxo-acyl CoAs	1090	Acyl CoAs
1329	CHEMONTID:0001329	Flavin nucleotides	289	Nucleosides, nucleotides, and analogues
1330	CHEMONTID:0001330	Lysophosphatidylinositol monophosphates	2220	Glycerophosphoinositol phosphates
1331	CHEMONTID:0001331	Benzoins	253	Stilbenes
1332	CHEMONTID:0001332	Indolizidinones	251	Indolizidines
1333	CHEMONTID:0001333	Inorganic sulfuryl halides	1568	Miscellaneous inorganic compounds
1334	CHEMONTID:0001334	Fatty alcohols	3909	Fatty Acyls
1335	CHEMONTID:0001335	1,2-diazepines	71	Diazepines
1336	CHEMONTID:0001336	1,4-diazepines	71	Diazepines
1337	CHEMONTID:0001337	1,3-diazepines	71	Diazepines
1338	CHEMONTID:0001338	1,2-oxazepines	66	Oxazepines
1339	CHEMONTID:0001339	1,4-oxazepines	66	Oxazepines
1340	CHEMONTID:0001340	1,3-oxazepines	66	Oxazepines
1341	CHEMONTID:0001341	1,3-oxazines	82	Oxazines
1342	CHEMONTID:0001342	1,4-oxazines	82	Oxazines
1343	CHEMONTID:0001343	1,2-oxazines	82	Oxazines
1344	CHEMONTID:0001344	Phosphatidylinositols	2219	Glycerophosphoinositols
1345	CHEMONTID:0001345	Benzaldehydes	3213	Aryl-aldehydes
1346	CHEMONTID:0001346	Diazines	2	Organoheterocyclic compounds
1347	CHEMONTID:0001347	1,3-thiazines	94	Thiazines
1348	CHEMONTID:0001348	1,2-thiazines	94	Thiazines
1349	CHEMONTID:0001349	1,4-thiazines	94	Thiazines
1350	CHEMONTID:0001350	Benzoic acid esters	176	Benzoic acids and derivatives
1351	CHEMONTID:0001351	Acyclic triterpenoids	1553	Triterpenoids
1352	CHEMONTID:0001352	Meta thiazepines	68	Thiazepines
1353	CHEMONTID:0001353	Ortho thiazepines	68	Thiazepines
1354	CHEMONTID:0001354	Para thiazepines	68	Thiazepines
1355	CHEMONTID:0001355	Lysophosphatidylinositols	2219	Glycerophosphoinositols
1356	CHEMONTID:0001356	Trioses	1540	Monosaccharides
1357	CHEMONTID:0001357	Acyclic diterpenoids	1551	Diterpenoids
1358	CHEMONTID:0001358	Phosphatidylglycerols	2216	Glycerophosphoglycerols
1359	CHEMONTID:0001359	Alpha hydroxy acids and derivatives	472	Hydroxy acids and derivatives
1360	CHEMONTID:0001360	Intermetallic alkali metal compounds	422	Homogeneous metal compounds
1361	CHEMONTID:0001361	Anthocyanins	1583	Flavonoid O-glycosides
1362	CHEMONTID:0001362	Flavanonols	1632	Flavanones
1363	CHEMONTID:0001363	Enones	3672	Alpha,beta-unsaturated ketones
1364	CHEMONTID:0001364	Organic hydroxides	463	Organic oxoanionic compounds
1365	CHEMONTID:0001365	Alkaline earth metal chromites	446	Alkaline earth metal oxoanionic compounds
1366	CHEMONTID:0001366	Sugar amino acids and derivatives	215	Sugar acids and derivatives
1367	CHEMONTID:0001367	Phosphatidylserines	2218	Glycerophosphoserines
1368	CHEMONTID:0001368	Thiocarbamic acid derivatives	1198	Thiocarbonyl compounds
1369	CHEMONTID:0001369	Boronic acid esters	498	Boronic acid derivatives
1370	CHEMONTID:0001370	Organometalloid compounds	462	Organometallic compounds
1371	CHEMONTID:0001371	Organotransition metal compounds	462	Organometallic compounds
1372	CHEMONTID:0001372	Organo-alkali-metal compounds	462	Organometallic compounds
1373	CHEMONTID:0001373	Ynones	3672	Alpha,beta-unsaturated ketones
1374	CHEMONTID:0001374	Pyridoindolones	1213	Pyridoindoles
1375	CHEMONTID:0001375	Cyanohydrins	362	Nitriles
1376	CHEMONTID:0001376	Beta ketoaldehydes	124	Aldehydes
1377	CHEMONTID:0001377	Lysophosphatidylserines	2218	Glycerophosphoserines
1378	CHEMONTID:0001378	Chlorinated dibenzofurans	15	Dibenzofurans
1379	CHEMONTID:0001379	Benzo-p-dioxins	2100	Benzodioxins
1380	CHEMONTID:0001380	N-acyl-alpha-hexosamine-1-phosphates	2276	N-acyl-alpha-hexosamines
1381	CHEMONTID:0001381	Dibenzo-p-dioxins	1379	Benzo-p-dioxins
1382	CHEMONTID:0001382	Benzo-o-dioxins	2100	Benzodioxins
1383	CHEMONTID:0001383	Benzo-m-dioxins	2100	Benzodioxins
1384	CHEMONTID:0001384	Dioxins	2	Organoheterocyclic compounds
1385	CHEMONTID:0001385	Ortho dioxins	1384	Dioxins
1386	CHEMONTID:0001386	Para dioxins	1384	Dioxins
1387	CHEMONTID:0001387	Sultims	2	Organoheterocyclic compounds
1388	CHEMONTID:0001388	Glucuronosphingolipids	3258	Glycosphingolipids
1389	CHEMONTID:0001389	Neoflavones	1614	Neoflavonoids
1390	CHEMONTID:0001390	Colchicines	279	Alkaloids and derivatives
1391	CHEMONTID:0001391	Hydroxycinnamic acids and derivatives	476	Cinnamic acids and derivatives
1392	CHEMONTID:0001392	Lignans, neolignans and related compounds	0	Organic compounds
1393	CHEMONTID:0001393	Phosphatidylethanolamines	2215	Glycerophosphoethanolamines
1394	CHEMONTID:0001394	Ceramide phosphoethanolamines	1427	Phosphoceramides
1395	CHEMONTID:0001395	1-alkyl,2-acyl-glycerol-3-phosphoserines	2218	Glycerophosphoserines
1396	CHEMONTID:0001396	Benzoxazines	2	Organoheterocyclic compounds
1397	CHEMONTID:0001397	1-(1Z-alkenyl),2-acyl-glycerophosphates	2214	Glycerophosphates
1398	CHEMONTID:0001398	Non-metal bisulfites	435	Non-metal oxoanionic compounds
1399	CHEMONTID:0001399	Ceramide phosphoinositols	1427	Phosphoceramides
1400	CHEMONTID:0001400	Organic nitrosamines	4777	Organic N-nitroso compounds
1401	CHEMONTID:0001401	Menthane monoterpenoids	1549	Monoterpenoids
1402	CHEMONTID:0001402	Imidazolinones	79	Imidazolines
1403	CHEMONTID:0001403	Ergosterols and derivatives	3567	Ergostane steroids
1404	CHEMONTID:0001404	1-alkyl,2-acylglycerophosphates	2214	Glycerophosphates
1405	CHEMONTID:0001405	Lysophosphatidylethanolamines	2215	Glycerophosphoethanolamines
1406	CHEMONTID:0001406	Monoalkylglycerophosphates	2214	Glycerophosphates
1407	CHEMONTID:0001407	1-(1Z-alkenyl),2-acylglycerophosphoserines	2218	Glycerophosphoserines
1408	CHEMONTID:0001408	Phosphatidylcholines	2213	Glycerophosphocholines
1409	CHEMONTID:0001409	1-acyl,2-alkylglycerophosphoethanolamines	2215	Glycerophosphoethanolamines
1410	CHEMONTID:0001410	Xanthophylls	1277	Carotenoids
1411	CHEMONTID:0001411	Carotenes	1277	Carotenoids
1412	CHEMONTID:0001412	1-phosphoribosyl-imidazoles	1997	Imidazole ribonucleosides and ribonucleotides
1413	CHEMONTID:0001413	Lysophosphatidylcholines	2213	Glycerophosphocholines
1414	CHEMONTID:0001414	Monoalkylglycerophosphocholines	2213	Glycerophosphocholines
1415	CHEMONTID:0001415	Medium-chain keto acids and derivatives	389	Keto acids and derivatives
1416	CHEMONTID:0001416	Short-chain keto acids and derivatives	389	Keto acids and derivatives
1417	CHEMONTID:0001417	1-phosphoribosyl-imidazolecarboxamides	1420	1-ribosyl-imidazolecarboxamides
1418	CHEMONTID:0001418	Ceramides	257	Sphingolipids
1419	CHEMONTID:0001419	Neutral glycosphingolipids	3258	Glycosphingolipids
1420	CHEMONTID:0001420	1-ribosyl-imidazolecarboxamides	1997	Imidazole ribonucleosides and ribonucleotides
1421	CHEMONTID:0001421	Glycidol esters	324	Fatty acid esters
1422	CHEMONTID:0001422	Other hydroxyeicosapolyenoic acids	513	Eicosanoids
1423	CHEMONTID:0001423	Thia fatty acids	262	Fatty acids and conjugates
1424	CHEMONTID:0001424	Lysosphingomyelins and lysoglycosphingolipids	257	Sphingolipids
1425	CHEMONTID:0001425	Sulfated fatty acids	262	Fatty acids and conjugates
1426	CHEMONTID:0001426	Pyrophosphatidic acids	3807	Glycero-3-pyrophosphates
1427	CHEMONTID:0001427	Phosphoceramides	3392	Phosphosphingolipids
1428	CHEMONTID:0001428	Simple glycosylceramides	1419	Neutral glycosphingolipids
1429	CHEMONTID:0001429	GalNAcb1-3Gala1-4Galb1-4Glc- (Globo series)	1419	Neutral glycosphingolipids
1430	CHEMONTID:0001430	GalNAcb1-4GlcNAcb1-3Manb1-4Glc- (Arthro series)	1419	Neutral glycosphingolipids
1431	CHEMONTID:0001431	Galb1-3GlcNAcb1-3Galb1-4Glc- (Lacto series)	1419	Neutral glycosphingolipids
1432	CHEMONTID:0001432	Galb1-4GlcNAcb1-3Galb1-4Glc- (Neolacto series)	1419	Neutral glycosphingolipids
1433	CHEMONTID:0001433	GalNAcb1-3Gala1-3Galb1-4Glc- (Isoglobo series)	1419	Neutral glycosphingolipids
1434	CHEMONTID:0001434	Betacyanins and derivatives	1435	Betalains
1435	CHEMONTID:0001435	Betalains	279	Alkaloids and derivatives
1436	CHEMONTID:0001436	GlcNAcb1-2Mana1-3Manb1-4Glc- (Mollu series)	1419	Neutral glycosphingolipids
1437	CHEMONTID:0001437	Benzoxazinones	1396	Benzoxazines
1438	CHEMONTID:0001438	Organothiophosphorus compounds	400	Organophosphorus compounds
1439	CHEMONTID:0001439	Gangliosides	3258	Glycosphingolipids
1440	CHEMONTID:0001440	Sulfatides	3258	Glycosphingolipids
1441	CHEMONTID:0001441	Alpha-amino acyl ester of carbohydrates	394	Alpha amino acid esters
1442	CHEMONTID:0001442	Other mixed metal/non-metal oxoanionic compounds	424	Mixed metal/non-metal compounds
1443	CHEMONTID:0001443	Triazolopyrimidines	2	Organoheterocyclic compounds
1444	CHEMONTID:0001444	Organic hypobromites	463	Organic oxoanionic compounds
1445	CHEMONTID:0001445	Bile acids, alcohols and derivatives	258	Steroids and steroid derivatives
1446	CHEMONTID:0001446	Thienoimidazolidines	2	Organoheterocyclic compounds
1447	CHEMONTID:0001447	Steroid glucuronide conjugates	1013	Steroidal glycosides
1448	CHEMONTID:0001448	Furoic acids	4758	Furoic acid and derivatives
1449	CHEMONTID:0001449	Intermetallic alkaline earth metal compounds	422	Homogeneous metal compounds
1450	CHEMONTID:0001450	Intermetallic lanthanide compounds	422	Homogeneous metal compounds
1451	CHEMONTID:0001451	Intermetallic actinide compounds	422	Homogeneous metal compounds
1452	CHEMONTID:0001452	Intermetallic metalloid compounds	422	Homogeneous metal compounds
1453	CHEMONTID:0001453	Intermetallic transition metal compounds	422	Homogeneous metal compounds
1454	CHEMONTID:0001454	Intermetallic post-transition metal compounds	422	Homogeneous metal compounds
1455	CHEMONTID:0001455	Tetrapyrroles and derivatives	2	Organoheterocyclic compounds
1456	CHEMONTID:0001456	Cephams	162	Beta lactams
1457	CHEMONTID:0001457	Penems	162	Beta lactams
1458	CHEMONTID:0001458	Cephamycins	173	Cephalosporins
1459	CHEMONTID:0001459	Glycosylglycerophospholipids	256	Glycerophospholipids
1460	CHEMONTID:0001460	Vitamin D and derivatives	258	Steroids and steroid derivatives
1461	CHEMONTID:0001461	Pyrethroids	324	Fatty acid esters
1462	CHEMONTID:0001462	Mannosylerythritol lipids	1766	Fatty acyl glycosides
1463	CHEMONTID:0001463	3-(3-hydroxyalkanoyloxy)alkanoic acids	324	Fatty acid esters
1464	CHEMONTID:0001464	4-hydroxy-2-alkylquinolines	1253	Quinolines and derivatives
1465	CHEMONTID:0001465	Anatoxins	279	Alkaloids and derivatives
1466	CHEMONTID:0001466	Estrane steroids	258	Steroids and steroid derivatives
1467	CHEMONTID:0001467	Androgens and derivatives	3568	Androstane steroids
1468	CHEMONTID:0001468	Gluco/mineralocorticoids, progestogins and derivatives	3569	Pregnane steroids
1469	CHEMONTID:0001469	Cholesterols and derivatives	3566	Cholestane steroids
1470	CHEMONTID:0001470	Miscellaneous metallic oxoanionic compounds	1270	Miscellaneous mixed metal/non-metals
1471	CHEMONTID:0001471	Miscellaneous aluminates	1470	Miscellaneous metallic oxoanionic compounds
1472	CHEMONTID:0001472	Miscellaneous antimonates	1470	Miscellaneous metallic oxoanionic compounds
1473	CHEMONTID:0001473	Miscellaneous antimonites	1470	Miscellaneous metallic oxoanionic compounds
1474	CHEMONTID:0001474	Miscellaneous arsenates	1470	Miscellaneous metallic oxoanionic compounds
1475	CHEMONTID:0001475	Miscellaneous arsenites	1470	Miscellaneous metallic oxoanionic compounds
1476	CHEMONTID:0001476	Miscellaneous borates	1470	Miscellaneous metallic oxoanionic compounds
1477	CHEMONTID:0001477	Miscellaneous ferrates	1470	Miscellaneous metallic oxoanionic compounds
1478	CHEMONTID:0001478	Miscellaneous manganates	1470	Miscellaneous metallic oxoanionic compounds
1479	CHEMONTID:0001479	Miscellaneous molybdates	1470	Miscellaneous metallic oxoanionic compounds
1480	CHEMONTID:0001480	Miscellaneous plumbates	1470	Miscellaneous metallic oxoanionic compounds
1481	CHEMONTID:0001481	Miscellaneous plumbites	1470	Miscellaneous metallic oxoanionic compounds
1482	CHEMONTID:0001482	Miscellaneous silicates	1470	Miscellaneous metallic oxoanionic compounds
1483	CHEMONTID:0001483	Miscellaneous stannates	1470	Miscellaneous metallic oxoanionic compounds
1484	CHEMONTID:0001484	Miscellaneous stannites	1470	Miscellaneous metallic oxoanionic compounds
1485	CHEMONTID:0001485	Miscellaneous tellurates	1470	Miscellaneous metallic oxoanionic compounds
1486	CHEMONTID:0001486	Miscellaneous tellurites	1470	Miscellaneous metallic oxoanionic compounds
1487	CHEMONTID:0001487	Miscellaneous tetrahydroxyborates	1470	Miscellaneous metallic oxoanionic compounds
1488	CHEMONTID:0001488	Miscellaneous tungstates	1470	Miscellaneous metallic oxoanionic compounds
1489	CHEMONTID:0001489	Miscellaneous orthovanadates	1470	Miscellaneous metallic oxoanionic compounds
1490	CHEMONTID:0001490	Cholesteryl esters	1691	Steroid esters
1491	CHEMONTID:0001491	Cyclic purine nucleotides	1506	Purine nucleotides
1492	CHEMONTID:0001492	Cyclic pyrimidine nucleotides	1509	Pyrimidine nucleotides
1493	CHEMONTID:0001493	Epibatidine analogues	279	Alkaloids and derivatives
1494	CHEMONTID:0001494	2',3'-cyclic purine nucleotides	1491	Cyclic purine nucleotides
1495	CHEMONTID:0001495	2',3'-cyclic pyrimidine nucleotides	1492	Cyclic pyrimidine nucleotides
1496	CHEMONTID:0001496	Tetroses	1540	Monosaccharides
1497	CHEMONTID:0001497	Pentoses	1540	Monosaccharides
1498	CHEMONTID:0001498	Hexoses	1540	Monosaccharides
1499	CHEMONTID:0001499	Heptoses	1540	Monosaccharides
1500	CHEMONTID:0001500	Octoses	1540	Monosaccharides
1501	CHEMONTID:0001501	Nonoses	1540	Monosaccharides
1502	CHEMONTID:0001502	3',5'-cyclic purine nucleotides	1491	Cyclic purine nucleotides
1503	CHEMONTID:0001503	3',5'-cyclic pyrimidine nucleotides	1492	Cyclic pyrimidine nucleotides
1504	CHEMONTID:0001504	Diacylglycerophosphates	2214	Glycerophosphates
1505	CHEMONTID:0001505	6-oxopurines	597	Purinones
1506	CHEMONTID:0001506	Purine nucleotides	289	Nucleosides, nucleotides, and analogues
1507	CHEMONTID:0001507	Thiocarbamic acids	264	Organic acids and derivatives
1508	CHEMONTID:0001508	Organic oxoazanium compounds	4603	Organic oxygen compounds
1509	CHEMONTID:0001509	Pyrimidine nucleotides	289	Nucleosides, nucleotides, and analogues
1510	CHEMONTID:0001510	Lignan lactones	1392	Lignans, neolignans and related compounds
1511	CHEMONTID:0001511	Lignan glycosides	1392	Lignans, neolignans and related compounds
1512	CHEMONTID:0001512	Other glycerolipids	175	Glycerolipids
1513	CHEMONTID:0001513	Quinoline-3-sulfonamides	1253	Quinolines and derivatives
1514	CHEMONTID:0001514	Organoastatides	267	Organohalogen compounds
1515	CHEMONTID:0001515	Organobromides	267	Organohalogen compounds
1516	CHEMONTID:0001516	Organochlorides	267	Organohalogen compounds
1517	CHEMONTID:0001517	Organofluorides	267	Organohalogen compounds
1518	CHEMONTID:0001518	Organoiodides	267	Organohalogen compounds
1519	CHEMONTID:0001519	Acyl astatides	2865	Acyl halides
1520	CHEMONTID:0001520	Organic nitrosonium compounds	278	Organonitrogen compounds
1521	CHEMONTID:0001521	Organic carbonic acids	364	Organic carbonic acids and derivatives
1522	CHEMONTID:0001522	Acyltrehaloses	3918	Saccharolipids
1523	CHEMONTID:0001523	Organo-post-transition metal compounds	462	Organometallic compounds
1524	CHEMONTID:0001524	Organotin compounds	1523	Organo-post-transition metal compounds
1525	CHEMONTID:0001525	Other hydroperoxyeicosapolyenoic acids	513	Eicosanoids
1526	CHEMONTID:0001526	Organic hypochlorites	463	Organic oxoanionic compounds
1527	CHEMONTID:0001527	Diphenylacetonitriles	2279	Benzene and substituted derivatives
1528	CHEMONTID:0001528	Furanoid fatty acids	1989	Heterocyclic fatty acids
1529	CHEMONTID:0001529	Organoaluminium compounds	1523	Organo-post-transition metal compounds
1530	CHEMONTID:0001530	Benzonitriles	2279	Benzene and substituted derivatives
1531	CHEMONTID:0001531	Urofuranic acids	1528	Furanoid fatty acids
1532	CHEMONTID:0001532	Difurocoumarocyclopentenones	149	Aflatoxins
1533	CHEMONTID:0001533	Difurocoumarolactones	149	Aflatoxins
1534	CHEMONTID:0001534	Quinone and hydroquinone lipids	259	Prenol lipids
1535	CHEMONTID:0001535	Polyprenols	259	Prenol lipids
1536	CHEMONTID:0001536	Difurocoumarins	145	Coumarins and derivatives
1537	CHEMONTID:0001537	Epoxy fatty acids	1989	Heterocyclic fatty acids
1538	CHEMONTID:0001538	Diterpene lactones	1283	Terpene lactones
1539	CHEMONTID:0001539	Polysaccharides	3297	Organic Polymers
1540	CHEMONTID:0001540	Monosaccharides	11	Carbohydrates and carbohydrate conjugates
1541	CHEMONTID:0001541	Monosaccharide phosphates	1540	Monosaccharides
1542	CHEMONTID:0001542	Disaccharides	11	Carbohydrates and carbohydrate conjugates
1543	CHEMONTID:0001543	Sesquiterpene lactones	1283	Terpene lactones
1544	CHEMONTID:0001544	Purine ribonucleotides	1506	Purine nucleotides
1545	CHEMONTID:0001545	Ubiquinones	2802	Prenylquinones
1546	CHEMONTID:0001546	Vitamin E compounds	1534	Quinone and hydroquinone lipids
1547	CHEMONTID:0001547	Vitamin K compounds	1534	Quinone and hydroquinone lipids
1548	CHEMONTID:0001548	Alpha-halocarboxylic acids and derivatives	265	Carboxylic acids and derivatives
1549	CHEMONTID:0001549	Monoterpenoids	259	Prenol lipids
1550	CHEMONTID:0001550	Sesquiterpenoids	259	Prenol lipids
1551	CHEMONTID:0001551	Diterpenoids	259	Prenol lipids
1552	CHEMONTID:0001552	Sesterterpenoids	259	Prenol lipids
1553	CHEMONTID:0001553	Triterpenoids	259	Prenol lipids
1554	CHEMONTID:0001554	Tetraterpenoids	259	Prenol lipids
1555	CHEMONTID:0001555	Cardenolides and derivatives	1125	Steroid lactones
1556	CHEMONTID:0001556	1,3-diacylglycerol-2-phosphates	1504	Diacylglycerophosphates
1557	CHEMONTID:0001557	Bufanolides and derivatives	1125	Steroid lactones
1558	CHEMONTID:0001558	Bufanolide glycosides and derivatives	1557	Bufanolides and derivatives
1559	CHEMONTID:0001559	Cardenolide glycosides and derivatives	1555	Cardenolides and derivatives
1560	CHEMONTID:0001560	Withanolides and derivatives	1125	Steroid lactones
1561	CHEMONTID:0001561	Withanolide glycosides and derivatives	1560	Withanolides and derivatives
1562	CHEMONTID:0001562	Dihydropyridinecarboxylic acids and derivatives	367	Dihydropyridines
1563	CHEMONTID:0001563	Monocyclic monoterpenoids	1549	Monoterpenoids
1564	CHEMONTID:0001564	Bicyclic monoterpenoids	1549	Monoterpenoids
1565	CHEMONTID:0001565	Iridoids and derivatives	1549	Monoterpenoids
1566	CHEMONTID:0001566	Enynes	4475	Unsaturated hydrocarbons
1567	CHEMONTID:0001567	Pumiliotoxins, homopumiliotoxins, and allopumiliotoxins	279	Alkaloids and derivatives
1568	CHEMONTID:0001568	Miscellaneous inorganic compounds	1	Inorganic compounds
1569	CHEMONTID:0001569	Inorganic phosphorotrithioic acids and derivatives	1568	Miscellaneous inorganic compounds
1570	CHEMONTID:0001570	Organophosphorotrithioic acids and derivatives	1438	Organothiophosphorus compounds
1571	CHEMONTID:0001571	Organic thiophosphoric acid amides	1303	Organic thiophosphoric acids and derivatives
1572	CHEMONTID:0001572	Thiophosphoric acid esters	1303	Organic thiophosphoric acids and derivatives
1573	CHEMONTID:0001573	Organic thiophosphoric acid halides	1303	Organic thiophosphoric acids and derivatives
1574	CHEMONTID:0001574	Organic phosphoric acids	402	Organic phosphoric acids and derivatives
1575	CHEMONTID:0001575	Retinoid esters	1606	Retinoids
1576	CHEMONTID:0001576	Allylic alcohols	129	Alcohols and polyols
1577	CHEMONTID:0001577	Organic hyponitrites	463	Organic oxoanionic compounds
1578	CHEMONTID:0001578	Benzofuranones	301	Benzofurans
1579	CHEMONTID:0001579	Quinodimethanes	4150	Hydrocarbon derivatives
1580	CHEMONTID:0001580	Triterpene glycosides	2049	Terpene glycosides
1581	CHEMONTID:0001581	Piperidinones	195	Piperidines
1582	CHEMONTID:0001582	Piperidinediones	1581	Piperidinones
1583	CHEMONTID:0001583	Flavonoid O-glycosides	1111	Flavonoid glycosides
1584	CHEMONTID:0001584	Catechins	3012	Flavan-3-ols
1585	CHEMONTID:0001585	Organosulfonamides	270	Organosulfonic acids and derivatives
1586	CHEMONTID:0001586	Biflavonoids and polyflavonoids	334	Flavonoids
1587	CHEMONTID:0001587	Catechin gallates	1584	Catechins
1588	CHEMONTID:0001588	N-epsilon-acyl lysines	2404	Alpha amino acids
1589	CHEMONTID:0001589	Organic hypophosphites	463	Organic oxoanionic compounds
1590	CHEMONTID:0001590	Organic iodates	463	Organic oxoanionic compounds
1591	CHEMONTID:0001591	Inorganic sulfuryl bromides	1333	Inorganic sulfuryl halides
1592	CHEMONTID:0001592	Pterofurans	301	Benzofurans
1593	CHEMONTID:0001593	Bilirubins	1455	Tetrapyrroles and derivatives
1594	CHEMONTID:0001594	Epigallocatechins	1584	Catechins
1595	CHEMONTID:0001595	Spatane and 4,10-secospatane diterpenoids	1551	Diterpenoids
1596	CHEMONTID:0001596	Acyclic sesterterpenoids	1552	Sesterterpenoids
1597	CHEMONTID:0001597	1-monoacylglycerols	1133	Monoacylglycerols
1598	CHEMONTID:0001598	Hydroxyanthraquinones	151	Anthraquinones
1599	CHEMONTID:0001599	Disaccharide phosphates	1542	Disaccharides
1600	CHEMONTID:0001600	Anthraquinone glycosides	151	Anthraquinones
1601	CHEMONTID:0001601	Cyclosporins	1939	Peptoid-peptide hybrids
1602	CHEMONTID:0001602	M-quinodimethanes	1579	Quinodimethanes
1603	CHEMONTID:0001603	2-monoacylglycerols	1133	Monoacylglycerols
1604	CHEMONTID:0001604	Tetrahydrofuran lignans	3686	Furanoid lignans
1605	CHEMONTID:0001605	Carbonyl hydrates	129	Alcohols and polyols
1606	CHEMONTID:0001606	Retinoids	259	Prenol lipids
1607	CHEMONTID:0001607	Rotenoids	2506	Isoflavonoids
1608	CHEMONTID:0001608	Pterocarpans	2617	Furanoisoflavonoids
1609	CHEMONTID:0001609	Carnitines	503	Quaternary ammonium salts
1610	CHEMONTID:0001610	Arylnaphthalene lignans	1392	Lignans, neolignans and related compounds
1611	CHEMONTID:0001611	Carbonic acid diesters	364	Organic carbonic acids and derivatives
1612	CHEMONTID:0001612	Isoflavans	2506	Isoflavonoids
1613	CHEMONTID:0001613	Dibenzylbutyrolactone lignans	3424	9,9'-epoxylignans
1614	CHEMONTID:0001614	Neoflavonoids	261	Phenylpropanoids and polyketides
1615	CHEMONTID:0001615	Flavones	334	Flavonoids
1616	CHEMONTID:0001616	Transition metal nitrites	450	Transition metal oxoanionic compounds
1617	CHEMONTID:0001617	Purine ribonucleoside monophosphates	1544	Purine ribonucleotides
1618	CHEMONTID:0001618	Purine ribonucleoside diphosphates	1544	Purine ribonucleotides
1619	CHEMONTID:0001619	Purine ribonucleoside triphosphates	1544	Purine ribonucleotides
1620	CHEMONTID:0001620	Pyrimidine ribonucleoside monophosphates	2147	Pyrimidine ribonucleotides
1621	CHEMONTID:0001621	Pyrimidine ribonucleoside diphosphates	2147	Pyrimidine ribonucleotides
1622	CHEMONTID:0001622	Pyrimidine ribonucleoside triphosphates	2147	Pyrimidine ribonucleotides
1623	CHEMONTID:0001623	Dibenzocyclooctadiene lignans	1392	Lignans, neolignans and related compounds
1624	CHEMONTID:0001624	Dibenzylbutanediol lignans	1969	Dibenzylbutane lignans
1625	CHEMONTID:0001625	1-aryltetralin lactones	3425	Aryltetralin lignans
1626	CHEMONTID:0001626	Phenanthrolines	2	Organoheterocyclic compounds
1627	CHEMONTID:0001627	Purine ribonucleoside polyphosphates	1544	Purine ribonucleotides
1628	CHEMONTID:0001628	Pyrimidine ribonucleoside polyphosphates	2147	Pyrimidine ribonucleotides
1629	CHEMONTID:0001629	Benzopyrazoles	2	Organoheterocyclic compounds
1630	CHEMONTID:0001630	Chalcones and dihydrochalcones	3467	Linear 1,3-diarylpropanoids
1631	CHEMONTID:0001631	Aurone flavonoids	261	Phenylpropanoids and polyketides
1632	CHEMONTID:0001632	Flavanones	337	Flavans
1633	CHEMONTID:0001633	Homoisoflavones	2507	Homoisoflavonoids
1634	CHEMONTID:0001634	Naphthofurans	2	Organoheterocyclic compounds
1635	CHEMONTID:0001635	Pyridoxal 5'-phosphates	28	Pyridoxals and derivatives
1636	CHEMONTID:0001636	Inorganic sulfuryl chlorides	1333	Inorganic sulfuryl halides
1637	CHEMONTID:0001637	Serotonins	183	Tryptamines and derivatives
1638	CHEMONTID:0001638	1-acyl-sn-glycero-3-phosphocholines	1413	Lysophosphatidylcholines
1639	CHEMONTID:0001639	Tetrodotoxins	485	Quinazolines
1640	CHEMONTID:0001640	Naphthopyrans	2	Organoheterocyclic compounds
1641	CHEMONTID:0001641	Naphthopyranones	1640	Naphthopyrans
1642	CHEMONTID:0001642	Inorganic sulfuryl fluorides	1333	Inorganic sulfuryl halides
1643	CHEMONTID:0001643	2-acyl-sn-glycero-3-phosphocholines	1413	Lysophosphatidylcholines
1644	CHEMONTID:0001644	1,2-diacylglycerols	1129	Diacylglycerols
1645	CHEMONTID:0001645	Depsides and depsidones	261	Phenylpropanoids and polyketides
1646	CHEMONTID:0001646	Naphthopyranone glycosides	1641	Naphthopyranones
1647	CHEMONTID:0001647	1,3-diacylglycerols	1129	Diacylglycerols
1648	CHEMONTID:0001648	Tyrosol esters	139	Tyrosols and derivatives
1649	CHEMONTID:0001649	Isochromanequinones	261	Phenylpropanoids and polyketides
1650	CHEMONTID:0001650	Tropones	4150	Hydrocarbon derivatives
1651	CHEMONTID:0001651	Biopterins and derivatives	110	Pterins and derivatives
1652	CHEMONTID:0001652	Carbonic acid ester halides	364	Organic carbonic acids and derivatives
1653	CHEMONTID:0001653	Long-chain fatty acyl CoAs	1090	Acyl CoAs
1654	CHEMONTID:0001654	Benzyl esters	1097	Benzyloxycarbonyls
1655	CHEMONTID:0001655	Carbonic acid monoesters	364	Organic carbonic acids and derivatives
1656	CHEMONTID:0001656	Acetals	254	Ethers
1657	CHEMONTID:0001657	Carboxylic acid imides	1093	Carboxylic acid derivatives
1658	CHEMONTID:0001658	N-substituted carboxylic acid imides	1657	Carboxylic acid imides
1659	CHEMONTID:0001659	N-unsubstituted carboxylic acid imides	1657	Carboxylic acid imides
1660	CHEMONTID:0001660	Acyl cyanides	362	Nitriles
1661	CHEMONTID:0001661	Secondary alcohols	129	Alcohols and polyols
1662	CHEMONTID:0001662	Primary carboxylic acid amides	475	Carboxylic acid amides
1663	CHEMONTID:0001663	Secondary carboxylic acid amides	475	Carboxylic acid amides
1664	CHEMONTID:0001664	Tertiary carboxylic acid amides	475	Carboxylic acid amides
1665	CHEMONTID:0001665	Enolates	323	Organooxygen compounds
1666	CHEMONTID:0001666	Thiohemiaminal derivatives	4	Organosulfur compounds
1667	CHEMONTID:0001667	Carboxylic acid amide acetals	1236	Orthocarboxylic acid derivatives
1668	CHEMONTID:0001668	Organic diazonium salts	278	Organonitrogen compounds
1669	CHEMONTID:0001669	Long-chain ceramides	1418	Ceramides
1670	CHEMONTID:0001670	Tertiary alcohols	129	Alcohols and polyols
1671	CHEMONTID:0001671	Physalins and derivatives	258	Steroids and steroid derivatives
1672	CHEMONTID:0001672	Organic thiocarbonic acid derivatives	1198	Thiocarbonyl compounds
1673	CHEMONTID:0001673	Ketimines	117	Imines
1674	CHEMONTID:0001674	Tropolones	1650	Tropones
1675	CHEMONTID:0001675	Aminocyclitol glycosides	282	Aminoglycosides
1676	CHEMONTID:0001676	Phosphatidylinositol-4,5-bisphosphates	1139	Phosphatidylinositol phosphates
1677	CHEMONTID:0001677	1-acyl-sn-glycero-3-phosphoethanolamines	1405	Lysophosphatidylethanolamines
1678	CHEMONTID:0001678	Acyclic allenes	16	Allenes
1679	CHEMONTID:0001679	Cyclic allenes	16	Allenes
1680	CHEMONTID:0001680	2-acyl-sn-glycero-3-phosphoethanolamines	1405	Lysophosphatidylethanolamines
1681	CHEMONTID:0001681	1-acyl-glycerol-3-phosphoserines	1377	Lysophosphatidylserines
1682	CHEMONTID:0001682	2-acyl-glycerol-3-phosphoserines	1377	Lysophosphatidylserines
1683	CHEMONTID:0001683	Monoacylglycerophosphates	2214	Glycerophosphates
1684	CHEMONTID:0001684	1-acylglycerol-2-phosphates	1683	Monoacylglycerophosphates
1685	CHEMONTID:0001685	1-acylglycerol-3-phosphates	1320	Lysophosphatidic acids
1686	CHEMONTID:0001686	Cucurbitacins	258	Steroids and steroid derivatives
1687	CHEMONTID:0001687	Cucurbitacin glycosides	2364	Steroidal saponins
1688	CHEMONTID:0001688	2-acylglycerol-3-phosphates	1320	Lysophosphatidic acids
1689	CHEMONTID:0001689	Long-chain 1-acylglycerol-3-phosphates	1685	1-acylglycerol-3-phosphates
1690	CHEMONTID:0001690	Polysaccharide phosphates	1539	Polysaccharides
1691	CHEMONTID:0001691	Steroid esters	258	Steroids and steroid derivatives
1692	CHEMONTID:0001692	Sulfated steroids	258	Steroids and steroid derivatives
1693	CHEMONTID:0001693	Aminotriazines	98	Triazines
1694	CHEMONTID:0001694	Aminopyrazines	67	Pyrazines
1695	CHEMONTID:0001695	Oxetane amino acids and derivatives	1366	Sugar amino acids and derivatives
1696	CHEMONTID:0001696	Furanoid amino acids and derivatives	1366	Sugar amino acids and derivatives
1697	CHEMONTID:0001697	Pyranoid amino acids and derivatives	1366	Sugar amino acids and derivatives
1698	CHEMONTID:0001698	Bicyclic amino acids and derivatives	1366	Sugar amino acids and derivatives
1699	CHEMONTID:0001699	Glycopeptides and derivatives	348	Peptides
1700	CHEMONTID:0001700	Spirostanes and derivatives	258	Steroids and steroid derivatives
1701	CHEMONTID:0001701	Furostanes and derivatives	258	Steroids and steroid derivatives
1702	CHEMONTID:0001702	Furospirostanes and derivatives	258	Steroids and steroid derivatives
1703	CHEMONTID:0001703	Solanidines and derivatives	2724	Steroidal alkaloids
1704	CHEMONTID:0001704	Spirosolanes and derivatives	2724	Steroidal alkaloids
1705	CHEMONTID:0001705	Gingerols	190	Methoxyphenols
1706	CHEMONTID:0001706	Gingerdiols	190	Methoxyphenols
1707	CHEMONTID:0001707	Gingerdiones	190	Methoxyphenols
1708	CHEMONTID:0001708	Shogaols	190	Methoxyphenols
1709	CHEMONTID:0001709	Paradols	190	Methoxyphenols
1710	CHEMONTID:0001710	Hydrolyzable tannins	238	Tannins
1711	CHEMONTID:0001711	Phlorotannins	238	Tannins
1712	CHEMONTID:0001712	Complex tannins	238	Tannins
1713	CHEMONTID:0001713	Beta hydroxy acids and derivatives	472	Hydroxy acids and derivatives
1714	CHEMONTID:0001714	Hydroxyquinolones	56	Quinolones and derivatives
1715	CHEMONTID:0001715	Hydroquinolines	1253	Quinolines and derivatives
1716	CHEMONTID:0001716	Hydroquinolones	56	Quinolones and derivatives
1717	CHEMONTID:0001717	Oxaborine derivatives	2052	Metalloheterocyclic compounds
1718	CHEMONTID:0001718	Other glycerophosphoinositol phosphates	2220	Glycerophosphoinositol phosphates
1719	CHEMONTID:0001719	Diacylglycerophosphodiradylglycerols	2216	Glycerophosphoglycerols
1720	CHEMONTID:0001720	Lysophosphatidylglycerophosphates	2217	Glycerophosphoglycerophosphates
1721	CHEMONTID:0001721	Phosphoglycosphingolipids	256	Glycerophospholipids
1722	CHEMONTID:0001722	Fatty alcohol esters	3909	Fatty Acyls
1723	CHEMONTID:0001723	Wax esters	324	Fatty acid esters
1724	CHEMONTID:0001724	Pyrethrins	1461	Pyrethroids
1725	CHEMONTID:0001725	Chloropropanol esters	324	Fatty acid esters
1726	CHEMONTID:0001726	3-MCPD monoesters	1725	Chloropropanol esters
1727	CHEMONTID:0001727	Diacylglycosylglycerophospholipids	1459	Glycosylglycerophospholipids
1728	CHEMONTID:0001728	Quinacridines	274	Acridines
1729	CHEMONTID:0001729	Oxepanes	2	Organoheterocyclic compounds
1730	CHEMONTID:0001730	Piperidinylpyridines	2	Organoheterocyclic compounds
1731	CHEMONTID:0001731	Dioxopiperazines	189	Piperazines
1732	CHEMONTID:0001732	Thiodioxopiperazines	3684	2,5-dioxopiperazines
1733	CHEMONTID:0001733	Pyrroloindoles	211	Indoles and derivatives
1734	CHEMONTID:0001734	Pyrroloquinolines	1253	Quinolines and derivatives
1735	CHEMONTID:0001735	Furanochromones	144	Chromones
1736	CHEMONTID:0001736	Benzochromones	144	Chromones
1737	CHEMONTID:0001737	Flavonoid C-glycosides	1111	Flavonoid glycosides
1738	CHEMONTID:0001738	Aurone O-glycosides	1583	Flavonoid O-glycosides
1739	CHEMONTID:0001739	Chalcone- and dihydrochalcone O-glycosides	1583	Flavonoid O-glycosides
1740	CHEMONTID:0001740	Organic antimonates	463	Organic oxoanionic compounds
1741	CHEMONTID:0001741	Rotenoid O-glycosides	1583	Flavonoid O-glycosides
1742	CHEMONTID:0001742	Coumaronochromones	2506	Isoflavonoids
1743	CHEMONTID:0001743	Coumarin glycosides	145	Coumarins and derivatives
1744	CHEMONTID:0001744	Cyanolipids	324	Fatty acid esters
1745	CHEMONTID:0001745	Type 1 cyanolipids	1744	Cyanolipids
1746	CHEMONTID:0001746	Type 2 cyanolipids	1744	Cyanolipids
1747	CHEMONTID:0001747	Type 3 cyanolipids	1744	Cyanolipids
1748	CHEMONTID:0001748	Type 4 cyanolipids	1744	Cyanolipids
1749	CHEMONTID:0001749	Lysobisphosphatidic acids	256	Glycerophospholipids
1750	CHEMONTID:0001750	Semilysobisphosphatidic acids	256	Glycerophospholipids
1751	CHEMONTID:0001751	Bisphosphatidic acids	256	Glycerophospholipids
1752	CHEMONTID:0001752	8,2'-cyclic purine nucleotides	1491	Cyclic purine nucleotides
1753	CHEMONTID:0001753	Benzoylindoles	211	Indoles and derivatives
1754	CHEMONTID:0001754	Simplexides	2125	Alkyl glycosides
1755	CHEMONTID:0001755	Diterpene glycosides	2049	Terpene glycosides
1756	CHEMONTID:0001756	Steviol glycosides	1755	Diterpene glycosides
1757	CHEMONTID:0001757	Colensane and clerodane diterpenoids	1551	Diterpenoids
1758	CHEMONTID:0001758	Dalbergiones	1614	Neoflavonoids
1759	CHEMONTID:0001759	Furanoflavones	1615	Flavones
1760	CHEMONTID:0001760	Dolabellane and neodolabellane diterpenoids	1551	Diterpenoids
1761	CHEMONTID:0001761	Kavalactones	261	Phenylpropanoids and polyketides
1762	CHEMONTID:0001762	Pyrroloacridines	274	Acridines
1763	CHEMONTID:0001763	Pyridoacridines	274	Acridines
1764	CHEMONTID:0001764	Pyridinium derivatives	89	Pyridines and derivatives
1765	CHEMONTID:0001765	Rhamnolipids	1766	Fatty acyl glycosides
1766	CHEMONTID:0001766	Fatty acyl glycosides	3909	Fatty Acyls
1767	CHEMONTID:0001767	Gibberellins	1551	Diterpenoids
1768	CHEMONTID:0001768	Ginkgolides and bilobalides	1538	Diterpene lactones
1769	CHEMONTID:0001769	Pyrroloindolizines	216	Indolizines
1770	CHEMONTID:0001770	Guaianolides and derivatives	1543	Sesquiterpene lactones
1771	CHEMONTID:0001771	Germacranolides and derivatives	1543	Sesquiterpene lactones
1772	CHEMONTID:0001772	Eudesmanolides, secoeudesmanolides, and derivatives	1543	Sesquiterpene lactones
1773	CHEMONTID:0001773	Glycosylmonoacylglycerols	3819	Glycosylmonoradylglycerols
1774	CHEMONTID:0001774	Brassinolides and derivatives	1125	Steroid lactones
1775	CHEMONTID:0001775	Amaryllidaceae alkaloids	279	Alkaloids and derivatives
1776	CHEMONTID:0001776	Melleolides and analogues	1777	Illudanes and illudins
1777	CHEMONTID:0001777	Illudanes and illudins	1550	Sesquiterpenoids
1778	CHEMONTID:0001778	O-quinodimethanes	1579	Quinodimethanes
1779	CHEMONTID:0001779	Guanidinobenzoic acids and derivatives	281	Aminobenzoic acids and derivatives
1780	CHEMONTID:0001780	Dihydrofuranoquinolines	1253	Quinolines and derivatives
1781	CHEMONTID:0001781	Aromadendrane sesquiterpenoids	1550	Sesquiterpenoids
1782	CHEMONTID:0001782	Erythrina alkaloids	279	Alkaloids and derivatives
1783	CHEMONTID:0001783	Curan alkaloids	279	Alkaloids and derivatives
1784	CHEMONTID:0001784	Thiaergolines	279	Alkaloids and derivatives
1785	CHEMONTID:0001785	Oxamorphinans	279	Alkaloids and derivatives
1786	CHEMONTID:0001786	Yohimbine alkaloids	279	Alkaloids and derivatives
1787	CHEMONTID:0001787	Ochratoxins and related substances	261	Phenylpropanoids and polyketides
1788	CHEMONTID:0001788	Zearalenones	147	Macrolides and analogues
1789	CHEMONTID:0001789	Trichothecenes	1550	Sesquiterpenoids
1790	CHEMONTID:0001790	Epipolythiodioxopiperazines	1732	Thiodioxopiperazines
1791	CHEMONTID:0001791	Gliotoxins	1790	Epipolythiodioxopiperazines
1792	CHEMONTID:0001792	Fumonisins	265	Carboxylic acids and derivatives
1793	CHEMONTID:0001793	Ellipticine alkaloids	279	Alkaloids and derivatives
1794	CHEMONTID:0001794	Ajmaline-sarpagine alkaloids	279	Alkaloids and derivatives
1795	CHEMONTID:0001795	Sparteine, lupanine, and related alkaloids	2719	Lupin alkaloids
1796	CHEMONTID:0001796	Oxocins	2	Organoheterocyclic compounds
1797	CHEMONTID:0001797	Imidazopyrimidines	2	Organoheterocyclic compounds
1798	CHEMONTID:0001798	Pyrrolotriazines	2	Organoheterocyclic compounds
1799	CHEMONTID:0001799	Pyrrolopyrimidines	2	Organoheterocyclic compounds
1800	CHEMONTID:0001800	Saxitoxins, gonyautoxins, and derivatives	261	Phenylpropanoids and polyketides
1801	CHEMONTID:0001801	Kainoids	347	Amino acids and derivatives
1802	CHEMONTID:0001802	Okadaic acids and derivatives	261	Phenylpropanoids and polyketides
1803	CHEMONTID:0001803	Pectenotoxins and derivatives	147	Macrolides and analogues
1804	CHEMONTID:0001804	Organic pyrophosphates	463	Organic oxoanionic compounds
1805	CHEMONTID:0001805	Quinuclidones	252	Quinuclidines
1806	CHEMONTID:0001806	Organic arsenates	463	Organic oxoanionic compounds
1807	CHEMONTID:0001807	Spironolactones and derivatives	1125	Steroid lactones
1808	CHEMONTID:0001808	Ciguatera toxins	261	Phenylpropanoids and polyketides
1809	CHEMONTID:0001809	Quinacridones	1728	Quinacridines
1810	CHEMONTID:0001810	Pyridoacridones	1763	Pyridoacridines
1811	CHEMONTID:0001811	Acridones	274	Acridines
1812	CHEMONTID:0001812	Glycosyl-amino acids	347	Amino acids and derivatives
1813	CHEMONTID:0001813	Peptidomimetics	264	Organic acids and derivatives
1814	CHEMONTID:0001814	Phenylphosphines and derivatives	2279	Benzene and substituted derivatives
1815	CHEMONTID:0001815	Glycopeptidomimetics	1813	Peptidomimetics
1816	CHEMONTID:0001816	Furofurans	2	Organoheterocyclic compounds
1817	CHEMONTID:0001817	Sterigmatocystins	261	Phenylpropanoids and polyketides
1818	CHEMONTID:0001818	Furopyrans	2	Organoheterocyclic compounds
1819	CHEMONTID:0001819	Isoindoles and derivatives	2	Organoheterocyclic compounds
1820	CHEMONTID:0001820	Isoindolones	2496	Isoindolines
1821	CHEMONTID:0001821	Cytochalasans	279	Alkaloids and derivatives
1822	CHEMONTID:0001822	Oxadiazoles	436	Azoles
1823	CHEMONTID:0001823	Hopanoids	259	Prenol lipids
1824	CHEMONTID:0001824	Hopane triterpenoids	1823	Hopanoids
1825	CHEMONTID:0001825	Polyterpenoids	259	Prenol lipids
1826	CHEMONTID:0001826	Bacteriohopanoids	1823	Hopanoids
1827	CHEMONTID:0001827	Isoflavanones	1612	Isoflavans
1828	CHEMONTID:0001828	Isoflavanols	1612	Isoflavans
1829	CHEMONTID:0001829	M-terphenyls	2042	Terphenyls
1830	CHEMONTID:0001830	Inorganic sulfuryl iodides	1333	Inorganic sulfuryl halides
1831	CHEMONTID:0001831	Carbonyl compounds	323	Organooxygen compounds
1832	CHEMONTID:0001832	Thiocarbonyl s-imides	1198	Thiocarbonyl compounds
1833	CHEMONTID:0001833	Thienopyrroles	2	Organoheterocyclic compounds
1834	CHEMONTID:0001834	Pyrrolothiazoles	2	Organoheterocyclic compounds
1835	CHEMONTID:0001835	Pyrrolizidine oximes	220	Pyrrolizidines
1836	CHEMONTID:0001836	O-terphenyls	2042	Terphenyls
1837	CHEMONTID:0001837	Organic peroxynitrates	463	Organic oxoanionic compounds
1838	CHEMONTID:0001838	Organic peroxynitrites	463	Organic oxoanionic compounds
1839	CHEMONTID:0001839	Organic aluminates	463	Organic oxoanionic compounds
1840	CHEMONTID:0001840	Organic stannates	463	Organic oxoanionic compounds
1841	CHEMONTID:0001841	Organic orthovanadates	463	Organic oxoanionic compounds
1842	CHEMONTID:0001842	Tetrazolidines	2491	Azolidines
1843	CHEMONTID:0001843	Phenyltetrazolines and derivatives	1080	Tetrazolines
1844	CHEMONTID:0001844	Flavonolignans	1392	Lignans, neolignans and related compounds
1845	CHEMONTID:0001845	Bromodiphenyl ethers	4155	Diphenylethers
1846	CHEMONTID:0001846	Acetanilides	285	Anilides
1847	CHEMONTID:0001847	1-(1Z-alkenyl)-glycero-3-phosphocholines	3823	1Z-alkenylglycerophosphocholines
1848	CHEMONTID:0001848	Carbonucleotoids	11	Carbohydrates and carbohydrate conjugates
1849	CHEMONTID:0001849	Carbopeptoids	11	Carbohydrates and carbohydrate conjugates
1850	CHEMONTID:0001850	Thiophenols	2448	Benzenoids
1851	CHEMONTID:0001851	Pyrenes	2448	Benzenoids
1852	CHEMONTID:0001852	1,3-aminoalcohols	2460	Alkanolamines
1853	CHEMONTID:0001853	Trioxanes	2	Organoheterocyclic compounds
1854	CHEMONTID:0001854	Trioxolanes	2	Organoheterocyclic compounds
1855	CHEMONTID:0001855	Phenoxazines	1396	Benzoxazines
1856	CHEMONTID:0001856	Pyridazinoindazoles	80	Indazoles
1857	CHEMONTID:0001857	Naphthyridines	4788	Diazanaphthalenes
1858	CHEMONTID:0001858	Naphthyridine carboxylic acids and derivatives	1857	Naphthyridines
1859	CHEMONTID:0001859	Pyridopyrimidines	2	Organoheterocyclic compounds
1860	CHEMONTID:0001860	Pyridopyrimidine carboxylic acids and derivatives	1859	Pyridopyrimidines
1861	CHEMONTID:0001861	Pyridinesulfonamides	89	Pyridines and derivatives
1862	CHEMONTID:0001862	Trithianes	2	Organoheterocyclic compounds
1863	CHEMONTID:0001863	Dithianes	2	Organoheterocyclic compounds
1864	CHEMONTID:0001864	Oxirane carboxylic acids and derivatives	159	Epoxides
1865	CHEMONTID:0001865	Pyrrolocarbazoles	210	Carbazoles
1866	CHEMONTID:0001866	Indolocarbazoles	1865	Pyrrolocarbazoles
1867	CHEMONTID:0001867	Benzotriazole ribonucleosides and ribonucleotides	289	Nucleosides, nucleotides, and analogues
1868	CHEMONTID:0001868	Indazole ribonucleosides and ribonucleotides	289	Nucleosides, nucleotides, and analogues
1869	CHEMONTID:0001869	Indole ribonucleosides and ribonucleotides	289	Nucleosides, nucleotides, and analogues
1870	CHEMONTID:0001870	Naphthohydroquinones	23	Naphthalenes
1871	CHEMONTID:0001871	Naphthalenecarboxylic acids and derivatives	23	Naphthalenes
1872	CHEMONTID:0001872	P-quinodimethanes	1579	Quinodimethanes
1873	CHEMONTID:0001873	Phthalides	3409	Isobenzofuranones
1874	CHEMONTID:0001874	Sulfonphthalides	1875	Benzoxathioles
1875	CHEMONTID:0001875	Benzoxathioles	2	Organoheterocyclic compounds
1876	CHEMONTID:0001876	Azetidinecarboxylic acids or derivatives	102	Azetidines
1877	CHEMONTID:0001877	Aziridinecarboxylic acids or derivatives	103	Aziridines
1878	CHEMONTID:0001878	Beta amino acids and derivatives	347	Amino acids and derivatives
1879	CHEMONTID:0001879	Delta amino acids and derivatives	347	Amino acids and derivatives
1880	CHEMONTID:0001880	Gamma amino acids and derivatives	347	Amino acids and derivatives
1881	CHEMONTID:0001881	Thiazetidines	2	Organoheterocyclic compounds
1882	CHEMONTID:0001882	Beta sultams	509	Sultams
1883	CHEMONTID:0001883	Gamma sultams	228	Thiazolidinediones
1884	CHEMONTID:0001884	Thiazinanes	2	Organoheterocyclic compounds
1885	CHEMONTID:0001885	Delta sultams	1884	Thiazinanes
1886	CHEMONTID:0001886	Oxathietanes	2	Organoheterocyclic compounds
1887	CHEMONTID:0001887	Beta sultones	1886	Oxathietanes
1888	CHEMONTID:0001888	Gamma sultones	106	Oxathiolanes
1889	CHEMONTID:0001889	Oxathianes	2	Organoheterocyclic compounds
1890	CHEMONTID:0001890	Isocoumarins and derivatives	261	Phenylpropanoids and polyketides
1891	CHEMONTID:0001891	Sulfinylbenzimidazoles	294	Benzimidazoles
1892	CHEMONTID:0001892	Biphenylcarbonitriles	41	Biphenyls and derivatives
1893	CHEMONTID:0001893	Halopyrimidines	75	Pyrimidines and pyrimidine derivatives
1894	CHEMONTID:0001894	Thianes	2	Organoheterocyclic compounds
1895	CHEMONTID:0001895	Thiopyrans	2	Organoheterocyclic compounds
1896	CHEMONTID:0001896	Thienoquinolines	56	Quinolones and derivatives
1897	CHEMONTID:0001897	1,2-aminoalcohols	2460	Alkanolamines
1898	CHEMONTID:0001898	Organic triazenes	278	Organonitrogen compounds
1899	CHEMONTID:0001899	Cylindrospermopsins	1859	Pyridopyrimidines
1900	CHEMONTID:0001900	Macrolide lactams	261	Phenylpropanoids and polyketides
1901	CHEMONTID:0001901	Beta-sulfonopeptides	1813	Peptidomimetics
1902	CHEMONTID:0001902	Alpha,beta-sulfonopeptides	1813	Peptidomimetics
1903	CHEMONTID:0001903	Pyrrolidine carboxylic acids and derivatives	218	Pyrrolidines
1904	CHEMONTID:0001904	Pyrimidine ribonucleoside bisphosphates	2147	Pyrimidine ribonucleotides
1905	CHEMONTID:0001905	Sulfinylamines	4	Organosulfur compounds
1906	CHEMONTID:0001906	Phenanthroindolizidines	25	Phenanthrenes and derivatives
1907	CHEMONTID:0001907	Phenanthroquinolizidines	25	Phenanthrenes and derivatives
1908	CHEMONTID:0001908	Benzoquinolines	1253	Quinolines and derivatives
1909	CHEMONTID:0001909	Protoberberine alkaloids and derivatives	279	Alkaloids and derivatives
1910	CHEMONTID:0001910	Benzoxepines	2	Organoheterocyclic compounds
1911	CHEMONTID:0001911	Anthracenecarboxylic acids and derivatives	18	Anthracenes
1912	CHEMONTID:0001912	Pyridoisoindoles	1819	Isoindoles and derivatives
1913	CHEMONTID:0001913	Alpha carbolines	1213	Pyridoindoles
1914	CHEMONTID:0001914	Beta carbolines	1213	Pyridoindoles
1915	CHEMONTID:0001915	Delta carbolines	1213	Pyridoindoles
1916	CHEMONTID:0001916	Gamma carbolines	1213	Pyridoindoles
1917	CHEMONTID:0001917	Aminobenzamides	281	Aminobenzoic acids and derivatives
1918	CHEMONTID:0001918	Furopyrroles	2	Organoheterocyclic compounds
1919	CHEMONTID:0001919	Thiazinanethiones	1884	Thiazinanes
1920	CHEMONTID:0001920	Triazinones	98	Triazines
1921	CHEMONTID:0001921	Pyrimidinethiones	75	Pyrimidines and pyrimidine derivatives
1922	CHEMONTID:0001922	Triazinethiones	98	Triazines
1923	CHEMONTID:0001923	Thiazolidinethiones	226	Thiazolidines
1924	CHEMONTID:0001924	Aminopyridazines	74	Pyridazines and derivatives
1925	CHEMONTID:0001925	Aminobenzenesulfonamides	31	Benzenesulfonamides
1926	CHEMONTID:0001926	Metallotetrapyrroles	1455	Tetrapyrroles and derivatives
1927	CHEMONTID:0001927	Nitropyrimidines	75	Pyrimidines and pyrimidine derivatives
1928	CHEMONTID:0001928	Thienothiazines	2	Organoheterocyclic compounds
1929	CHEMONTID:0001929	Thienothiazoles	2	Organoheterocyclic compounds
1930	CHEMONTID:0001930	Benzoxadiazoles	2	Organoheterocyclic compounds
1931	CHEMONTID:0001931	Oxatriazoles	436	Azoles
1932	CHEMONTID:0001932	Oxatriazolidines	2491	Azolidines
1933	CHEMONTID:0001933	Oxadiazolidines	2491	Azolidines
1934	CHEMONTID:0001934	Tetrahydropyridines	2224	Hydropyridines
1935	CHEMONTID:0001935	N-phenylureas	2279	Benzene and substituted derivatives
1936	CHEMONTID:0001936	Aminothiophenes	97	Thiophenes
1937	CHEMONTID:0001937	Polyprenyl quinols	2801	Prenylated hydroquinones
1938	CHEMONTID:0001938	Peptoids	1813	Peptidomimetics
1939	CHEMONTID:0001939	Peptoid-peptide hybrids	1813	Peptidomimetics
1940	CHEMONTID:0001940	Urea peptoids	1813	Peptidomimetics
1941	CHEMONTID:0001941	Azatides	1813	Peptidomimetics
1942	CHEMONTID:0001942	Azapeptides	1813	Peptidomimetics
1943	CHEMONTID:0001943	Polyisoxazolines	1813	Peptidomimetics
1944	CHEMONTID:0001944	Oligothioureas	1813	Peptidomimetics
1945	CHEMONTID:0001945	Vinylogous sulfonylpeptides	1813	Peptidomimetics
1946	CHEMONTID:0001946	Vinylogous peptides	1813	Peptidomimetics
1947	CHEMONTID:0001947	Imidazole oligoamides	1813	Peptidomimetics
1948	CHEMONTID:0001948	Pyridoxines	89	Pyridines and derivatives
1949	CHEMONTID:0001949	Pyrrolin-4-one oligomers	1813	Peptidomimetics
1950	CHEMONTID:0001950	Pyrrole oligoamides	1813	Peptidomimetics
1951	CHEMONTID:0001951	Oligoureas	1813	Peptidomimetics
1952	CHEMONTID:0001952	Oligourea amides	1813	Peptidomimetics
1953	CHEMONTID:0001953	Oligosulfoxides	1813	Peptidomimetics
1954	CHEMONTID:0001954	Oligosulfones	1813	Peptidomimetics
1955	CHEMONTID:0001955	Oligocarbamates	1813	Peptidomimetics
1956	CHEMONTID:0001956	Oligoanthrilamides	1813	Peptidomimetics
1957	CHEMONTID:0001957	Imidazole-pyrrole oligo- and polyamides	1813	Peptidomimetics
1958	CHEMONTID:0001958	Hydrazinopeptides	1813	Peptidomimetics
1959	CHEMONTID:0001959	Alpha-sulfonopeptides	1813	Peptidomimetics
1960	CHEMONTID:0001960	Alpha-phosphonopeptides	1813	Peptidomimetics
1961	CHEMONTID:0001961	Depsipeptides	1813	Peptidomimetics
1962	CHEMONTID:0001962	Aromatic urea oligo- and polyamides	1813	Peptidomimetics
1963	CHEMONTID:0001963	Aromatic oligo- and polyamides	1813	Peptidomimetics
1964	CHEMONTID:0001964	Glycodepsipeptides	1961	Depsipeptides
1965	CHEMONTID:0001965	Thienopyrans	2	Organoheterocyclic compounds
1966	CHEMONTID:0001966	Pyridoxamines	89	Pyridines and derivatives
1967	CHEMONTID:0001967	Oxolanes	2	Organoheterocyclic compounds
1968	CHEMONTID:0001968	Dibenzylbutyrolactols	3424	9,9'-epoxylignans
1969	CHEMONTID:0001969	Dibenzylbutane lignans	1392	Lignans, neolignans and related compounds
1970	CHEMONTID:0001970	Furan lignans	3686	Furanoid lignans
1971	CHEMONTID:0001971	Furofuran lignans	3686	Furanoid lignans
1972	CHEMONTID:0001972	Sphingosylphosphorylcholines	3392	Phosphosphingolipids
1973	CHEMONTID:0001973	Benzoxazolones	302	Benzoxazoles
1974	CHEMONTID:0001974	Piperidinecarboxylic acids and derivatives	195	Piperidines
1975	CHEMONTID:0001975	Pyrrolidinylpyridines	89	Pyridines and derivatives
1976	CHEMONTID:0001976	Pyridinylpiperazines	189	Piperazines
1977	CHEMONTID:0001977	Pyrimidinylpiperazines	75	Pyrimidines and pyrimidine derivatives
1978	CHEMONTID:0001978	Bipyrimidines and oligopyrimidines	75	Pyrimidines and pyrimidine derivatives
1979	CHEMONTID:0001979	Imidazodiazepines	2	Organoheterocyclic compounds
1980	CHEMONTID:0001980	Glycero-3-dithiophosphocholines	12	Lipids and lipid-like molecules
1981	CHEMONTID:0001981	Glycero-3-thiophosphocholines	12	Lipids and lipid-like molecules
1982	CHEMONTID:0001982	Furanones	1983	Dihydrofurans
1983	CHEMONTID:0001983	Dihydrofurans	2	Organoheterocyclic compounds
1984	CHEMONTID:0001984	Phenylpiperazines	189	Piperazines
1985	CHEMONTID:0001985	Dioxolopyrans	2	Organoheterocyclic compounds
1986	CHEMONTID:0001986	Tricarboxylic acids and derivatives	265	Carboxylic acids and derivatives
1987	CHEMONTID:0001987	Isosorbides	1816	Furofurans
1988	CHEMONTID:0001988	Dibenzoxepines	1910	Benzoxepines
1989	CHEMONTID:0001989	Heterocyclic fatty acids	262	Fatty acids and conjugates
1990	CHEMONTID:0001990	Pyrroloazepines	2	Organoheterocyclic compounds
1991	CHEMONTID:0001991	Pyran carboxylic acids and derivatives	86	Pyrans
1992	CHEMONTID:0001992	Nitrobenzoic acids and derivatives	176	Benzoic acids and derivatives
1993	CHEMONTID:0001993	2',5'-cyclic purine nucleotides	1491	Cyclic purine nucleotides
1994	CHEMONTID:0001994	Cyclic depsipeptides	1961	Depsipeptides
1995	CHEMONTID:0001995	Cyclic peptides	348	Peptides
1996	CHEMONTID:0001996	Cyclic glycopeptides and derivatives	1995	Cyclic peptides
1997	CHEMONTID:0001997	Imidazole ribonucleosides and ribonucleotides	289	Nucleosides, nucleotides, and analogues
1998	CHEMONTID:0001998	Purinethiones	245	Purines and purine derivatives
1999	CHEMONTID:0001999	Dithioxanthines	245	Purines and purine derivatives
2000	CHEMONTID:0002000	Piperazinoazepines	2	Organoheterocyclic compounds
2001	CHEMONTID:0002001	Imidazotetrazines	2	Organoheterocyclic compounds
2002	CHEMONTID:0002002	Mutilin derivatives	2930	Mutilane diterpenoids
2003	CHEMONTID:0002003	Pleuromutilin and derivatives	2002	Mutilin derivatives
2004	CHEMONTID:0002004	Triquinane sesquiterpenoids	1550	Sesquiterpenoids
2005	CHEMONTID:0002005	Pyrazolotriazines	2	Organoheterocyclic compounds
2006	CHEMONTID:0002006	Pyrazolylpyridines	89	Pyridines and derivatives
2007	CHEMONTID:0002007	Thiazolecarboxylic acids and derivatives	95	Thiazoles
2008	CHEMONTID:0002008	Thiazolecarboxamides	2007	Thiazolecarboxylic acids and derivatives
2009	CHEMONTID:0002009	Hybrid glycopeptides	2010	Hybrid peptides
2010	CHEMONTID:0002010	Hybrid peptides	1813	Peptidomimetics
2011	CHEMONTID:0002011	Pyranodioxins	2	Organoheterocyclic compounds
2012	CHEMONTID:0002012	Oxanes	2	Organoheterocyclic compounds
2013	CHEMONTID:0002013	Indolecarboxylic acids and derivatives	211	Indoles and derivatives
2014	CHEMONTID:0002014	Indolecarboxamides and derivatives	2013	Indolecarboxylic acids and derivatives
2015	CHEMONTID:0002015	Thiadiazolidines	2491	Azolidines
2016	CHEMONTID:0002016	Thiadiazolines	2490	Azolines
2017	CHEMONTID:0002017	Thiophene carboxylic acids and derivatives	97	Thiophenes
2018	CHEMONTID:0002018	Thiophene carboxamides	2017	Thiophene carboxylic acids and derivatives
2019	CHEMONTID:0002019	Phenylpyrazoles	87	Pyrazoles
2020	CHEMONTID:0002020	Thienopyrimidines	2	Organoheterocyclic compounds
2021	CHEMONTID:0002021	Bi- and oligothiophenes	2	Organoheterocyclic compounds
2022	CHEMONTID:0002022	Ureides	364	Organic carbonic acids and derivatives
2023	CHEMONTID:0002023	N-acyl ureas	2022	Ureides
2024	CHEMONTID:0002024	N,N'-diacyl ureas	2022	Ureides
2025	CHEMONTID:0002025	Thioketone s-oxides	121	Thioketones
2026	CHEMONTID:0002026	Dithiohemiacetals	2485	Thiols
2027	CHEMONTID:0002027	Seleninic acids and derivatives	264	Organic acids and derivatives
2028	CHEMONTID:0002028	Dipyrrins	2257	Substituted pyrroles
2029	CHEMONTID:0002029	Semioxamazones	112	Hydrazines and derivatives
2030	CHEMONTID:0002030	Ergopeptines	2680	Lysergic acids and derivatives
2031	CHEMONTID:0002031	Stigmastanes and derivatives	258	Steroids and steroid derivatives
2032	CHEMONTID:0002032	Isoselenocyanates	2468	Organoselenium compounds
2033	CHEMONTID:0002033	Carbonyl imides	3701	Oxonium ylides
2034	CHEMONTID:0002034	Carbonyl oxides	3701	Oxonium ylides
2035	CHEMONTID:0002035	Organic thiosulfuric acids and derivatives	264	Organic acids and derivatives
2036	CHEMONTID:0002036	Azo imides	3631	Allyl-type 1,3-dipolar organic compounds
2037	CHEMONTID:0002037	Azoxy compounds	3631	Allyl-type 1,3-dipolar organic compounds
2038	CHEMONTID:0002038	Formazans	112	Hydrazines and derivatives
2039	CHEMONTID:0002039	Gorgostanes and derivatives	258	Steroids and steroid derivatives
2040	CHEMONTID:0002040	Selenols	2468	Organoselenium compounds
2041	CHEMONTID:0002041	Selones	2468	Organoselenium compounds
2042	CHEMONTID:0002042	Terphenyls	2279	Benzene and substituted derivatives
2043	CHEMONTID:0002043	Acenaphthenes and derivatives	23	Naphthalenes
2044	CHEMONTID:0002044	Phenylnaphthalenes	23	Naphthalenes
2045	CHEMONTID:0002045	Bakkenolides	1543	Sesquiterpene lactones
2046	CHEMONTID:0002046	Ambrosanolides and secoambrosanolides	1543	Sesquiterpene lactones
2047	CHEMONTID:0002047	Eremophilanolides and secoeremophilanolides	1543	Sesquiterpene lactones
2048	CHEMONTID:0002048	Cadinanolides	1543	Sesquiterpene lactones
2049	CHEMONTID:0002049	Terpene glycosides	259	Prenol lipids
2050	CHEMONTID:0002050	Tetrathianes	2	Organoheterocyclic compounds
2051	CHEMONTID:0002051	Agarofurans	1550	Sesquiterpenoids
2052	CHEMONTID:0002052	Metalloheterocyclic compounds	2	Organoheterocyclic compounds
2053	CHEMONTID:0002053	Silyl enol ethers	3194	Organosilicon compounds
2054	CHEMONTID:0002054	Isoquinolones and derivatives	2566	Isoquinolines and derivatives
2055	CHEMONTID:0002055	Dithiins	2	Organoheterocyclic compounds
2056	CHEMONTID:0002056	Furazans	1822	Oxadiazoles
2057	CHEMONTID:0002057	Furoxans	2056	Furazans
2058	CHEMONTID:0002058	Oxathiins	2	Organoheterocyclic compounds
2059	CHEMONTID:0002059	Benzoxathiins	2	Organoheterocyclic compounds
2060	CHEMONTID:0002060	Phenoxathiins	2059	Benzoxathiins
2061	CHEMONTID:0002061	Diazaphospholanes	2	Organoheterocyclic compounds
2062	CHEMONTID:0002062	Diazaphospholines	2	Organoheterocyclic compounds
2063	CHEMONTID:0002063	Diazaphospholes	2	Organoheterocyclic compounds
2064	CHEMONTID:0002064	Histrionicotoxins	279	Alkaloids and derivatives
2065	CHEMONTID:0002065	Organic orthonitrates	463	Organic oxoanionic compounds
2066	CHEMONTID:0002066	Organic perbromates	463	Organic oxoanionic compounds
2067	CHEMONTID:0002067	Organic perchlorates	463	Organic oxoanionic compounds
2068	CHEMONTID:0002068	Organic periodates	463	Organic oxoanionic compounds
2069	CHEMONTID:0002069	Organic permanganates	463	Organic oxoanionic compounds
2070	CHEMONTID:0002070	Organic pertechnetates	463	Organic oxoanionic compounds
2071	CHEMONTID:0002071	Organic phosphites	463	Organic oxoanionic compounds
2072	CHEMONTID:0002072	Organic selenates	463	Organic oxoanionic compounds
2073	CHEMONTID:0002073	Organic selenites	463	Organic oxoanionic compounds
2074	CHEMONTID:0002074	Sulfite esters	4456	Organic sulfites
2075	CHEMONTID:0002075	M-quinomethanes	125	Quinomethanes
2076	CHEMONTID:0002076	Organic peroxomonosulfates	463	Organic oxoanionic compounds
2077	CHEMONTID:0002077	Organic peroxodisulfates	463	Organic oxoanionic compounds
2078	CHEMONTID:0002078	Organic pyrosulfates	463	Organic oxoanionic compounds
2079	CHEMONTID:0002079	Organic tetrathionates	463	Organic oxoanionic compounds
2080	CHEMONTID:0002080	Organic thiosulfates	463	Organic oxoanionic compounds
2081	CHEMONTID:0002081	Organic dithionites	463	Organic oxoanionic compounds
2082	CHEMONTID:0002082	Organic hyposulfites	463	Organic oxoanionic compounds
2083	CHEMONTID:0002083	Isoxazolidines	2491	Azolidines
2084	CHEMONTID:0002084	Isoxazolidinones	2083	Isoxazolidines
2085	CHEMONTID:0002085	Pyrazinecarboxamides	2265	Pyrazine carboxylic acids and derivatives
2086	CHEMONTID:0002086	Sulfanylbenzoic acids and derivatives	176	Benzoic acids and derivatives
2087	CHEMONTID:0002087	Indoloquinazolines	485	Quinazolines
2088	CHEMONTID:0002088	Acyloins	1831	Carbonyl compounds
2089	CHEMONTID:0002089	Oxoprolines	1158	Pyrrolidones
2090	CHEMONTID:0002090	Dithioles	2	Organoheterocyclic compounds
2091	CHEMONTID:0002091	Dihydrothiophenes	2	Organoheterocyclic compounds
2092	CHEMONTID:0002092	Tocotrienols	1546	Vitamin E compounds
2093	CHEMONTID:0002093	N-sulfonyl-1,2,4-triazoles	1120	Sulfonyl-1,2,4-triazoles
2094	CHEMONTID:0002094	Glucuronic acid derivatives	215	Sugar acids and derivatives
2095	CHEMONTID:0002095	Methanesulfonates	3136	Alkanesulfonic acids and derivatives
2096	CHEMONTID:0002096	Beta sultims	1387	Sultims
2097	CHEMONTID:0002097	Gamma sultims	1387	Sultims
2098	CHEMONTID:0002098	Delta sultims	1387	Sultims
2099	CHEMONTID:0002099	Cyclohexylphenols	2279	Benzene and substituted derivatives
2100	CHEMONTID:0002100	Benzodioxins	2	Organoheterocyclic compounds
2101	CHEMONTID:0002101	1-acyl-sn-glycerol-3-phosphoinositols	1355	Lysophosphatidylinositols
2102	CHEMONTID:0002102	Azarsinanes	2052	Metalloheterocyclic compounds
2103	CHEMONTID:0002103	Benzarsazines and derivatives	2052	Metalloheterocyclic compounds
2104	CHEMONTID:0002104	Phenarsazines and derivatives	2103	Benzarsazines and derivatives
2105	CHEMONTID:0002105	Glycosyl compounds	11	Carbohydrates and carbohydrate conjugates
2106	CHEMONTID:0002106	Anthracyclines	261	Phenylpropanoids and polyketides
2107	CHEMONTID:0002107	Benzodioxinopyrroles	1379	Benzo-p-dioxins
2108	CHEMONTID:0002108	Benzomorpholines	392	Morpholines
2109	CHEMONTID:0002109	Dioxiranes	2	Organoheterocyclic compounds
2110	CHEMONTID:0002110	Furoindazoles	80	Indazoles
2111	CHEMONTID:0002111	Pyranopyridines	2	Organoheterocyclic compounds
2112	CHEMONTID:0002112	Azaborines	2052	Metalloheterocyclic compounds
2113	CHEMONTID:0002113	Azaborinines	2052	Metalloheterocyclic compounds
2114	CHEMONTID:0002114	Naphthothiazoles	2	Organoheterocyclic compounds
2115	CHEMONTID:0002115	Stannines	1524	Organotin compounds
2116	CHEMONTID:0002116	Stannoles	1524	Organotin compounds
2117	CHEMONTID:0002117	Triazolopyridazines	2	Organoheterocyclic compounds
2118	CHEMONTID:0002118	Oxazolopyridines	2	Organoheterocyclic compounds
2119	CHEMONTID:0002119	Quassinoids	1283	Terpene lactones
2120	CHEMONTID:0002120	2-acyl-sn-glycerol-3-phosphoinositols	1355	Lysophosphatidylinositols
2121	CHEMONTID:0002121	2',5'-cyclic pyrimidine nucleotides	1492	Cyclic pyrimidine nucleotides
2122	CHEMONTID:0002122	O-quinomethanes	125	Quinomethanes
2123	CHEMONTID:0002123	P-quinomethanes	125	Quinomethanes
2124	CHEMONTID:0002124	Triazolothiazoles	2	Organoheterocyclic compounds
2125	CHEMONTID:0002125	Alkyl glycosides	1766	Fatty acyl glycosides
2126	CHEMONTID:0002126	P-terphenyls	2042	Terphenyls
2127	CHEMONTID:0002127	Pyrazolopyrazoles	2	Organoheterocyclic compounds
2128	CHEMONTID:0002128	Pyrrolopyrazoles	2	Organoheterocyclic compounds
2129	CHEMONTID:0002129	Pyranopyrimidines	2	Organoheterocyclic compounds
2130	CHEMONTID:0002130	Monothioketals	2131	Monothioacetals
2131	CHEMONTID:0002131	Monothioacetals	1187	Thioacetals
2132	CHEMONTID:0002132	Dithioacetals	1187	Thioacetals
2133	CHEMONTID:0002133	Dithioketals	2132	Dithioacetals
2134	CHEMONTID:0002134	Purine deoxyribonucleotides	1506	Purine nucleotides
2135	CHEMONTID:0002135	Purine deoxyribonucleoside monophosphates	2134	Purine deoxyribonucleotides
2136	CHEMONTID:0002136	Purine deoxyribonucleoside diphosphates	2134	Purine deoxyribonucleotides
2137	CHEMONTID:0002137	Purine deoxyribonucleoside triphosphates	2134	Purine deoxyribonucleotides
2138	CHEMONTID:0002138	Purine deoxyribonucleoside polyphosphates	2134	Purine deoxyribonucleotides
2139	CHEMONTID:0002139	Purine 2'-deoxyribonucleoside diphosphates	2136	Purine deoxyribonucleoside diphosphates
2140	CHEMONTID:0002140	Purine 3'-deoxyribonucleoside diphosphates	2136	Purine deoxyribonucleoside diphosphates
2141	CHEMONTID:0002141	Purine 2'-deoxyribonucleoside monophosphates	2135	Purine deoxyribonucleoside monophosphates
2142	CHEMONTID:0002142	Purine 3'-deoxyribonucleoside monophosphates	2135	Purine deoxyribonucleoside monophosphates
2143	CHEMONTID:0002143	Purine 2'-deoxyribonucleoside polyphosphates	2138	Purine deoxyribonucleoside polyphosphates
2144	CHEMONTID:0002144	Purine 3'-deoxyribonucleoside polyphosphates	2138	Purine deoxyribonucleoside polyphosphates
2145	CHEMONTID:0002145	Purine 2'-deoxyribonucleoside triphosphates	2137	Purine deoxyribonucleoside triphosphates
2146	CHEMONTID:0002146	Purine 3'-deoxyribonucleoside triphosphates	2137	Purine deoxyribonucleoside triphosphates
2147	CHEMONTID:0002147	Pyrimidine ribonucleotides	1509	Pyrimidine nucleotides
2148	CHEMONTID:0002148	Pyrimidine deoxyribonucleotides	1509	Pyrimidine nucleotides
2149	CHEMONTID:0002149	Pyrimidine deoxyribonucleoside bisphosphates	2148	Pyrimidine deoxyribonucleotides
2150	CHEMONTID:0002150	Pyrimidine deoxyribonucleoside diphosphates	2148	Pyrimidine deoxyribonucleotides
2151	CHEMONTID:0002151	Pyrimidine deoxyribonucleoside monophosphates	2148	Pyrimidine deoxyribonucleotides
2152	CHEMONTID:0002152	Pyrimidine deoxyribonucleoside polyphosphates	2148	Pyrimidine deoxyribonucleotides
2153	CHEMONTID:0002153	Pyrimidine deoxyribonucleoside triphosphates	2148	Pyrimidine deoxyribonucleotides
2154	CHEMONTID:0002154	Pyrimidine deoxyribonucleoside 2',5'-bisphosphates	2149	Pyrimidine deoxyribonucleoside bisphosphates
2155	CHEMONTID:0002155	Pyrimidine deoxyribonucleoside 3',5'-bisphosphates	2149	Pyrimidine deoxyribonucleoside bisphosphates
2156	CHEMONTID:0002156	Pyrimidine 2'-deoxyribonucleoside diphosphates	2150	Pyrimidine deoxyribonucleoside diphosphates
2157	CHEMONTID:0002157	Pyrimidine 3'-deoxyribonucleoside diphosphates	2150	Pyrimidine deoxyribonucleoside diphosphates
2158	CHEMONTID:0002158	Pyrimidine 2'-deoxyribonucleoside monophosphates	2151	Pyrimidine deoxyribonucleoside monophosphates
2159	CHEMONTID:0002159	Pyrimidine 3'-deoxyribonucleoside monophosphates	2151	Pyrimidine deoxyribonucleoside monophosphates
2160	CHEMONTID:0002160	Pyrimidine 2'-deoxyribonucleoside polyphosphates	2152	Pyrimidine deoxyribonucleoside polyphosphates
2161	CHEMONTID:0002161	Pyrimidine 3'-deoxyribonucleoside polyphosphates	2152	Pyrimidine deoxyribonucleoside polyphosphates
2162	CHEMONTID:0002162	Pyrimidine 2'-deoxyribonucleoside triphosphates	2153	Pyrimidine deoxyribonucleoside triphosphates
2163	CHEMONTID:0002163	Pyrimidine 3'-deoxyribonucleoside triphosphates	2153	Pyrimidine deoxyribonucleoside triphosphates
2164	CHEMONTID:0002164	10,11-secoergolines	279	Alkaloids and derivatives
2165	CHEMONTID:0002165	Pyrimidine 2',3'-dideoxyribonucleoside diphosphates	2150	Pyrimidine deoxyribonucleoside diphosphates
2166	CHEMONTID:0002166	Pyrimidine 2',3'-dideoxyribonucleoside monophosphates	2151	Pyrimidine deoxyribonucleoside monophosphates
2167	CHEMONTID:0002167	Pyrimidine 2',3'-dideoxyribonucleoside polyphosphates	2152	Pyrimidine deoxyribonucleoside polyphosphates
2168	CHEMONTID:0002168	Pyrimidine 2',3'-dideoxyribonucleoside triphosphates	2153	Pyrimidine deoxyribonucleoside triphosphates
2169	CHEMONTID:0002169	Purine 2',3'-dideoxyribonucleoside diphosphates	2136	Purine deoxyribonucleoside diphosphates
2170	CHEMONTID:0002170	Purine 2',3'-dideoxyribonucleoside monophosphates	2135	Purine deoxyribonucleoside monophosphates
2171	CHEMONTID:0002171	Purine 2',3'-dideoxyribonucleoside polyphosphates	2138	Purine deoxyribonucleoside polyphosphates
2172	CHEMONTID:0002172	Purine 2',3'-dideoxyribonucleoside triphosphates	2137	Purine deoxyribonucleoside triphosphates
2173	CHEMONTID:0002173	Purine deoxyribonucleoside bisphosphates	2134	Purine deoxyribonucleotides
2174	CHEMONTID:0002174	Pyrazole ribonucleosides and ribonucleotides	289	Nucleosides, nucleotides, and analogues
2175	CHEMONTID:0002175	Purine deoxyribonucleoside 3',5'-bisphosphates	2173	Purine deoxyribonucleoside bisphosphates
2176	CHEMONTID:0002176	Purine deoxyribonucleoside 2',5'-bisphosphates	2173	Purine deoxyribonucleoside bisphosphates
2177	CHEMONTID:0002177	Purine 2'-deoxyribonucleosides	479	Purine nucleosides
2178	CHEMONTID:0002178	Purine 3'-deoxyribonucleosides	479	Purine nucleosides
2179	CHEMONTID:0002179	Purine 2',3'-dideoxyribonucleosides	479	Purine nucleosides
2180	CHEMONTID:0002180	Pyrimidine 2'-deoxyribonucleosides	480	Pyrimidine nucleosides
2181	CHEMONTID:0002181	Pyrimidine 3'-deoxyribonucleosides	480	Pyrimidine nucleosides
2182	CHEMONTID:0002182	Pyrimidine 2',3'-dideoxyribonucleosides	480	Pyrimidine nucleosides
2183	CHEMONTID:0002183	Phenyltriazoles	99	Triazoles
2184	CHEMONTID:0002184	Piperazinesulfonamides	189	Piperazines
2185	CHEMONTID:0002185	Pyrazolopyrimidine ribonucleosides and ribonucleotides	289	Nucleosides, nucleotides, and analogues
2186	CHEMONTID:0002186	N-amidino-alpha amino acids	60	Alpha amino acids and derivatives
2187	CHEMONTID:0002187	Primary ketimines	1673	Ketimines
2188	CHEMONTID:0002188	Phthalide isoquinolines	279	Alkaloids and derivatives
2189	CHEMONTID:0002189	1-phenethyltetrahydroisoquinolines	2955	Tetrahydroisoquinolines
2190	CHEMONTID:0002190	Pachysanane triterpenoids	1553	Triterpenoids
2191	CHEMONTID:0002191	Oligosaccharide phosphates	198	Oligosaccharides
2192	CHEMONTID:0002192	6,7-secoergolines	279	Alkaloids and derivatives
2193	CHEMONTID:0002193	Ergopeptams	2680	Lysergic acids and derivatives
2194	CHEMONTID:0002194	Hydroxy bile acids, alcohols and derivatives	1445	Bile acids, alcohols and derivatives
2195	CHEMONTID:0002195	Naphthylisoquinolines	2566	Isoquinolines and derivatives
2196	CHEMONTID:0002196	Naphthylquinolines	2348	Phenylquinolines
2197	CHEMONTID:0002197	Oxazolopyrazines	2	Organoheterocyclic compounds
2198	CHEMONTID:0002198	Pentahydroxy bile acids, alcohols and derivatives	2194	Hydroxy bile acids, alcohols and derivatives
2199	CHEMONTID:0002199	Peptidosulfonamides	1813	Peptidomimetics
2200	CHEMONTID:0002200	Phenylazetidines	102	Azetidines
2201	CHEMONTID:0002201	Sophorolipids	1766	Fatty acyl glycosides
2202	CHEMONTID:0002202	Hydropyrimidines	75	Pyrimidines and pyrimidine derivatives
2203	CHEMONTID:0002203	Glycosylamines	2105	Glycosyl compounds
2204	CHEMONTID:0002204	C-glycosyl compounds	2105	Glycosyl compounds
2205	CHEMONTID:0002205	Thioglycosides	2105	Glycosyl compounds
2206	CHEMONTID:0002206	Selenoglycosides	2105	Glycosyl compounds
2207	CHEMONTID:0002207	O-glycosyl compounds	2105	Glycosyl compounds
2208	CHEMONTID:0002208	Purine ribonucleoside 2',5'-bisphosphates	26	Purine ribonucleoside bisphosphates
2209	CHEMONTID:0002209	Purine ribonucleoside 3',5'-bisphosphates	26	Purine ribonucleoside bisphosphates
2210	CHEMONTID:0002210	Sugar alcohols	11	Carbohydrates and carbohydrate conjugates
2211	CHEMONTID:0002211	Isoxazolines	2490	Azolines
2212	CHEMONTID:0002212	Pyridine carboxaldehydes	89	Pyridines and derivatives
2213	CHEMONTID:0002213	Glycerophosphocholines	256	Glycerophospholipids
2214	CHEMONTID:0002214	Glycerophosphates	256	Glycerophospholipids
2215	CHEMONTID:0002215	Glycerophosphoethanolamines	256	Glycerophospholipids
2216	CHEMONTID:0002216	Glycerophosphoglycerols	256	Glycerophospholipids
2217	CHEMONTID:0002217	Glycerophosphoglycerophosphates	256	Glycerophospholipids
2218	CHEMONTID:0002218	Glycerophosphoserines	256	Glycerophospholipids
2219	CHEMONTID:0002219	Glycerophosphoinositols	256	Glycerophospholipids
2220	CHEMONTID:0002220	Glycerophosphoinositol phosphates	256	Glycerophospholipids
2221	CHEMONTID:0002221	Polyprenylphenols	259	Prenol lipids
2222	CHEMONTID:0002222	Hydropyrimidine carboxylic acids and derivatives	2202	Hydropyrimidines
2223	CHEMONTID:0002223	Butenolides	1982	Furanones
2224	CHEMONTID:0002224	Hydropyridines	89	Pyridines and derivatives
2225	CHEMONTID:0002225	Dioxaborolanes	2	Organoheterocyclic compounds
2226	CHEMONTID:0002226	Dioxaboroles	2	Organoheterocyclic compounds
2227	CHEMONTID:0002227	Oxaborole derivatives	2052	Metalloheterocyclic compounds
2228	CHEMONTID:0002228	Dialkylamines	2451	Secondary amines
2229	CHEMONTID:0002229	Medium-chain aldehydes	124	Aldehydes
2230	CHEMONTID:0002230	Short-chain aldehydes	124	Aldehydes
2231	CHEMONTID:0002231	Ubiquinols	2801	Prenylated hydroquinones
2232	CHEMONTID:0002232	Isoxazolinones	2211	Isoxazolines
2233	CHEMONTID:0002233	Aldazines	2392	Azines
2234	CHEMONTID:0002234	Aminotetrazines	92	Tetrazines
2235	CHEMONTID:0002235	Ketazines	2392	Azines
2236	CHEMONTID:0002236	Delta sultones	1889	Oxathianes
2237	CHEMONTID:0002237	Arylsulfonic acids and derivatives	270	Organosulfonic acids and derivatives
2238	CHEMONTID:0002238	Quinolizine carboxylic acids and derivatives	222	Quinolizines
2239	CHEMONTID:0002239	Trialkylamines	2452	Tertiary amines
2240	CHEMONTID:0002240	Thiopyranoquinolines	56	Quinolones and derivatives
2241	CHEMONTID:0002241	Aromatic amines	2279	Benzene and substituted derivatives
2242	CHEMONTID:0002242	Elemanolides	1543	Sesquiterpene lactones
2243	CHEMONTID:0002243	Phenylacetylindoles	211	Indoles and derivatives
2244	CHEMONTID:0002244	8,2'-cyclic pyrimidine nucleotides	1492	Cyclic pyrimidine nucleotides
2245	CHEMONTID:0002245	Abscisic acids and derivatives	1550	Sesquiterpenoids
2246	CHEMONTID:0002246	Cinchona alkaloids	279	Alkaloids and derivatives
2247	CHEMONTID:0002247	Naphthoylindoles	211	Indoles and derivatives
2248	CHEMONTID:0002248	Pyrimidine ribonucleoside 2',5'-bisphosphates	1904	Pyrimidine ribonucleoside bisphosphates
2249	CHEMONTID:0002249	Pyrimidine ribonucleoside 3',5'-bisphosphates	1904	Pyrimidine ribonucleoside bisphosphates
2250	CHEMONTID:0002250	Cyclic glycodepsipeptides	1994	Cyclic depsipeptides
2251	CHEMONTID:0002251	Thioaldehyde s-oxides	1188	Thioaldehydes
2252	CHEMONTID:0002252	Quinoline-3-carboxamides	2553	Quinoline carboxamides
2253	CHEMONTID:0002253	Nicotinamides	1326	Pyridinecarboxamides
2254	CHEMONTID:0002254	N-substituted nicotinamides	2253	Nicotinamides
2255	CHEMONTID:0002255	Glyceraldehyde-3-phosphates	1541	Monosaccharide phosphates
2256	CHEMONTID:0002256	Pyrrolidinecarboxamides	1903	Pyrrolidine carboxylic acids and derivatives
2257	CHEMONTID:0002257	Substituted pyrroles	90	Pyrroles
2258	CHEMONTID:0002258	N-substituted pyrroles	2257	Substituted pyrroles
2259	CHEMONTID:0002259	Pentose phosphates	1497	Pentoses
2260	CHEMONTID:0002260	Hexose phosphates	1498	Hexoses
2261	CHEMONTID:0002261	Oxathioles	2	Organoheterocyclic compounds
2262	CHEMONTID:0002262	Gluconolactones	1498	Hexoses
2263	CHEMONTID:0002263	Pyranopterins and derivatives	110	Pterins and derivatives
2264	CHEMONTID:0002264	Sulfoquinovosyldiacylglycerols	3067	Glycosyldiacylglycerols
2265	CHEMONTID:0002265	Pyrazine carboxylic acids and derivatives	67	Pyrazines
2266	CHEMONTID:0002266	Actinide selenophosphates	448	Actinide oxoanionic compounds
2267	CHEMONTID:0002267	Alkali metal selenophosphates	445	Alkali metal oxoanionic compounds
2268	CHEMONTID:0002268	Lanthanide selenophosphates	447	Lanthanide oxoanionic compounds
2269	CHEMONTID:0002269	Metalloid selenophosphates	449	Metalloid oxoanionic compounds
2270	CHEMONTID:0002270	Non-metal selenophosphates	1442	Other mixed metal/non-metal oxoanionic compounds
2271	CHEMONTID:0002271	Post-transition metal selenophosphates	451	Post-transition metal oxoanionic compounds
2272	CHEMONTID:0002272	Transition metal selenophosphates	450	Transition metal oxoanionic compounds
2273	CHEMONTID:0002273	Hydantoins	1150	Imidazolidinediones
2274	CHEMONTID:0002274	Allantoins	2273	Hydantoins
2275	CHEMONTID:0002275	Nitronaphthalenes	23	Naphthalenes
2276	CHEMONTID:0002276	N-acyl-alpha-hexosamines	3305	Aminosaccharides
2277	CHEMONTID:0002277	Alkaline earth metal selenophosphates	446	Alkaline earth metal oxoanionic compounds
2278	CHEMONTID:0002278	Shikimic acids and derivatves	2509	Cyclitols and derivatives
2279	CHEMONTID:0002279	Benzene and substituted derivatives	2448	Benzenoids
2280	CHEMONTID:0002280	Indole-3-glycerol-3-phosphates	2214	Glycerophosphates
2281	CHEMONTID:0002281	N-acyl-alpha-hexosamine-6-phosphates	2276	N-acyl-alpha-hexosamines
2282	CHEMONTID:0002282	Phenylhydantoins	2273	Hydantoins
2283	CHEMONTID:0002283	Pterin carboxylates	110	Pterins and derivatives
2284	CHEMONTID:0002284	Pyrrolopyrimidinecarboxylic acids and derivatives	1799	Pyrrolopyrimidines
2285	CHEMONTID:0002285	Carboximidic acids and derivatives	264	Organic acids and derivatives
2286	CHEMONTID:0002286	Polyols	129	Alcohols and polyols
2287	CHEMONTID:0002287	Pyrroline carboxylic acids and derivatives	91	Pyrrolines
2288	CHEMONTID:0002288	Thiomorpholines	1884	Thiazinanes
2289	CHEMONTID:0002289	Thiomorpholine carboxylic acids and derivatives	2288	Thiomorpholines
2290	CHEMONTID:0002290	Non-metal dithiophosphates	435	Non-metal oxoanionic compounds
2291	CHEMONTID:0002291	Non-metal thiophosphates	435	Non-metal oxoanionic compounds
2292	CHEMONTID:0002292	Actinide dithiophosphates	448	Actinide oxoanionic compounds
2293	CHEMONTID:0002293	Actinide thiophosphates	448	Actinide oxoanionic compounds
2294	CHEMONTID:0002294	Alkali metal thiophosphates	445	Alkali metal oxoanionic compounds
2295	CHEMONTID:0002295	Alkali metal dithiophosphates	445	Alkali metal oxoanionic compounds
2296	CHEMONTID:0002296	Alkaline earth metal thiophosphates	446	Alkaline earth metal oxoanionic compounds
2297	CHEMONTID:0002297	Alkaline earth metal dithiophosphates	446	Alkaline earth metal oxoanionic compounds
2298	CHEMONTID:0002298	Lanthanide thiophosphates	447	Lanthanide oxoanionic compounds
2299	CHEMONTID:0002299	Lanthanide dithiophosphates	447	Lanthanide oxoanionic compounds
2300	CHEMONTID:0002300	Metalloid thiophosphates	449	Metalloid oxoanionic compounds
2301	CHEMONTID:0002301	Metalloid dithiophosphates	449	Metalloid oxoanionic compounds
2302	CHEMONTID:0002302	Post-transition metal thiophosphates	451	Post-transition metal oxoanionic compounds
2303	CHEMONTID:0002303	Post-transition metal dithiophosphates	451	Post-transition metal oxoanionic compounds
2304	CHEMONTID:0002304	Transition metal thiophosphates	450	Transition metal oxoanionic compounds
2305	CHEMONTID:0002305	Transition metal dithiophosphates	450	Transition metal oxoanionic compounds
2306	CHEMONTID:0002306	Pyrrolopyrimidine nucleosides and nucleotides	289	Nucleosides, nucleotides, and analogues
2307	CHEMONTID:0002307	Morpholine carboxylic acids and derivatives	392	Morpholines
2308	CHEMONTID:0002308	Phenylpyrimidines	75	Pyrimidines and pyrimidine derivatives
2309	CHEMONTID:0002309	Alpha amino acid amides	60	Alpha amino acids and derivatives
2310	CHEMONTID:0002310	Substituted imidazoles	78	Imidazoles
2311	CHEMONTID:0002311	N-substituted imidazoles	2310	Substituted imidazoles
2312	CHEMONTID:0002312	Piperidinecarboxamides	1974	Piperidinecarboxylic acids and derivatives
2313	CHEMONTID:0002313	Thienodiazepines	2	Organoheterocyclic compounds
2314	CHEMONTID:0002314	Quinazolinamines	485	Quinazolines
2315	CHEMONTID:0002315	Piperazine carboxylic acids and derivatives	189	Piperazines
2316	CHEMONTID:0002316	Piperazine carboxamides	2315	Piperazine carboxylic acids and derivatives
2317	CHEMONTID:0002317	Phenylpyridines	89	Pyridines and derivatives
2318	CHEMONTID:0002318	Carbacephems	162	Beta lactams
2319	CHEMONTID:0002319	Phenol esters	2448	Benzenoids
2320	CHEMONTID:0002320	Halophenols	134	Phenols
2321	CHEMONTID:0002321	Cycloartanols and derivatives	258	Steroids and steroid derivatives
2322	CHEMONTID:0002322	Triazolodiazepines	2	Organoheterocyclic compounds
2323	CHEMONTID:0002323	Benzothiadiazoles	2	Organoheterocyclic compounds
2324	CHEMONTID:0002324	Triazole carboxylic acids and derivatives	99	Triazoles
2325	CHEMONTID:0002325	Triazole carboxamides	2324	Triazole carboxylic acids and derivatives
2326	CHEMONTID:0002326	Thiadiazole sulfonamides	93	Thiadiazoles
2327	CHEMONTID:0002327	Phenylimidazoles	2310	Substituted imidazoles
2328	CHEMONTID:0002328	Isoxazolidinediones	2084	Isoxazolidinones
2329	CHEMONTID:0002329	Aminothiazoles	95	Thiazoles
2330	CHEMONTID:0002330	Isoxazolopyridines	2	Organoheterocyclic compounds
2331	CHEMONTID:0002331	Isoxazolopyrazines	2	Organoheterocyclic compounds
2332	CHEMONTID:0002332	Benzisoxazoles	2	Organoheterocyclic compounds
2333	CHEMONTID:0002333	Benzisoxazolones	2332	Benzisoxazoles
2334	CHEMONTID:0002334	Phenylpyrroles	2257	Substituted pyrroles
2335	CHEMONTID:0002335	Phenylpyrrolines	91	Pyrrolines
2336	CHEMONTID:0002336	Phenylpyrrolidines	218	Pyrrolidines
2337	CHEMONTID:0002337	Imidazolethiones	79	Imidazolines
2338	CHEMONTID:0002338	Cycloheptathiophenes	2	Organoheterocyclic compounds
2339	CHEMONTID:0002339	Chromenopyridines	3410	1-benzopyrans
2340	CHEMONTID:0002340	Azasteroids and derivatives	258	Steroids and steroid derivatives
2341	CHEMONTID:0002341	Phenol ethers	2448	Benzenoids
2342	CHEMONTID:0002342	Triazole ribonucleosides and ribonucleotides	289	Nucleosides, nucleotides, and analogues
2343	CHEMONTID:0002343	Dialkylglycerophosphoglycerophosphates	2217	Glycerophosphoglycerophosphates
2344	CHEMONTID:0002344	Methoxybenzoic acids and derivatives	176	Benzoic acids and derivatives
2345	CHEMONTID:0002345	O-methoxybenzoic acids and derivatives	2344	Methoxybenzoic acids and derivatives
2346	CHEMONTID:0002346	P-methoxybenzoic acids and derivatives	2344	Methoxybenzoic acids and derivatives
2347	CHEMONTID:0002347	M-methoxybenzoic acids and derivatives	2344	Methoxybenzoic acids and derivatives
2348	CHEMONTID:0002348	Phenylquinolines	1253	Quinolines and derivatives
2349	CHEMONTID:0002349	Naphthalenecarboxamides	1871	Naphthalenecarboxylic acids and derivatives
2350	CHEMONTID:0002350	Pyrazole carboxylic acids and derivatives	87	Pyrazoles
2351	CHEMONTID:0002351	Benzocycloheptapyridines	2	Organoheterocyclic compounds
2352	CHEMONTID:0002352	Thioenol ethers	1202	Thioethers
2353	CHEMONTID:0002353	Thioenols	4	Organosulfur compounds
2354	CHEMONTID:0002354	Enol esters	1238	Carboxylic acid esters
2355	CHEMONTID:0002355	Benzoisochromanequinones	1649	Isochromanequinones
2356	CHEMONTID:0002356	Diketopiperazines	1995	Cyclic peptides
2357	CHEMONTID:0002357	Aminopiperidines	195	Piperidines
2358	CHEMONTID:0002358	Triterpene saponins	1580	Triterpene glycosides
2359	CHEMONTID:0002359	Thiophenol ethers	2448	Benzenoids
2360	CHEMONTID:0002360	Thiophenol esters	2448	Benzenoids
2361	CHEMONTID:0002361	Thiobenzoic acids and derivatives	2279	Benzene and substituted derivatives
2362	CHEMONTID:0002362	Thienamycins	167	Carbapenems
2363	CHEMONTID:0002363	Phenylacetamides	2279	Benzene and substituted derivatives
2364	CHEMONTID:0002364	Steroidal saponins	1013	Steroidal glycosides
2365	CHEMONTID:0002365	Cyanogenic glycosides	2105	Glycosyl compounds
2366	CHEMONTID:0002366	Non-metal phosphonates	435	Non-metal oxoanionic compounds
2367	CHEMONTID:0002367	Actinide phosphonates	448	Actinide oxoanionic compounds
2368	CHEMONTID:0002368	Alkali metal phosphonates	445	Alkali metal oxoanionic compounds
2369	CHEMONTID:0002369	Alkaline earth metal phosphonates	446	Alkaline earth metal oxoanionic compounds
2370	CHEMONTID:0002370	Lanthanide phosphonates	447	Lanthanide oxoanionic compounds
2371	CHEMONTID:0002371	Metalloid phosphonates	449	Metalloid oxoanionic compounds
2372	CHEMONTID:0002372	Post-transition metal phosphonates	451	Post-transition metal oxoanionic compounds
2373	CHEMONTID:0002373	Transition metal phosphonates	450	Transition metal oxoanionic compounds
2374	CHEMONTID:0002374	Furanoquinolines	1253	Quinolines and derivatives
2375	CHEMONTID:0002375	Secondary ketimines	1673	Ketimines
2376	CHEMONTID:0002376	Nitrite esters	1152	Organic nitro compounds
2377	CHEMONTID:0002377	Piperazinopiperidines	2	Organoheterocyclic compounds
2378	CHEMONTID:0002378	Pyrroloquinoxalines	486	Quinoxalines
2379	CHEMONTID:0002379	Triazoloquinazolines	485	Quinazolines
2380	CHEMONTID:0002380	Limonoids	1553	Triterpenoids
2381	CHEMONTID:0002381	17-furanylsteroids and derivatives	258	Steroids and steroid derivatives
2382	CHEMONTID:0002382	Oxasteroids and derivatives	258	Steroids and steroid derivatives
2383	CHEMONTID:0002383	Thiasteroids and derivatives	258	Steroids and steroid derivatives
2384	CHEMONTID:0002384	Benzoquinones	2495	Quinones
2385	CHEMONTID:0002385	O-quinones	2495	Quinones
2386	CHEMONTID:0002386	M-quinones	2495	Quinones
2387	CHEMONTID:0002387	P-quinones	2495	Quinones
2388	CHEMONTID:0002388	O-iminoquinones	2851	Iminoquinones
2389	CHEMONTID:0002389	Diazinanes	2	Organoheterocyclic compounds
2390	CHEMONTID:0002390	P-iminoquinones	2851	Iminoquinones
2391	CHEMONTID:0002391	Glycerol ethers	175	Glycerolipids
2392	CHEMONTID:0002392	Azines	112	Hydrazines and derivatives
2393	CHEMONTID:0002393	Azomethines	278	Organonitrogen compounds
2394	CHEMONTID:0002394	Shiff bases	1267	Aldimines
2395	CHEMONTID:0002395	Primary aldimines	1267	Aldimines
2396	CHEMONTID:0002396	Azomethine imides	3631	Allyl-type 1,3-dipolar organic compounds
2397	CHEMONTID:0002397	Nitrones	3631	Allyl-type 1,3-dipolar organic compounds
2398	CHEMONTID:0002398	Azomethine ylides	3631	Allyl-type 1,3-dipolar organic compounds
2399	CHEMONTID:0002399	Azonic acids and derivatives	278	Organonitrogen compounds
2400	CHEMONTID:0002400	Adianane, fernane, filicane, and neohopane triterpenoids	1553	Triterpenoids
2401	CHEMONTID:0002401	Thiophthalic anhydrides	2	Organoheterocyclic compounds
2402	CHEMONTID:0002402	N-acyl-alpha amino acids	1189	N-acyl-alpha amino acids and derivatives
2403	CHEMONTID:0002403	N-carbamoyl-alpha amino acids	1224	N-carbamoyl-alpha amino acids and derivatives
2404	CHEMONTID:0002404	Alpha amino acids	60	Alpha amino acids and derivatives
2405	CHEMONTID:0002405	Imidazole carboxylic acids	1226	Imidazole carboxylic acids and derivatives
2406	CHEMONTID:0002406	Indolecarboxylic acids	2013	Indolecarboxylic acids and derivatives
2407	CHEMONTID:0002407	Morpholine carboxylic acids	2307	Morpholine carboxylic acids and derivatives
2408	CHEMONTID:0002408	Thiomorpholine carboxylic acids	2289	Thiomorpholine carboxylic acids and derivatives
2409	CHEMONTID:0002409	Oxirane carboxylic acids	1864	Oxirane carboxylic acids and derivatives
2410	CHEMONTID:0002410	Piperazine carboxylic acids	2315	Piperazine carboxylic acids and derivatives
2411	CHEMONTID:0002411	Piperidinecarboxylic acids	1974	Piperidinecarboxylic acids and derivatives
2412	CHEMONTID:0002412	Pyran carboxylic acids	1991	Pyran carboxylic acids and derivatives
2413	CHEMONTID:0002413	Pyrazine carboxylic acids	2265	Pyrazine carboxylic acids and derivatives
2414	CHEMONTID:0002414	Pyridinecarboxylic acids	1322	Pyridinecarboxylic acids and derivatives
2415	CHEMONTID:0002415	Pyrimidinecarboxylic acids	1319	Pyrimidinecarboxylic acids and derivatives
2416	CHEMONTID:0002416	Pyrrolidine carboxylic acids	1903	Pyrrolidine carboxylic acids and derivatives
2417	CHEMONTID:0002417	Pyrroline carboxylic acids	2287	Pyrroline carboxylic acids and derivatives
2418	CHEMONTID:0002418	Thiazolecarboxylic acids	2007	Thiazolecarboxylic acids and derivatives
2419	CHEMONTID:0002419	Thiophene carboxylic acids	2017	Thiophene carboxylic acids and derivatives
2420	CHEMONTID:0002420	Triazole carboxylic acids	2324	Triazole carboxylic acids and derivatives
2421	CHEMONTID:0002421	Naphthalenecarboxylic acids	1871	Naphthalenecarboxylic acids and derivatives
2422	CHEMONTID:0002422	Azetidinecarboxylic acids	1876	Azetidinecarboxylic acids or derivatives
2423	CHEMONTID:0002423	Aziridinecarboxylic acids	1877	Aziridinecarboxylic acids or derivatives
2424	CHEMONTID:0002424	Anthracenecarboxylic acids	1911	Anthracenecarboxylic acids and derivatives
2425	CHEMONTID:0002425	Tellurols	2469	Organotellurium compounds
2426	CHEMONTID:0002426	Tellones	2469	Organotellurium compounds
2427	CHEMONTID:0002427	Carboselenoic acids and derivatives	264	Organic acids and derivatives
2428	CHEMONTID:0002428	Selenazoles	2	Organoheterocyclic compounds
2429	CHEMONTID:0002429	Selenoethers	2468	Organoselenium compounds
2430	CHEMONTID:0002430	Selenoesters	2468	Organoselenium compounds
2431	CHEMONTID:0002431	Telluroethers	2469	Organotellurium compounds
2432	CHEMONTID:0002432	Alpha-bromoaldehydes	124	Aldehydes
2433	CHEMONTID:0002433	Alpha,beta-unsaturated aldehydes	3131	Alpha,beta-unsaturated carbonyl compounds
2434	CHEMONTID:0002434	Alpha-hydrogen aldehydes	124	Aldehydes
2435	CHEMONTID:0002435	Beta-hydroxy aldehydes	124	Aldehydes
2436	CHEMONTID:0002436	Enals	2433	Alpha,beta-unsaturated aldehydes
2437	CHEMONTID:0002437	Ynals	2433	Alpha,beta-unsaturated aldehydes
2438	CHEMONTID:0002438	Terminal alkynes	1301	Alkynes
2439	CHEMONTID:0002439	Internal alkynes	1301	Alkynes
2440	CHEMONTID:0002440	Artemisinins	1550	Sesquiterpenoids
2441	CHEMONTID:0002441	Naphthols and derivatives	23	Naphthalenes
2442	CHEMONTID:0002442	Nitrosopiperidines	195	Piperidines
2443	CHEMONTID:0002443	Nitrosothiols	4779	Organic S-nitroso compounds
2444	CHEMONTID:0002444	N-methylnitrosoureas	1229	Nitrosoureas
2445	CHEMONTID:0002445	Peroxycarboxylic acids and derivatives	265	Carboxylic acids and derivatives
2446	CHEMONTID:0002446	Peroxycarboxylic acids	2445	Peroxycarboxylic acids and derivatives
2447	CHEMONTID:0002447	Piperidinylpiperazines	189	Piperazines
2448	CHEMONTID:0002448	Benzenoids	0	Organic compounds
2449	CHEMONTID:0002449	Amines	278	Organonitrogen compounds
2450	CHEMONTID:0002450	Primary amines	2449	Amines
2451	CHEMONTID:0002451	Secondary amines	2449	Amines
2452	CHEMONTID:0002452	Tertiary amines	2449	Amines
2453	CHEMONTID:0002453	Primary aromatic amines	2450	Primary amines
2454	CHEMONTID:0002454	Tertiary alkylarylamines	2452	Tertiary amines
2455	CHEMONTID:0002455	Diarylamines	2451	Secondary amines
2456	CHEMONTID:0002456	Germacrane sesquiterpenoids	1550	Sesquiterpenoids
2457	CHEMONTID:0002457	Triarylamines	2452	Tertiary amines
2458	CHEMONTID:0002458	Secondary alkylarylamines	2451	Secondary amines
2459	CHEMONTID:0002459	Nitramines	1152	Organic nitro compounds
2460	CHEMONTID:0002460	Alkanolamines	2449	Amines
2461	CHEMONTID:0002461	Nitrile imides	3633	Propargyl-type 1,3-dipolar organic compounds
2462	CHEMONTID:0002462	Imidothioic acids and derivatives	264	Organic acids and derivatives
2463	CHEMONTID:0002463	Diarylethers	254	Ethers
2464	CHEMONTID:0002464	Hydrazidines	112	Hydrazines and derivatives
2465	CHEMONTID:0002465	Ynols	323	Organooxygen compounds
2466	CHEMONTID:0002466	Oxazaphosphinanes	2	Organoheterocyclic compounds
2467	CHEMONTID:0002467	1,2-diols	2286	Polyols
2468	CHEMONTID:0002468	Organoselenium compounds	1370	Organometalloid compounds
2469	CHEMONTID:0002469	Organotellurium compounds	1370	Organometalloid compounds
2470	CHEMONTID:0002470	Selenocyanates	2468	Organoselenium compounds
2471	CHEMONTID:0002471	Selenenyl halides	2468	Organoselenium compounds
2472	CHEMONTID:0002472	Diselenides	2468	Organoselenium compounds
2473	CHEMONTID:0002473	Selenoxides	2468	Organoselenium compounds
2474	CHEMONTID:0002474	Perselenic acids	2475	Perselenic acids and derivatives
2475	CHEMONTID:0002475	Perselenic acids and derivatives	264	Organic acids and derivatives
2476	CHEMONTID:0002476	Seleniranes	2468	Organoselenium compounds
2477	CHEMONTID:0002477	Telluraldehydes	2469	Organotellurium compounds
2478	CHEMONTID:0002478	Ditellurides	2469	Organotellurium compounds
2479	CHEMONTID:0002479	Tellurones	2469	Organotellurium compounds
2480	CHEMONTID:0002480	Telluric acids and derivatives	264	Organic acids and derivatives
2481	CHEMONTID:0002481	Telluric acids	2480	Telluric acids and derivatives
2482	CHEMONTID:0002482	Telluroxides	2469	Organotellurium compounds
2483	CHEMONTID:0002483	Dicarboxdiimides	112	Hydrazines and derivatives
2484	CHEMONTID:0002484	Carboximidic acids	2285	Carboximidic acids and derivatives
2485	CHEMONTID:0002485	Thiols	4	Organosulfur compounds
2486	CHEMONTID:0002486	Dioxathiolanes	2	Organoheterocyclic compounds
2487	CHEMONTID:0002487	Organic nitric acids	488	Organic nitric acids and derivatives
2488	CHEMONTID:0002488	Oligophosphenes	400	Organophosphorus compounds
2489	CHEMONTID:0002489	Diphosphenes	400	Organophosphorus compounds
2490	CHEMONTID:0002490	Azolines	2	Organoheterocyclic compounds
2491	CHEMONTID:0002491	Azolidines	2	Organoheterocyclic compounds
2492	CHEMONTID:0002492	O-benzoquinones	2384	Benzoquinones
2493	CHEMONTID:0002493	M-benzoquinones	2384	Benzoquinones
2494	CHEMONTID:0002494	P-benzoquinones	2384	Benzoquinones
2495	CHEMONTID:0002495	Quinones	3487	Cyclic ketones
2496	CHEMONTID:0002496	Isoindolines	1819	Isoindoles and derivatives
2497	CHEMONTID:0002497	Indoles	211	Indoles and derivatives
2498	CHEMONTID:0002498	Isothiochromenes	2	Organoheterocyclic compounds
2499	CHEMONTID:0002499	Thiochromenes	2	Organoheterocyclic compounds
2500	CHEMONTID:0002500	Alkanes	4474	Saturated hydrocarbons
2501	CHEMONTID:0002501	Alkenes	2839	Acyclic olefins
2502	CHEMONTID:0002502	Cembranolides	1538	Diterpene lactones
2503	CHEMONTID:0002503	Hydroxycinnamic acids	1391	Hydroxycinnamic acids and derivatives
2504	CHEMONTID:0002504	Cinnamic acids	476	Cinnamic acids and derivatives
2505	CHEMONTID:0002505	Coumaric acids	59	Coumaric acids and derivatives
2506	CHEMONTID:0002506	Isoflavonoids	261	Phenylpropanoids and polyketides
2507	CHEMONTID:0002507	Homoisoflavonoids	261	Phenylpropanoids and polyketides
2508	CHEMONTID:0002508	Homoisoflavans	2507	Homoisoflavonoids
2509	CHEMONTID:0002509	Cyclitols and derivatives	1292	Cyclic alcohols and derivatives
2510	CHEMONTID:0002510	Aminocyclitols and derivatives	2509	Cyclitols and derivatives
2511	CHEMONTID:0002511	Inositol phosphates	2509	Cyclitols and derivatives
2512	CHEMONTID:0002512	Quinic acids and derivatives	2509	Cyclitols and derivatives
2513	CHEMONTID:0002513	O-galloylquinic acids and derivatives	2512	Quinic acids and derivatives
2514	CHEMONTID:0002514	Salicylic acids	487	Salicylic acid and derivatives
2515	CHEMONTID:0002515	Salicylamides	487	Salicylic acid and derivatives
2516	CHEMONTID:0002516	N-piperazineacetamides	189	Piperazines
2517	CHEMONTID:0002517	Chamigranes	1550	Sesquiterpenoids
2518	CHEMONTID:0002518	Annonaceous acetogenins	1334	Fatty alcohols
2519	CHEMONTID:0002519	Acylphloroglucinols and derivatives	382	Phloroglucinols and derivatives
2520	CHEMONTID:0002520	P-toluquinols and derivatives	134	Phenols
2521	CHEMONTID:0002521	P-toluquinols	2520	P-toluquinols and derivatives
2522	CHEMONTID:0002522	P-toluquinones	2494	P-benzoquinones
2523	CHEMONTID:0002523	Isoflavanquinones	2506	Isoflavonoids
2524	CHEMONTID:0002524	Cyclopropanecarboxylic acids and derivatives	265	Carboxylic acids and derivatives
2525	CHEMONTID:0002525	Cyclopropanecarboxylic acids	2524	Cyclopropanecarboxylic acids and derivatives
2526	CHEMONTID:0002526	1-aminocyclopropane-1-carboxylic acids and derivatives	2524	Cyclopropanecarboxylic acids and derivatives
2527	CHEMONTID:0002527	1-aminocyclopropane-1-carboxylic acids	2526	1-aminocyclopropane-1-carboxylic acids and derivatives
2528	CHEMONTID:0002528	Halohydrins	267	Organohalogen compounds
2529	CHEMONTID:0002529	Carbonylimidazoles	2310	Substituted imidazoles
2530	CHEMONTID:0002530	Epoxypiperidines	2	Organoheterocyclic compounds
2531	CHEMONTID:0002531	Thiosulfonimidic o-acids	264	Organic acids and derivatives
2532	CHEMONTID:0002532	Thiosulfonimidic s-acids	264	Organic acids and derivatives
2533	CHEMONTID:0002533	Trithiosulfonic acids	264	Organic acids and derivatives
2534	CHEMONTID:0002534	Sulfinohydroximic acids	264	Organic acids and derivatives
2535	CHEMONTID:0002535	Sulfinohydrazonic acids	264	Organic acids and derivatives
2536	CHEMONTID:0002536	Phenoxides	2279	Benzene and substituted derivatives
2537	CHEMONTID:0002537	Isothiocyanate acids	1234	Isothiocyanates
2538	CHEMONTID:0002538	Nitronic acids	264	Organic acids and derivatives
2539	CHEMONTID:0002539	Hemiketals	1092	Hemiacetals
2540	CHEMONTID:0002540	Dihydroxyphosphanes	400	Organophosphorus compounds
2541	CHEMONTID:0002541	Carbodithioic acids	264	Organic acids and derivatives
2542	CHEMONTID:0002542	Benzylethers	2279	Benzene and substituted derivatives
2543	CHEMONTID:0002543	Dithiosulfonic O-acids	264	Organic acids and derivatives
2544	CHEMONTID:0002544	Dithiosulfonic S-acids	264	Organic acids and derivatives
2545	CHEMONTID:0002545	Coumarinolignans	1392	Lignans, neolignans and related compounds
2546	CHEMONTID:0002546	Diazetidines	2	Organoheterocyclic compounds
2547	CHEMONTID:0002547	Phenylimidazolidines	250	Imidazolidines
2548	CHEMONTID:0002548	Tanshinones, isotanshinones, and derivatives	1551	Diterpenoids
2549	CHEMONTID:0002549	Tanshinlactones and derivatives	2382	Oxasteroids and derivatives
2550	CHEMONTID:0002550	Isocopalane and spongiane diterpenoids	1551	Diterpenoids
2551	CHEMONTID:0002551	Phenylpropanoic acids	261	Phenylpropanoids and polyketides
2552	CHEMONTID:0002552	Quinoline carboxylic acids	1253	Quinolines and derivatives
2553	CHEMONTID:0002553	Quinoline carboxamides	1253	Quinolines and derivatives
2554	CHEMONTID:0002554	Pyrrole carboxylic acids and derivatives	90	Pyrroles
2555	CHEMONTID:0002555	Pyrrole carboxylic acids	2554	Pyrrole carboxylic acids and derivatives
2556	CHEMONTID:0002556	Pyrrole carboxamides	2554	Pyrrole carboxylic acids and derivatives
2557	CHEMONTID:0002557	Pyrrole 2-carboxylic acids	2555	Pyrrole carboxylic acids
2558	CHEMONTID:0002558	N-substituted phenoxazines	1855	Phenoxazines
2559	CHEMONTID:0002559	Sulfosalicylic acids and derivatives	487	Salicylic acid and derivatives
2560	CHEMONTID:0002560	Sulfosalicyclic acids	2559	Sulfosalicylic acids and derivatives
2561	CHEMONTID:0002561	Thiatriazoles	2	Organoheterocyclic compounds
2562	CHEMONTID:0002562	Aminothiadiazoles	93	Thiadiazoles
2563	CHEMONTID:0002563	Methoxypyrazines	67	Pyrazines
2564	CHEMONTID:0002564	Dichlorobenzenes	1099	Chlorobenzenes
2565	CHEMONTID:0002565	Benzoic acids	176	Benzoic acids and derivatives
2566	CHEMONTID:0002566	Isoquinolines and derivatives	2	Organoheterocyclic compounds
2567	CHEMONTID:0002567	Isoquinoline quinones	2566	Isoquinolines and derivatives
2568	CHEMONTID:0002568	Angular furanocoumarins	358	Furanocoumarins
2569	CHEMONTID:0002569	Linear furanocoumarins	358	Furanocoumarins
2570	CHEMONTID:0002570	Quinoline quinones	1253	Quinolines and derivatives
2571	CHEMONTID:0002571	Phenanthraquinones	25	Phenanthrenes and derivatives
2572	CHEMONTID:0002572	Naphthothiophenes	23	Naphthalenes
2573	CHEMONTID:0002573	Thienobenzoxepines	1910	Benzoxepines
2574	CHEMONTID:0002574	Phenyloxazolidines	108	Oxazolidines
2575	CHEMONTID:0002575	Phenylisoxazolidines	2083	Isoxazolidines
2576	CHEMONTID:0002576	1,2-oxazinanes	107	Oxazinanes
2577	CHEMONTID:0002577	Phenylthiomorpholines	2288	Thiomorpholines
2578	CHEMONTID:0002578	Oxathiazolidines	2	Organoheterocyclic compounds
2579	CHEMONTID:0002579	Phenylthiazetidines	1881	Thiazetidines
2580	CHEMONTID:0002580	Isoflavonequinones	494	Isoflavones
2581	CHEMONTID:0002581	Neoflavans	1614	Neoflavonoids
2582	CHEMONTID:0002582	Neoflavenes	1614	Neoflavonoids
2583	CHEMONTID:0002583	Dalbergiquinols	1614	Neoflavonoids
2584	CHEMONTID:0002584	Phenylbenzofurans	301	Benzofurans
2585	CHEMONTID:0002585	O-methylated flavonoids	334	Flavonoids
2586	CHEMONTID:0002586	O-methylated isoflavonoids	2506	Isoflavonoids
2587	CHEMONTID:0002587	2-O-methylated flavonoids	2585	O-methylated flavonoids
2588	CHEMONTID:0002588	3-O-methylated flavonoids	2585	O-methylated flavonoids
2589	CHEMONTID:0002589	4-O-methylated flavonoids	2585	O-methylated flavonoids
2590	CHEMONTID:0002590	5-O-methylated flavonoids	2585	O-methylated flavonoids
2591	CHEMONTID:0002591	6-O-methylated flavonoids	2585	O-methylated flavonoids
2592	CHEMONTID:0002592	7-O-methylated flavonoids	2585	O-methylated flavonoids
2593	CHEMONTID:0002593	8-O-methylated flavonoids	2585	O-methylated flavonoids
2594	CHEMONTID:0002594	2'-O-methylated flavonoids	2585	O-methylated flavonoids
2595	CHEMONTID:0002595	3'-O-methylated flavonoids	2585	O-methylated flavonoids
2596	CHEMONTID:0002596	4'-O-methylated flavonoids	2585	O-methylated flavonoids
2597	CHEMONTID:0002597	2-O-methylated isoflavonoids	2586	O-methylated isoflavonoids
2598	CHEMONTID:0002598	3-O-methylated isoflavonoids	2586	O-methylated isoflavonoids
2599	CHEMONTID:0002599	4-O-methylated isoflavonoids	2586	O-methylated isoflavonoids
2600	CHEMONTID:0002600	5-O-methylated isoflavonoids	2586	O-methylated isoflavonoids
2601	CHEMONTID:0002601	6-O-methylated isoflavonoids	2586	O-methylated isoflavonoids
2602	CHEMONTID:0002602	7-O-methylated isoflavonoids	2586	O-methylated isoflavonoids
2603	CHEMONTID:0002603	8-O-methylated isoflavonoids	2586	O-methylated isoflavonoids
2604	CHEMONTID:0002604	2'-O-methylated isoflavonoids	2586	O-methylated isoflavonoids
2605	CHEMONTID:0002605	3'-O-methylated isoflavonoids	2586	O-methylated isoflavonoids
2606	CHEMONTID:0002606	4'-O-methylated isoflavonoids	2586	O-methylated isoflavonoids
2607	CHEMONTID:0002607	Bromohydrins	2528	Halohydrins
2608	CHEMONTID:0002608	Chlorohydrins	2528	Halohydrins
2609	CHEMONTID:0002609	Fluorohydrins	2528	Halohydrins
2610	CHEMONTID:0002610	Iodohydrins	2528	Halohydrins
2611	CHEMONTID:0002611	Dichlorobenzoic acids	2565	Benzoic acids
2612	CHEMONTID:0002612	Alpha-methyldeoxybenzoin flavonoids	261	Phenylpropanoids and polyketides
2613	CHEMONTID:0002613	2-phenylbenzofurans	2584	Phenylbenzofurans
2614	CHEMONTID:0002614	Furanoflavonoids and dihydrofuranoflavonoids	334	Flavonoids
2615	CHEMONTID:0002615	Angular furanoflavonoids and dihydrofuranoflavonoids	2614	Furanoflavonoids and dihydrofuranoflavonoids
2616	CHEMONTID:0002616	Linear furanoflavonoids and dihydrofuranoflavonoids	2614	Furanoflavonoids and dihydrofuranoflavonoids
2617	CHEMONTID:0002617	Furanoisoflavonoids	2506	Isoflavonoids
2618	CHEMONTID:0002618	Tetrahydrofolic acids and derivatives	3042	Tetrahydropteroic acids and derivatives
2619	CHEMONTID:0002619	Dihydrofolic acids and derivatives	3041	Dihydropteroic acids and derivatives
2620	CHEMONTID:0002620	N-benzylalanines	2402	N-acyl-alpha amino acids
2621	CHEMONTID:0002621	N-benzoylpiperidines	335	N-acylpiperidines
2622	CHEMONTID:0002622	N-benzylpiperidines	3087	Benzylpiperidines
2623	CHEMONTID:0002623	Thiohydroquinones	134	Phenols
2624	CHEMONTID:0002624	Aminohydroquinones	136	Hydroquinones
2626	CHEMONTID:0002626	Phenylsulfates	4258	Arylsulfates
2627	CHEMONTID:0002627	Imidazopiperidines	2	Organoheterocyclic compounds
2628	CHEMONTID:0002628	Trisubstituted imidazoles	2310	Substituted imidazoles
2629	CHEMONTID:0002629	1,2,4-trisubstituted imidazoles	2628	Trisubstituted imidazoles
2630	CHEMONTID:0002630	1,2,5-trisubstituted imidazoles	2628	Trisubstituted imidazoles
2631	CHEMONTID:0002631	2,4,5-trisubstituted imidazoles	2628	Trisubstituted imidazoles
2632	CHEMONTID:0002632	Tetrasubstituted imidazoles	2310	Substituted imidazoles
2633	CHEMONTID:0002633	1,2,4,5-tetrasubstituted imidazoles	2632	Tetrasubstituted imidazoles
2634	CHEMONTID:0002634	2,4-disubstituted thiazoles	95	Thiazoles
2635	CHEMONTID:0002635	2,5-disubstituted thiazoles	95	Thiazoles
2636	CHEMONTID:0002636	4,5-disubstituted thiazoles	95	Thiazoles
2637	CHEMONTID:0002637	2,4,5-trisubstituted thiazoles	95	Thiazoles
2638	CHEMONTID:0002638	2,4-disubstituted oxazoles	83	Oxazoles
2639	CHEMONTID:0002639	2,5-disubstituted oxazoles	83	Oxazoles
2640	CHEMONTID:0002640	4,5-disubstituted oxazoles	83	Oxazoles
2641	CHEMONTID:0002641	2,4,5-trisubstituted oxazoles	83	Oxazoles
2642	CHEMONTID:0002642	3,4-dihydrocoumarins	261	Phenylpropanoids and polyketides
2643	CHEMONTID:0002643	6,7-dihydroxycoumarins	2908	Hydroxycoumarins
2644	CHEMONTID:0002644	7,8-dihydroxycoumarins	2908	Hydroxycoumarins
2645	CHEMONTID:0002645	Halogenated steroids	258	Steroids and steroid derivatives
2646	CHEMONTID:0002646	Cyclohexanones	3487	Cyclic ketones
2647	CHEMONTID:0002647	Cyclohexanols	1661	Secondary alcohols
2648	CHEMONTID:0002648	Tetrahydrofurans	2	Organoheterocyclic compounds
2649	CHEMONTID:0002649	Oxathiaphospholanes	2	Organoheterocyclic compounds
2650	CHEMONTID:0002650	Diarylheptanoids	261	Phenylpropanoids and polyketides
2651	CHEMONTID:0002651	Linear diarylheptanoids	2650	Diarylheptanoids
2652	CHEMONTID:0002652	Cyclic diarylheptanoids	2650	Diarylheptanoids
2653	CHEMONTID:0002653	Phenalenes	2448	Benzenoids
2654	CHEMONTID:0002654	Phenalenones	2653	Phenalenes
2655	CHEMONTID:0002655	Phenalanes	2448	Benzenoids
2656	CHEMONTID:0002656	Loline alkaloids and derivatives	279	Alkaloids and derivatives
2657	CHEMONTID:0002657	Cularin alkaloids and derivatives	279	Alkaloids and derivatives
2658	CHEMONTID:0002658	Rhoeadine alkaloids	279	Alkaloids and derivatives
2659	CHEMONTID:0002659	Emetine alkaloids	279	Alkaloids and derivatives
2660	CHEMONTID:0002660	Proaporphines	279	Alkaloids and derivatives
2661	CHEMONTID:0002661	Homoaporphines	279	Alkaloids and derivatives
2662	CHEMONTID:0002662	Homoproaporphines	279	Alkaloids and derivatives
2663	CHEMONTID:0002663	Aristolactams	279	Alkaloids and derivatives
2664	CHEMONTID:0002664	Aristolochic acids and derivatives	25	Phenanthrenes and derivatives
2665	CHEMONTID:0002665	Benzophenanthridine alkaloids	279	Alkaloids and derivatives
2666	CHEMONTID:0002666	Hexahydrobenzophenanthridine alkaloids	2665	Benzophenanthridine alkaloids
2667	CHEMONTID:0002667	Dihydrobenzophenanthridine alkaloids	2665	Benzophenanthridine alkaloids
2668	CHEMONTID:0002668	N-demethylbenzophenanthridine alkaloids	2665	Benzophenanthridine alkaloids
2669	CHEMONTID:0002669	Quaternary benzophenanthridine alkaloids	2665	Benzophenanthridine alkaloids
2670	CHEMONTID:0002670	Secobenzophenanthridine alkaloids	2665	Benzophenanthridine alkaloids
2671	CHEMONTID:0002671	Eburnan-type alkaloids	279	Alkaloids and derivatives
2672	CHEMONTID:0002672	Plumeran-type alkaloids	279	Alkaloids and derivatives
2673	CHEMONTID:0002673	Benzylamines	2279	Benzene and substituted derivatives
2674	CHEMONTID:0002674	Cyclohexylamines	278	Organonitrogen compounds
2675	CHEMONTID:0002675	Thiirenes	2	Organoheterocyclic compounds
2676	CHEMONTID:0002676	Peroxols	323	Organooxygen compounds
2677	CHEMONTID:0002677	Indenoazepines	21	Indenes and isoindenes
2678	CHEMONTID:0002678	Lycoctonine alkaloids	1551	Diterpenoids
2679	CHEMONTID:0002679	Ergoline and derivatives	279	Alkaloids and derivatives
2680	CHEMONTID:0002680	Lysergic acids and derivatives	2679	Ergoline and derivatives
2681	CHEMONTID:0002681	Oxaergolines	279	Alkaloids and derivatives
2682	CHEMONTID:0002682	Coumaroyl glycosides	3003	Hydroxycinnamic acid glycosides
2683	CHEMONTID:0002683	M-coumaroyl glycosides	2682	Coumaroyl glycosides
2684	CHEMONTID:0002684	O-coumaroyl glycosides	2682	Coumaroyl glycosides
2685	CHEMONTID:0002685	P-coumaroyl glycosides	2682	Coumaroyl glycosides
2686	CHEMONTID:0002686	2-hydroxyisoflavanones	1827	Isoflavanones
2687	CHEMONTID:0002687	4'-O-methylisoflavones	2606	4'-O-methylated isoflavonoids
2688	CHEMONTID:0002688	1-acyl-sn-glycerol-2,3-cyclic-phosphates	1683	Monoacylglycerophosphates
2689	CHEMONTID:0002689	7-O-methylisoflavones	2602	7-O-methylated isoflavonoids
2690	CHEMONTID:0002690	3'-O-methylisoflavones	2605	3'-O-methylated isoflavonoids
2691	CHEMONTID:0002691	Diazirines	2	Organoheterocyclic compounds
2692	CHEMONTID:0002692	Triazirines	2	Organoheterocyclic compounds
2693	CHEMONTID:0002693	Triazinanes	2	Organoheterocyclic compounds
2694	CHEMONTID:0002694	Molybdopterins	110	Pterins and derivatives
2695	CHEMONTID:0002695	Diphenylpyrroles	2334	Phenylpyrroles
2696	CHEMONTID:0002696	Chlorocatechols	135	Catechols
2697	CHEMONTID:0002697	4-chlorocatechols	2696	Chlorocatechols
2698	CHEMONTID:0002698	3-chlorocatechols	2696	Chlorocatechols
2699	CHEMONTID:0002699	Benzodioxanes	2	Organoheterocyclic compounds
2700	CHEMONTID:0002700	Benzo-1,2-dioxanes	2699	Benzodioxanes
2701	CHEMONTID:0002701	Benzo-1,3-dioxanes	2699	Benzodioxanes
2702	CHEMONTID:0002702	Benzo-1,4-dioxanes	2699	Benzodioxanes
2703	CHEMONTID:0002703	Benzo-2,3-dioxanes	2699	Benzodioxanes
2704	CHEMONTID:0002704	Phenylbenzodioxanes	2699	Benzodioxanes
2705	CHEMONTID:0002705	Phenylbenzo-1,3-dioxanes	2704	Phenylbenzodioxanes
2706	CHEMONTID:0002706	Phenylbenzo-2,3-dioxanes	2704	Phenylbenzodioxanes
2707	CHEMONTID:0002707	Phenylbenzo-1,4-dioxanes	2704	Phenylbenzodioxanes
2708	CHEMONTID:0002708	Anthocyanidin 3-O-p-coumaroyl glycosides	3678	Flavonoid 3-O-p-coumaroyl glycosides
2709	CHEMONTID:0002709	Anthocyanidin 3p-O-p-coumaroyl glycosides	3681	Flavonoid 3p-O-p-coumaroyl glycosides
2710	CHEMONTID:0002710	Anthocyanidin 5-O-p-coumaroyl glycosides	3679	Flavonoid 5-O-p-coumaroyl glycosides
2711	CHEMONTID:0002711	Anthocyanidin 3-O-6-p-coumaroyl glycosides	2708	Anthocyanidin 3-O-p-coumaroyl glycosides
2712	CHEMONTID:0002712	Anthocyanidin 3-O-2-p-coumaroyl glycosides	2708	Anthocyanidin 3-O-p-coumaroyl glycosides
2713	CHEMONTID:0002713	Anthocyanidin 3p-O-6-p-coumaroyl glycosides	2709	Anthocyanidin 3p-O-p-coumaroyl glycosides
2714	CHEMONTID:0002714	Anthocyanidin 3p-O-2-p-coumaroyl glycosides	2709	Anthocyanidin 3p-O-p-coumaroyl glycosides
2715	CHEMONTID:0002715	Anthocyanidin 5-O-6-p-coumaroyl glycosides	2710	Anthocyanidin 5-O-p-coumaroyl glycosides
2716	CHEMONTID:0002716	Anthocyanidin 5-O-2-p-coumaroyl glycosides	2710	Anthocyanidin 5-O-p-coumaroyl glycosides
2717	CHEMONTID:0002717	Polyphenyl ethers	2279	Benzene and substituted derivatives
2718	CHEMONTID:0002718	Polyphenyl thioethers	2279	Benzene and substituted derivatives
2719	CHEMONTID:0002719	Lupin alkaloids	279	Alkaloids and derivatives
2720	CHEMONTID:0002720	Matrine alkaloids	2719	Lupin alkaloids
2721	CHEMONTID:0002721	Lupinine-type alkaloids	2719	Lupin alkaloids
2722	CHEMONTID:0002722	Cytisine and derivatives	2719	Lupin alkaloids
2723	CHEMONTID:0002723	Anagyrine-type alkaloids	2719	Lupin alkaloids
2724	CHEMONTID:0002724	Steroidal alkaloids	258	Steroids and steroid derivatives
2725	CHEMONTID:0002725	Solanocapsine-type alkaloids	2724	Steroidal alkaloids
2726	CHEMONTID:0002726	Buxus alkaloids	2724	Steroidal alkaloids
2727	CHEMONTID:0002727	Samamine-type alkaloids	2724	Steroidal alkaloids
2728	CHEMONTID:0002728	Jerveratrum-type alkaloids	2724	Steroidal alkaloids
2729	CHEMONTID:0002729	Cerveratrum-type alkaloids	2724	Steroidal alkaloids
2730	CHEMONTID:0002730	Pregnane-type alkaloids	2724	Steroidal alkaloids
2731	CHEMONTID:0002731	Conanine-type alkaloids	2724	Steroidal alkaloids
2732	CHEMONTID:0002732	22,26-epiminocholestanes	2724	Steroidal alkaloids
2733	CHEMONTID:0002733	22,23-secosolanidanes and derivatives	2724	Steroidal alkaloids
2734	CHEMONTID:0002734	Samandarines	2727	Samamine-type alkaloids
2735	CHEMONTID:0002735	3-oxo-22,26-epiminocholestanes	2732	22,26-epiminocholestanes
2736	CHEMONTID:0002736	3-amino-22,26-epiminocholestanes	2732	22,26-epiminocholestanes
2737	CHEMONTID:0002737	3-aminospirostanes	2724	Steroidal alkaloids
2738	CHEMONTID:0002738	Atisane diterpenoids	3401	Villanovane, atisane, trachylobane or helvifulvane diterpenoids
2739	CHEMONTID:0002739	Atisine-type diterpenoid alkaloids	2738	Atisane diterpenoids
2740	CHEMONTID:0002740	Benzodifurans	301	Benzofurans
2741	CHEMONTID:0002741	Angular benzodifurans	2740	Benzodifurans
2742	CHEMONTID:0002742	Linear benzodifurans	2740	Benzodifurans
2743	CHEMONTID:0002743	Protopine alkaloids	279	Alkaloids and derivatives
2744	CHEMONTID:0002744	Vobasan alkaloids	279	Alkaloids and derivatives
2745	CHEMONTID:0002745	Lysergic acids	2680	Lysergic acids and derivatives
2746	CHEMONTID:0002746	Lysergamides	2680	Lysergic acids and derivatives
2747	CHEMONTID:0002747	Clavines and derivatives	2679	Ergoline and derivatives
2748	CHEMONTID:0002748	Ibogan-type alkaloids	279	Alkaloids and derivatives
2749	CHEMONTID:0002749	Strychnos alkaloids	279	Alkaloids and derivatives
2750	CHEMONTID:0002750	Corynanthean-type alkaloids	279	Alkaloids and derivatives
2751	CHEMONTID:0002751	Vallesiachotaman alkaloids	279	Alkaloids and derivatives
2752	CHEMONTID:0002752	Vincosan alkaloids	279	Alkaloids and derivatives
2753	CHEMONTID:0002753	Pyridoxine-5'-phosphates	1948	Pyridoxines
2754	CHEMONTID:0002754	Cinnamyl alcohols	261	Phenylpropanoids and polyketides
2755	CHEMONTID:0002755	Aspidospermatan-type alkaloids	279	Alkaloids and derivatives
2756	CHEMONTID:0002756	Vinca alkaloids	279	Alkaloids and derivatives
2757	CHEMONTID:0002757	Quebrachamine alkaloids	279	Alkaloids and derivatives
2758	CHEMONTID:0002758	Rhazinilam alkaloids	279	Alkaloids and derivatives
2759	CHEMONTID:0002759	Tacaman alkaloids	279	Alkaloids and derivatives
2760	CHEMONTID:0002760	Amidoximes	7	Amidines
2761	CHEMONTID:0002761	3-sulfobenzoic acids	34	Sulfobenzoic acids
2762	CHEMONTID:0002762	4-sulfobenzoic acids	34	Sulfobenzoic acids
2763	CHEMONTID:0002763	Iodophenols	2320	Halophenols
2764	CHEMONTID:0002764	Bromophenols	2320	Halophenols
2765	CHEMONTID:0002765	Fluorophenols	2320	Halophenols
2766	CHEMONTID:0002766	Chlorophenols	2320	Halophenols
2767	CHEMONTID:0002767	M-bromophenols	2764	Bromophenols
2768	CHEMONTID:0002768	O-bromophenols	2764	Bromophenols
2769	CHEMONTID:0002769	P-bromophenols	2764	Bromophenols
2770	CHEMONTID:0002770	M-chlorophenols	2766	Chlorophenols
2771	CHEMONTID:0002771	O-chlorophenols	2766	Chlorophenols
2772	CHEMONTID:0002772	P-chlorophenols	2766	Chlorophenols
2773	CHEMONTID:0002773	M-fluorophenols	2765	Fluorophenols
2774	CHEMONTID:0002774	O-fluorophenols	2765	Fluorophenols
2775	CHEMONTID:0002775	P-fluorophenols	2765	Fluorophenols
2776	CHEMONTID:0002776	M-iodophenols	2763	Iodophenols
2777	CHEMONTID:0002777	O-iodophenols	2763	Iodophenols
2778	CHEMONTID:0002778	P-iodophenols	2763	Iodophenols
2779	CHEMONTID:0002779	4-nitroquinoline N-oxides	1155	Nitroquinolines and derivatives
2780	CHEMONTID:0002780	Erythrinanes	1782	Erythrina alkaloids
2781	CHEMONTID:0002781	Homoerythrinane alkaloids	1782	Erythrina alkaloids
2782	CHEMONTID:0002782	Pyridodiazepines	2	Organoheterocyclic compounds
2783	CHEMONTID:0002783	Akuammilan and related alkaloids	279	Alkaloids and derivatives
2784	CHEMONTID:0002784	Sulfanylbenzoic acids	2086	Sulfanylbenzoic acids and derivatives
2785	CHEMONTID:0002785	Thiosalicylic acids	77	Thiosalicylic acids and derivatives
2786	CHEMONTID:0002786	M-sulfanylbenzoic acids and derivatives	2086	Sulfanylbenzoic acids and derivatives
2787	CHEMONTID:0002787	P-sulfanylbenzoic acids and derivatives	2086	Sulfanylbenzoic acids and derivatives
2788	CHEMONTID:0002788	M-sulfanylbenzoic acids	2786	M-sulfanylbenzoic acids and derivatives
2789	CHEMONTID:0002789	P-sulfanylbenzoic acids	2787	P-sulfanylbenzoic acids and derivatives
2790	CHEMONTID:0002790	1,3-oxazinanes	107	Oxazinanes
2791	CHEMONTID:0002791	Acutumine and related alkaloids	279	Alkaloids and derivatives
2792	CHEMONTID:0002792	Hasubanan alkaloids	279	Alkaloids and derivatives
2793	CHEMONTID:0002793	Pavine alkaloids	279	Alkaloids and derivatives
2794	CHEMONTID:0002794	Isopavine alkaloids	279	Alkaloids and derivatives
2795	CHEMONTID:0002795	Organoboron compounds	1370	Organometalloid compounds
2796	CHEMONTID:0002796	1,2,3-triazinanes	2693	Triazinanes
2797	CHEMONTID:0002797	1,2,4-triazinanes	2693	Triazinanes
2798	CHEMONTID:0002798	1,3,5-triazinanes	2693	Triazinanes
2799	CHEMONTID:0002799	Organic trisulfides	4	Organosulfur compounds
2800	CHEMONTID:0002800	Organic disulfides	4	Organosulfur compounds
2801	CHEMONTID:0002801	Prenylated hydroquinones	1534	Quinone and hydroquinone lipids
2802	CHEMONTID:0002802	Prenylquinones	1534	Quinone and hydroquinone lipids
2803	CHEMONTID:0002803	Thianthrenes	2807	1,4-benzodithiins
2804	CHEMONTID:0002804	Benzodithiins	2	Organoheterocyclic compounds
2805	CHEMONTID:0002805	1,2-benzodithiins	2804	Benzodithiins
2806	CHEMONTID:0002806	1,3-benzodithiins	2804	Benzodithiins
2807	CHEMONTID:0002807	1,4-benzodithiins	2804	Benzodithiins
2808	CHEMONTID:0002808	2,3-benzodithiins	2804	Benzodithiins
2809	CHEMONTID:0002809	N-methylpyrroles	2258	N-substituted pyrroles
2810	CHEMONTID:0002810	Cinnamic acid amides	476	Cinnamic acids and derivatives
2811	CHEMONTID:0002811	Phenylpropanes	2279	Benzene and substituted derivatives
2812	CHEMONTID:0002812	Acyl glucuronides	374	Glucuronides
2813	CHEMONTID:0002813	O-glucuronides	374	Glucuronides
2814	CHEMONTID:0002814	N-glucuronides	374	Glucuronides
2815	CHEMONTID:0002815	C-glucuronides	374	Glucuronides
2816	CHEMONTID:0002816	S-glucuronides	374	Glucuronides
2817	CHEMONTID:0002817	Dibenzopyrans	3410	1-benzopyrans
2818	CHEMONTID:0002818	Dibenzothiophenes	312	Benzothiophenes
2819	CHEMONTID:0002819	Isoflav-3-enes	2506	Isoflavonoids
2820	CHEMONTID:0002820	Isoflav-3-enones	2819	Isoflav-3-enes
2821	CHEMONTID:0002821	Isoflavone epoxides	494	Isoflavones
2822	CHEMONTID:0002822	Leontidine-type alkaloids	2719	Lupin alkaloids
2823	CHEMONTID:0002823	Aloperine and related alkaloids	2719	Lupin alkaloids
2824	CHEMONTID:0002824	9b-azaphenalenes	279	Alkaloids and derivatives
2825	CHEMONTID:0002825	Ormosia-type alkaloids	2823	Aloperine and related alkaloids
2826	CHEMONTID:0002826	Pyrido[2,3,4-kl]acridones	1810	Pyridoacridones
2827	CHEMONTID:0002827	Pyrido[2,3,4-kl]acridines	1763	Pyridoacridines
2828	CHEMONTID:0002828	Pyrrolo[2,3,4-kl]acridines	1762	Pyrroloacridines
2829	CHEMONTID:0002829	Pyrrolo[4,3,2-de]quinolines	1734	Pyrroloquinolines
2830	CHEMONTID:0002830	5-hydroxypsoralens	202	Psoralens
2831	CHEMONTID:0002831	8-hydroxypsoralens	202	Psoralens
2832	CHEMONTID:0002832	5-methoxypsoralens	202	Psoralens
2833	CHEMONTID:0002833	8-methoxypsoralens	202	Psoralens
2834	CHEMONTID:0002834	Thiochromanes	2	Organoheterocyclic compounds
2835	CHEMONTID:0002835	Isothiochromanes	2	Organoheterocyclic compounds
2836	CHEMONTID:0002836	Pyrazolidinones	217	Pyrazolidines
2837	CHEMONTID:0002837	Hydrocarbons	0	Organic compounds
2838	CHEMONTID:0002838	Olefins	4475	Unsaturated hydrocarbons
2839	CHEMONTID:0002839	Acyclic olefins	2838	Olefins
2840	CHEMONTID:0002840	Cyclic olefins	2838	Olefins
2841	CHEMONTID:0002841	Alkatrienes	2839	Acyclic olefins
2842	CHEMONTID:0002842	Alkatetraenes	2839	Acyclic olefins
2843	CHEMONTID:0002843	Acetylenes	4475	Unsaturated hydrocarbons
2844	CHEMONTID:0002844	Alkadiynes	2847	Acyclic acetylenes
2845	CHEMONTID:0002845	Alkatriynes	2847	Acyclic acetylenes
2846	CHEMONTID:0002846	Cyclic acetylenes	2843	Acetylenes
2847	CHEMONTID:0002847	Acyclic acetylenes	2843	Acetylenes
2848	CHEMONTID:0002848	Monocyclic acetylenes	2846	Cyclic acetylenes
2849	CHEMONTID:0002849	Polycyclic acetylenes	2846	Cyclic acetylenes
2850	CHEMONTID:0002850	Cycloalkynes	2848	Monocyclic acetylenes
2851	CHEMONTID:0002851	Iminoquinones	2495	Quinones
2852	CHEMONTID:0002852	Cytochalasins	1821	Cytochalasans
2853	CHEMONTID:0002853	Aziridinones	103	Aziridines
2854	CHEMONTID:0002854	Lactims	2	Organoheterocyclic compounds
2855	CHEMONTID:0002855	Phosphorus mustard compounds	400	Organophosphorus compounds
2856	CHEMONTID:0002856	1,1-diols	2286	Polyols
2857	CHEMONTID:0002857	Organic phosphoric acid monoamides	1204	Organic phosphoramides
2858	CHEMONTID:0002858	Isofamides	2466	Oxazaphosphinanes
2859	CHEMONTID:0002859	Azlactones	84	Oxazolines
2860	CHEMONTID:0002860	Sulfonylamines	278	Organonitrogen compounds
2861	CHEMONTID:0002861	Vinyl fluorides	2868	Vinyl halides
2862	CHEMONTID:0002862	Vinyl iodides	2868	Vinyl halides
2863	CHEMONTID:0002863	Vinyl chlorides	2868	Vinyl halides
2864	CHEMONTID:0002864	Vinyl bromides	2868	Vinyl halides
2865	CHEMONTID:0002865	Acyl halides	267	Organohalogen compounds
2866	CHEMONTID:0002866	Aryl halides	267	Organohalogen compounds
2867	CHEMONTID:0002867	Alkyl halides	267	Organohalogen compounds
2868	CHEMONTID:0002868	Vinyl halides	267	Organohalogen compounds
2869	CHEMONTID:0002869	Organic sulfuryl halides	267	Organohalogen compounds
2870	CHEMONTID:0002870	Imidoyl halides	267	Organohalogen compounds
2871	CHEMONTID:0002871	Grayanoids	1551	Diterpenoids
2872	CHEMONTID:0002872	Elemane sesquiterpenoids	1550	Sesquiterpenoids
2873	CHEMONTID:0002873	Pseudoguaianes	1550	Sesquiterpenoids
2874	CHEMONTID:0002874	Guaianes	1550	Sesquiterpenoids
2875	CHEMONTID:0002875	Tigliane and ingenane diterpenoids	1551	Diterpenoids
2876	CHEMONTID:0002876	Cyathane diterpenoids	1551	Diterpenoids
2877	CHEMONTID:0002877	Jatrophane and cyclojatrophane diterpenoids	1551	Diterpenoids
2878	CHEMONTID:0002878	Leucothol and grayanotoxane diterpenoids	2871	Grayanoids
2879	CHEMONTID:0002879	Xeniaphyllane and xenicane diterpenoids	1551	Diterpenoids
2880	CHEMONTID:0002880	Sphaerane diterpenoids	1551	Diterpenoids
2881	CHEMONTID:0002881	Cheilanthane sesterterpenoids	1552	Sesterterpenoids
2882	CHEMONTID:0002882	Ophiobolane sesterterpenoids	1552	Sesterterpenoids
2883	CHEMONTID:0002883	Scalarane sesterterpenoids	1552	Sesterterpenoids
2884	CHEMONTID:0002884	Lupane triterpenoids	1553	Triterpenoids
2885	CHEMONTID:0002885	Tirucallane and euphane triterpenoids	1553	Triterpenoids
2886	CHEMONTID:0002886	Taraxastane, ursane, and bauerane triterpenoids	1553	Triterpenoids
2887	CHEMONTID:0002887	Taraxerane, multiflorane, glutinane and friedelane triterpenoids	1553	Triterpenoids
2888	CHEMONTID:0002888	Dammarane triterpenoids	1553	Triterpenoids
2889	CHEMONTID:0002889	Protostane and fusidane triterpenoids	1553	Triterpenoids
2890	CHEMONTID:0002890	Briarane diterpenoids	1551	Diterpenoids
2891	CHEMONTID:0002891	Actinide metavanadates	448	Actinide oxoanionic compounds
2892	CHEMONTID:0002892	Quinonimines	278	Organonitrogen compounds
2893	CHEMONTID:0002893	M-quinonimines	2892	Quinonimines
2894	CHEMONTID:0002894	O-quinonimines	2892	Quinonimines
2895	CHEMONTID:0002895	P-quinonimines	2892	Quinonimines
2896	CHEMONTID:0002896	Isoflavonoid C-glycosides	2506	Isoflavonoids
2897	CHEMONTID:0002897	Neoflavonoid 5-O-glycosides	1614	Neoflavonoids
2898	CHEMONTID:0002898	Homoisoflavanones	2508	Homoisoflavans
2899	CHEMONTID:0002899	Sulfinohydrazonoperoxoic acids	264	Organic acids and derivatives
2900	CHEMONTID:0002900	1,2-diaryl-2-propen-1-ols	261	Phenylpropanoids and polyketides
2901	CHEMONTID:0002901	Isoflav-2-enes	2506	Isoflavonoids
2902	CHEMONTID:0002902	Milbemycins	147	Macrolides and analogues
2903	CHEMONTID:0002903	Perylenequinones	2448	Benzenoids
2904	CHEMONTID:0002904	Holostanes	258	Steroids and steroid derivatives
2905	CHEMONTID:0002905	1,2-dithiole-3-thiones	3624	1,2-dithioles
2906	CHEMONTID:0002906	Phorbol esters	2875	Tigliane and ingenane diterpenoids
2907	CHEMONTID:0002907	4-hydroxycoumarins	2908	Hydroxycoumarins
2908	CHEMONTID:0002908	Hydroxycoumarins	145	Coumarins and derivatives
2909	CHEMONTID:0002909	7-hydroxycoumarins	2908	Hydroxycoumarins
2910	CHEMONTID:0002910	Borinanes	2052	Metalloheterocyclic compounds
2911	CHEMONTID:0002911	Polypodane, malabaricane and podiodane triterpenoids	1553	Triterpenoids
2912	CHEMONTID:0002912	Alpha-hydroxy ketones	118	Ketones
2913	CHEMONTID:0002913	Beta-hydroxy ketones	118	Ketones
2914	CHEMONTID:0002914	3-hydroxyflavonoids	2991	Hydroxyflavonoids
2915	CHEMONTID:0002915	3'-hydroxyflavonoids	2991	Hydroxyflavonoids
2916	CHEMONTID:0002916	Eunicellane and asbestinane diterpenoids	1551	Diterpenoids
2917	CHEMONTID:0002917	Arborinane and stictane triterpenoids	1553	Triterpenoids
2918	CHEMONTID:0002918	Serratane and onocerane triterpenoids	1553	Triterpenoids
2919	CHEMONTID:0002919	Phenyltropanes	492	Tropane alkaloids
2920	CHEMONTID:0002920	Diazepanes	2	Organoheterocyclic compounds
2921	CHEMONTID:0002921	1,2-diazepanes	2920	Diazepanes
2922	CHEMONTID:0002922	1,3-diazepanes	2920	Diazepanes
2923	CHEMONTID:0002923	1,4-diazepanes	2920	Diazepanes
2924	CHEMONTID:0002924	1,2,4-oxadiazoles	1822	Oxadiazoles
2925	CHEMONTID:0002925	1,3,4-oxadiazoles	1822	Oxadiazoles
2926	CHEMONTID:0002926	Ortho esters	323	Organooxygen compounds
2927	CHEMONTID:0002927	Ortho amides	278	Organonitrogen compounds
2928	CHEMONTID:0002928	Ortho acids	323	Organooxygen compounds
2929	CHEMONTID:0002929	Sulfimides	4	Organosulfur compounds
2930	CHEMONTID:0002930	Mutilane diterpenoids	1551	Diterpenoids
2931	CHEMONTID:0002931	Aphidicolane and stemodane diterpenoids	1551	Diterpenoids
2932	CHEMONTID:0002932	1,3-isoquinolinediones	2566	Isoquinolines and derivatives
2933	CHEMONTID:0002933	1,4-isoquinolinediones	2566	Isoquinolines and derivatives
2934	CHEMONTID:0002934	Flavonoid O-glucuronides	1583	Flavonoid O-glycosides
2935	CHEMONTID:0002935	Neoflavonoid 7-O-glycosides	1614	Neoflavonoids
2936	CHEMONTID:0002936	Cycloheptafurans	2	Organoheterocyclic compounds
2937	CHEMONTID:0002937	Cycloheptapyrans	2	Organoheterocyclic compounds
2938	CHEMONTID:0002938	Cyclopentanols	1661	Secondary alcohols
2939	CHEMONTID:0002939	Dioxepines	2	Organoheterocyclic compounds
2940	CHEMONTID:0002940	1,2-dioxepines	2939	Dioxepines
2941	CHEMONTID:0002941	1,3-dioxepines	2939	Dioxepines
2942	CHEMONTID:0002942	1,4-dioxepines	2939	Dioxepines
2943	CHEMONTID:0002943	Dioxepanes	2	Organoheterocyclic compounds
2944	CHEMONTID:0002944	1,2-dioxepanes	2943	Dioxepanes
2945	CHEMONTID:0002945	1,3-dioxepanes	2943	Dioxepanes
2946	CHEMONTID:0002946	1,4-dioxepanes	2943	Dioxepanes
2947	CHEMONTID:0002947	Guanidinobenzoic acids	1779	Guanidinobenzoic acids and derivatives
2948	CHEMONTID:0002948	Aminobenzoic acids	281	Aminobenzoic acids and derivatives
2949	CHEMONTID:0002949	Long-chain fatty acids	262	Fatty acids and conjugates
2950	CHEMONTID:0002950	Very long-chain fatty acids	262	Fatty acids and conjugates
2951	CHEMONTID:0002951	Long-chain fatty alcohols	1334	Fatty alcohols
2952	CHEMONTID:0002952	Long-chain fatty aldehydes	298	Fatty aldehydes
2953	CHEMONTID:0002953	Piperidinesulfonamides	195	Piperidines
2954	CHEMONTID:0002954	Tetrahydrofolic acids	2618	Tetrahydrofolic acids and derivatives
2955	CHEMONTID:0002955	Tetrahydroisoquinolines	2	Organoheterocyclic compounds
2956	CHEMONTID:0002956	1-phenyltetrahydroisoquinolines	2955	Tetrahydroisoquinolines
2957	CHEMONTID:0002957	4-phenyltetrahydroisoquinolines	2955	Tetrahydroisoquinolines
2958	CHEMONTID:0002958	Dihydroisoquinolines	2	Organoheterocyclic compounds
2959	CHEMONTID:0002959	Sulfonohydrazides	270	Organosulfonic acids and derivatives
2960	CHEMONTID:0002960	3-hydroxyacyl CoAs	1090	Acyl CoAs
2961	CHEMONTID:0002961	N-acylsphingosines	1418	Ceramides
2962	CHEMONTID:0002962	N-acylsphinganines	1418	Ceramides
2963	CHEMONTID:0002963	Phytoceramides	1418	Ceramides
2964	CHEMONTID:0002964	N-formyl-alpha amino acids	2965	N-formyl-alpha amino acids and derivatives
2965	CHEMONTID:0002965	N-formyl-alpha amino acids and derivatives	60	Alpha amino acids and derivatives
2966	CHEMONTID:0002966	Tetracarboxylic acids and derivatives	265	Carboxylic acids and derivatives
2967	CHEMONTID:0002967	Hexacarboxylic acids and derivatives	265	Carboxylic acids and derivatives
2968	CHEMONTID:0002968	3-hydroxy delta-1-steroids	3027	3-hydroxysteroids
2969	CHEMONTID:0002969	3-hydroxy delta-1,4-steroids	3027	3-hydroxysteroids
2970	CHEMONTID:0002970	3-hydroxy delta-4-steroids	3027	3-hydroxysteroids
2971	CHEMONTID:0002971	3-hydroxy delta-5-steroids	3027	3-hydroxysteroids
2972	CHEMONTID:0002972	3-oxo delta-1-steroids	3026	3-oxosteroids
2973	CHEMONTID:0002973	3-oxo delta-1,4-steroids	3026	3-oxosteroids
2974	CHEMONTID:0002974	3-oxo delta-4-steroids	3026	3-oxosteroids
2975	CHEMONTID:0002975	3-oxo delta-5-steroids	3026	3-oxosteroids
2976	CHEMONTID:0002976	Delta-1-steroids	258	Steroids and steroid derivatives
2977	CHEMONTID:0002977	Delta-1,4-steroids	258	Steroids and steroid derivatives
2978	CHEMONTID:0002978	Delta-4-steroids	258	Steroids and steroid derivatives
2979	CHEMONTID:0002979	Delta-5-steroids	258	Steroids and steroid derivatives
2980	CHEMONTID:0002980	N-phenylthioureas	2279	Benzene and substituted derivatives
2981	CHEMONTID:0002981	N-acyl-phenylthioureas	2980	N-phenylthioureas
2982	CHEMONTID:0002982	N-acyl-phenylureas	1935	N-phenylureas
2983	CHEMONTID:0002983	Acylguanidines	375	Guanidines
2984	CHEMONTID:0002984	Delta-7-steroids	258	Steroids and steroid derivatives
2985	CHEMONTID:0002985	3-hydroxy delta-7-steroids	3027	3-hydroxysteroids
2986	CHEMONTID:0002986	3-oxo delta-7-steroids	3026	3-oxosteroids
2987	CHEMONTID:0002987	6-aminopurines	245	Purines and purine derivatives
2988	CHEMONTID:0002988	4-hydroxyflavonoids	2991	Hydroxyflavonoids
2989	CHEMONTID:0002989	4'-hydroxyflavonoids	2991	Hydroxyflavonoids
2990	CHEMONTID:0002990	6-hydroxyflavonoids	2991	Hydroxyflavonoids
2991	CHEMONTID:0002991	Hydroxyflavonoids	334	Flavonoids
2992	CHEMONTID:0002992	5-hydroxyflavonoids	2991	Hydroxyflavonoids
2993	CHEMONTID:0002993	7-hydroxyflavonoids	2991	Hydroxyflavonoids
2994	CHEMONTID:0002994	8-hydroxyflavonoids	2991	Hydroxyflavonoids
2995	CHEMONTID:0002995	Pentacarboxylic acids and derivatives	265	Carboxylic acids and derivatives
2996	CHEMONTID:0002996	Anthocyanidin-3-O-glycosides	1361	Anthocyanins
2997	CHEMONTID:0002997	Anthocyanidin-5-O-glycosides	1361	Anthocyanins
2998	CHEMONTID:0002998	C19-gibberellins	1767	Gibberellins
2999	CHEMONTID:0002999	C20-gibberellins	1767	Gibberellins
3000	CHEMONTID:0003000	Alpha-halocarboxylic acids	1548	Alpha-halocarboxylic acids and derivatives
3001	CHEMONTID:0003001	Alpha-halocarboxylic acid derivatives	1548	Alpha-halocarboxylic acids and derivatives
3002	CHEMONTID:0003002	Hydroxycinnamic acid esters	1391	Hydroxycinnamic acids and derivatives
3003	CHEMONTID:0003003	Hydroxycinnamic acid glycosides	3002	Hydroxycinnamic acid esters
3004	CHEMONTID:0003004	Chlorogenic acids and derivatives	3002	Hydroxycinnamic acid esters
3005	CHEMONTID:0003005	Sulfated flavonoids	334	Flavonoids
3006	CHEMONTID:0003006	Monohydroxyflavonoids	2991	Hydroxyflavonoids
3007	CHEMONTID:0003007	Phenanthrols	25	Phenanthrenes and derivatives
3008	CHEMONTID:0003008	Aminosalicylic acids and derivatives	487	Salicylic acid and derivatives
3009	CHEMONTID:0003009	Aminosalicylic acids	3008	Aminosalicylic acids and derivatives
3010	CHEMONTID:0003010	3-aminosalicylic acids	3037	3-aminosalicyclic acids and derivatives
3011	CHEMONTID:0003011	4-aminosalicylic acids	3038	4-aminosalicyclic acids and derivatives
3012	CHEMONTID:0003012	Flavan-3-ols	337	Flavans
3013	CHEMONTID:0003013	Flavan-4-ols	337	Flavans
3014	CHEMONTID:0003014	Organophosphinic acids and derivatives	400	Organophosphorus compounds
3015	CHEMONTID:0003015	Phosphinic acid esters	3014	Organophosphinic acids and derivatives
3016	CHEMONTID:0003016	Tropoloisoquinolines	279	Alkaloids and derivatives
3017	CHEMONTID:0003017	Benzacridines	274	Acridines
3018	CHEMONTID:0003018	Isoaporphines	279	Alkaloids and derivatives
3019	CHEMONTID:0003019	1-azaoxoaporphines	279	Alkaloids and derivatives
3020	CHEMONTID:0003020	Azahomoaporphines	279	Alkaloids and derivatives
3021	CHEMONTID:0003021	Hydroxy-7-aporphines	381	Aporphines
3022	CHEMONTID:0003022	Methyl-7-aporphines	381	Aporphines
3023	CHEMONTID:0003023	N-acylpyrrolidines	218	Pyrrolidines
3024	CHEMONTID:0003024	Gamma-glutamyl amino acids	348	Peptides
3025	CHEMONTID:0003025	Gamma-glutamyl peptides	348	Peptides
3026	CHEMONTID:0003026	3-oxosteroids	1194	Oxosteroids
3027	CHEMONTID:0003027	3-hydroxysteroids	1295	Hydroxysteroids
3028	CHEMONTID:0003028	Polyprenylbenzene-1,2-diols	2221	Polyprenylphenols
3029	CHEMONTID:0003029	Polychlorinated dibenzofurans	1378	Chlorinated dibenzofurans
3030	CHEMONTID:0003030	Polychlorinated biphenyls	500	Chlorinated biphenyls
3031	CHEMONTID:0003031	Pyrrolidine-2-ones	1158	Pyrrolidones
3032	CHEMONTID:0003032	Pyrrolidine-3-ones	1158	Pyrrolidones
3033	CHEMONTID:0003033	Dicarboximides	1657	Carboxylic acid imides
3034	CHEMONTID:0003034	C-nitroso compounds	4776	Organic nitroso compounds
3037	CHEMONTID:0003037	3-aminosalicyclic acids and derivatives	3008	Aminosalicylic acids and derivatives
3038	CHEMONTID:0003038	4-aminosalicyclic acids and derivatives	3008	Aminosalicylic acids and derivatives
3039	CHEMONTID:0003039	Folic acids	255	Folic acids and derivatives
3040	CHEMONTID:0003040	Pteroic acids	1228	Pteroic acids and derivatives
3041	CHEMONTID:0003041	Dihydropteroic acids and derivatives	110	Pterins and derivatives
3042	CHEMONTID:0003042	Tetrahydropteroic acids and derivatives	110	Pterins and derivatives
3043	CHEMONTID:0003043	7,8-dihydrofolic acids	3044	7,8-dihydrofolic acids and derivatives
3044	CHEMONTID:0003044	7,8-dihydrofolic acids and derivatives	2619	Dihydrofolic acids and derivatives
3045	CHEMONTID:0003045	Tetrahydropteroic acids	3042	Tetrahydropteroic acids and derivatives
3046	CHEMONTID:0003046	7,8-dihydropteroic acids	3047	7,8-dihydropteroic acids and derivatives
3047	CHEMONTID:0003047	7,8-dihydropteroic acids and derivatives	3041	Dihydropteroic acids and derivatives
3048	CHEMONTID:0003048	N-acylneuraminic acids	3049	N-acylneuraminic acids and derivatives
3049	CHEMONTID:0003049	N-acylneuraminic acids and derivatives	1258	Neuraminic acids and derivatives
3050	CHEMONTID:0003050	Neuraminic acids	1258	Neuraminic acids and derivatives
3051	CHEMONTID:0003051	N-acylglutathiones	348	Peptides
3052	CHEMONTID:0003052	S-acylglutathiones	348	Peptides
3053	CHEMONTID:0003053	25-azasteroids and derivatives	2340	Azasteroids and derivatives
3054	CHEMONTID:0003054	8-azasteroids and derivatives	2340	Azasteroids and derivatives
3055	CHEMONTID:0003055	6-azasteroids and derivatives	2340	Azasteroids and derivatives
3056	CHEMONTID:0003056	4-azasteroids and derivatives	2340	Azasteroids and derivatives
3057	CHEMONTID:0003057	p-Bromobenzenesulfonates	32	Benzenesulfonic acids and derivatives
3058	CHEMONTID:0003058	20-oxosteroids	1194	Oxosteroids
3059	CHEMONTID:0003059	11-oxosteroids	1194	Oxosteroids
3060	CHEMONTID:0003060	16-oxosteroids	1194	Oxosteroids
3061	CHEMONTID:0003061	C24-propyl sterols and derivatives	258	Steroids and steroid derivatives
3062	CHEMONTID:0003062	Sulfoquinovosylmonoacylglycerols	1773	Glycosylmonoacylglycerols
3063	CHEMONTID:0003063	Sulfoquinovosyl 1-monoacylglycerols	3062	Sulfoquinovosylmonoacylglycerols
3064	CHEMONTID:0003064	Sulfoquinovosyl 2-monoacylglycerols	3062	Sulfoquinovosylmonoacylglycerols
3065	CHEMONTID:0003065	Indan-1-spirocyclohexanes	27	Indanes
3066	CHEMONTID:0003066	Carbapenams	162	Beta lactams
3067	CHEMONTID:0003067	Glycosyldiacylglycerols	3822	Glycosyldiradylglycerols
3068	CHEMONTID:0003068	Monosubstituted amine oxides and derivatives	496	Amine oxides and derivatives
3069	CHEMONTID:0003069	Disubstituted amine oxides and derivatives	496	Amine oxides and derivatives
3070	CHEMONTID:0003070	Trisubstituted amine oxides and derivatives	496	Amine oxides and derivatives
3071	CHEMONTID:0003071	1,8-naphthalic anhydrides	1871	Naphthalenecarboxylic acids and derivatives
3072	CHEMONTID:0003072	1-carboxy-2-haloaromatic compounds	1205	Carboxylic acids
3073	CHEMONTID:0003073	Aromatic alcohols	129	Alcohols and polyols
3074	CHEMONTID:0003074	Arylsufonic acids	2237	Arylsulfonic acids and derivatives
3075	CHEMONTID:0003075	1-sulfo,2-unsubstituted aromatic compounds	3074	Arylsufonic acids
3076	CHEMONTID:0003076	Thioamide-S-oxides	510	Thioamides
3077	CHEMONTID:0003077	Thioamide-S,S-dioxides	510	Thioamides
3078	CHEMONTID:0003078	Aldoximes	411	Oximes
3079	CHEMONTID:0003079	Ketoximes	411	Oximes
3080	CHEMONTID:0003080	N-aliphatic s-triazines	1693	Aminotriazines
3081	CHEMONTID:0003081	Acylsulfonic acids and derivatives	270	Organosulfonic acids and derivatives
3082	CHEMONTID:0003082	Acylsulfonic acids	3081	Acylsulfonic acids and derivatives
3083	CHEMONTID:0003083	2-polyprenyl-6-methoxyphenols	2221	Polyprenylphenols
3084	CHEMONTID:0003084	Chlorohydroquinones	136	Hydroquinones
3085	CHEMONTID:0003085	Peroxybenzoic acids and derivatives	176	Benzoic acids and derivatives
3086	CHEMONTID:0003086	Medium-chain fatty acids	262	Fatty acids and conjugates
3087	CHEMONTID:0003087	Benzylpiperidines	195	Piperidines
3088	CHEMONTID:0003088	2-benzylpiperidines	3087	Benzylpiperidines
3089	CHEMONTID:0003089	3-benzylpiperidines	3087	Benzylpiperidines
3090	CHEMONTID:0003090	4-benzylpiperidines	3087	Benzylpiperidines
3091	CHEMONTID:0003091	N-acylimines	117	Imines
3092	CHEMONTID:0003092	Oxaziridines	2	Organoheterocyclic compounds
3093	CHEMONTID:0003093	N-sulfonyloxaziridines	3092	Oxaziridines
3094	CHEMONTID:0003094	Thiadiazinanes	2	Organoheterocyclic compounds
3095	CHEMONTID:0003095	21-hydroxysteroids	1295	Hydroxysteroids
3096	CHEMONTID:0003096	Halobenzoic acids and derivatives	176	Benzoic acids and derivatives
3097	CHEMONTID:0003097	Halobenzoic acids	3096	Halobenzoic acids and derivatives
3098	CHEMONTID:0003098	2-halobenzoic acids and derivatives	3096	Halobenzoic acids and derivatives
3099	CHEMONTID:0003099	3-halobenzoic acids and derivatives	3096	Halobenzoic acids and derivatives
3100	CHEMONTID:0003100	4-halobenzoic acids and derivatives	3096	Halobenzoic acids and derivatives
3101	CHEMONTID:0003101	2-halobenzoic acids	3098	2-halobenzoic acids and derivatives
3102	CHEMONTID:0003102	3-halobenzoic acids	3099	3-halobenzoic acids and derivatives
3103	CHEMONTID:0003103	4-halobenzoic acids	3100	4-halobenzoic acids and derivatives
3104	CHEMONTID:0003104	Geminal diols	2286	Polyols
3105	CHEMONTID:0003105	O-sulfanylbenzoic acids and derivatives	2086	Sulfanylbenzoic acids and derivatives
3106	CHEMONTID:0003106	O-sulfanylbenzoic acids	3105	O-sulfanylbenzoic acids and derivatives
3107	CHEMONTID:0003107	Carbothioic S-acids	264	Organic acids and derivatives
3108	CHEMONTID:0003108	Carbothioic O-acids	264	Organic acids and derivatives
3109	CHEMONTID:0003109	Flavaglines	301	Benzofurans
3110	CHEMONTID:0003110	Hydroxylamine O-sulfonic acids	264	Organic acids and derivatives
3111	CHEMONTID:0003111	Hydrazinesulfinic acids	264	Organic acids and derivatives
3112	CHEMONTID:0003112	Sulfonohydrazonic acids	264	Organic acids and derivatives
3113	CHEMONTID:0003113	Sulfonimidic acids	264	Organic acids and derivatives
3114	CHEMONTID:0003114	Sulfonodihydrazonic acids	264	Organic acids and derivatives
3115	CHEMONTID:0003115	Tellurinohydrazonic acids	264	Organic acids and derivatives
3116	CHEMONTID:0003116	Selenodiimidic acids	264	Organic acids and derivatives
3117	CHEMONTID:0003117	Selenimidic acids	264	Organic acids and derivatives
3118	CHEMONTID:0003118	Sulfonohydrazonimidic acids	264	Organic acids and derivatives
3119	CHEMONTID:0003119	Seleninyl compounds	2468	Organoselenium compounds
3120	CHEMONTID:0003120	Selenonyl compounds	2468	Organoselenium compounds
3121	CHEMONTID:0003121	Telluronyl compounds	2469	Organotellurium compounds
3122	CHEMONTID:0003122	Tellurinyl compounds	2469	Organotellurium compounds
3123	CHEMONTID:0003123	Selenocarbonyl compounds	2468	Organoselenium compounds
3124	CHEMONTID:0003124	Tellurocarbonyl compounds	2469	Organotellurium compounds
3125	CHEMONTID:0003125	Imidocarbonyl compounds	278	Organonitrogen compounds
3126	CHEMONTID:0003126	Carboselenoic acids	2427	Carboselenoic acids and derivatives
3127	CHEMONTID:0003127	Carboselenoamides	2427	Carboselenoic acids and derivatives
3128	CHEMONTID:0003128	Carbotelluroic acids and derivatives	264	Organic acids and derivatives
3129	CHEMONTID:0003129	Carbotelluroamides	3128	Carbotelluroic acids and derivatives
3130	CHEMONTID:0003130	Sulfinyl compounds	4	Organosulfur compounds
3131	CHEMONTID:0003131	Alpha,beta-unsaturated carbonyl compounds	1831	Carbonyl compounds
3132	CHEMONTID:0003132	Hydrazinecarboxylic acids and derivatives	265	Carboxylic acids and derivatives
3133	CHEMONTID:0003133	Hydrazinecarboxylic acids	3132	Hydrazinecarboxylic acids and derivatives
3134	CHEMONTID:0003134	Hydrazinecarboxamides	3132	Hydrazinecarboxylic acids and derivatives
3135	CHEMONTID:0003135	Organic thioperoxides	4	Organosulfur compounds
3136	CHEMONTID:0003136	Alkanesulfonic acids and derivatives	270	Organosulfonic acids and derivatives
3137	CHEMONTID:0003137	Aminosulfonyl compounds	1157	Sulfonyls
3138	CHEMONTID:0003138	Hydrazinosulfonyl compounds	1157	Sulfonyls
3139	CHEMONTID:0003139	Aminosulfonodithioyl compounds	4	Organosulfur compounds
3140	CHEMONTID:0003140	Trialkoxysilanes	3265	Alkoxysilanes
3141	CHEMONTID:0003141	S-hydrazinosulfonimidoyl compounds	4	Organosulfur compounds
3142	CHEMONTID:0003142	S-aminosulfonimidothioyl compounds	4	Organosulfur compounds
3143	CHEMONTID:0003143	Aminosulfinyl compounds	3130	Sulfinyl compounds
3144	CHEMONTID:0003144	Sulfonohydrazonothioic o-acids	264	Organic acids and derivatives
3145	CHEMONTID:0003145	Sulfonohydrazonothioic s-acids	264	Organic acids and derivatives
3146	CHEMONTID:0003146	Sulfonimidodithioic acids	264	Organic acids and derivatives
3147	CHEMONTID:0003147	Sulfonimidoselenoic acids	264	Organic acids and derivatives
3148	CHEMONTID:0003148	Sulfonohydrazonamides	264	Organic acids and derivatives
3149	CHEMONTID:0003149	Hydrazineselenoamides	264	Organic acids and derivatives
3150	CHEMONTID:0003150	Sulfonodiimidoperoxoic acids	264	Organic acids and derivatives
3151	CHEMONTID:0003151	Sulfonodiimidic acids	264	Organic acids and derivatives
3152	CHEMONTID:0003152	Carboximidamides	278	Organonitrogen compounds
3153	CHEMONTID:0003153	Carboximidohydrazides	278	Organonitrogen compounds
3154	CHEMONTID:0003154	Sulfonimidamides	4	Organosulfur compounds
3155	CHEMONTID:0003155	Sulfonodiimidamides	4	Organosulfur compounds
3156	CHEMONTID:0003156	Sulfinoimidoperoxoic acids	264	Organic acids and derivatives
3157	CHEMONTID:0003157	OS-thioperoxols	3159	Thioperoxols
3158	CHEMONTID:0003158	SO-thioperoxols	3159	Thioperoxols
3159	CHEMONTID:0003159	Thioperoxols	4	Organosulfur compounds
3160	CHEMONTID:0003160	Telluronohydrazides	3121	Telluronyl compounds
3161	CHEMONTID:0003161	Tellurinohydrazides	3122	Tellurinyl compounds
3162	CHEMONTID:0003162	Seleninohydrazides	3119	Seleninyl compounds
3163	CHEMONTID:0003163	Selenonohydrazides	3120	Selenonyl compounds
3164	CHEMONTID:0003164	Carboperoxoic acids	264	Organic acids and derivatives
3165	CHEMONTID:0003165	Carboperoxoselenoic acids	264	Organic acids and derivatives
3166	CHEMONTID:0003166	Carboperoxothioic OO-acids	264	Organic acids and derivatives
3167	CHEMONTID:0003167	Carboselenothioic S-acids	264	Organic acids and derivatives
3168	CHEMONTID:0003168	Carboselenothioic Se-acids	264	Organic acids and derivatives
3169	CHEMONTID:0003169	Carbodiselenoic acids	264	Organic acids and derivatives
3170	CHEMONTID:0003170	Long-chain 1-monoacylglycerols	1597	1-monoacylglycerols
3171	CHEMONTID:0003171	Very long-chain 1-monoacylglycerols	1597	1-monoacylglycerols
3172	CHEMONTID:0003172	Long-chain 2-monoacylglycerols	1603	2-monoacylglycerols
3173	CHEMONTID:0003173	Very long-chain 2-monoacylglycerols	1603	2-monoacylglycerols
3174	CHEMONTID:0003174	Very long-chain fatty aldehydes	298	Fatty aldehydes
3175	CHEMONTID:0003175	Very long-chain fatty acyl CoAs	1090	Acyl CoAs
3176	CHEMONTID:0003176	Long-chain 3-oxoacyl CoAs	1328	3-oxo-acyl CoAs
3177	CHEMONTID:0003177	Very-long-chain 3-oxoacyl CoAs	1328	3-oxo-acyl CoAs
3178	CHEMONTID:0003178	Long-chain 3-hydroxyacyl CoAs	2960	3-hydroxyacyl CoAs
3179	CHEMONTID:0003179	Very long-chain 3-hydroxyacyl CoAs	2960	3-hydroxyacyl CoAs
3180	CHEMONTID:0003180	Enoyl CoAs	3327	Fatty acyl thioesters
3181	CHEMONTID:0003181	2-enoyl CoAs	3180	Enoyl CoAs
3182	CHEMONTID:0003182	3-enoyl CoAs	3180	Enoyl CoAs
3183	CHEMONTID:0003183	Long-chain enoyl CoAs	3180	Enoyl CoAs
3184	CHEMONTID:0003184	Long-chain 2-enoyl CoAs	3183	Long-chain enoyl CoAs
3185	CHEMONTID:0003185	Long-chain 3-enoyl CoAs	3183	Long-chain enoyl CoAs
3186	CHEMONTID:0003186	N-acyl-phosphatidylethanolamines	3187	Glycero-3-phospho-N-acyl-ethanolamines
3187	CHEMONTID:0003187	Glycero-3-phospho-N-acyl-ethanolamines	2215	Glycerophosphoethanolamines
3188	CHEMONTID:0003188	Acyl homoserines	331	Fatty amides
3189	CHEMONTID:0003189	3-Oxo-acyl homoserines	3188	Acyl homoserines
3190	CHEMONTID:0003190	Coumarino-alpha-pyrones	145	Coumarins and derivatives
3191	CHEMONTID:0003191	Coumarino-gamma-pyrones	145	Coumarins and derivatives
3192	CHEMONTID:0003192	Ammonium ylides	2449	Amines
3193	CHEMONTID:0003193	Nitrile ylides	3633	Propargyl-type 1,3-dipolar organic compounds
3194	CHEMONTID:0003194	Organosilicon compounds	1370	Organometalloid compounds
3195	CHEMONTID:0003195	Alkylsilanes	3194	Organosilicon compounds
3196	CHEMONTID:0003196	Alkylarylsilanes	3194	Organosilicon compounds
3197	CHEMONTID:0003197	Alpha-diazo esters	1668	Organic diazonium salts
3198	CHEMONTID:0003198	Alpha-diazo ketones	1668	Organic diazonium salts
3199	CHEMONTID:0003199	Sulfonyl azides	1157	Sulfonyls
3200	CHEMONTID:0003200	Silyl ethers	3194	Organosilicon compounds
3201	CHEMONTID:0003201	Silanols	3194	Organosilicon compounds
3202	CHEMONTID:0003202	Urazoles	1327	Triazolidinones
3203	CHEMONTID:0003203	Maleimides	1158	Pyrrolidones
3204	CHEMONTID:0003204	2,3-dihydro-4-pyridones	2224	Hydropyridines
3205	CHEMONTID:0003205	Disiloxanes	4446	Siloxanes
3206	CHEMONTID:0003206	Medium-chain fatty acyl CoAs	1090	Acyl CoAs
3207	CHEMONTID:0003207	Medium-chain 2-enoyl CoAs	3180	Enoyl CoAs
3208	CHEMONTID:0003208	2,3,4-saturated fatty acyl CoAs	1090	Acyl CoAs
3209	CHEMONTID:0003209	Carbo-azosulfones	1157	Sulfonyls
3210	CHEMONTID:0003210	5-monosubstituted hydantoins	2273	Hydantoins
3211	CHEMONTID:0003211	N-acyl-aliphatic-alpha amino acids	2402	N-acyl-alpha amino acids
3212	CHEMONTID:0003212	N-acyl-aromatic-alpha amino acids	2402	N-acyl-alpha amino acids
3213	CHEMONTID:0003213	Aryl-aldehydes	124	Aldehydes
3214	CHEMONTID:0003214	2-phenylindoles	2497	Indoles
3215	CHEMONTID:0003215	Thiophene sulfoxides	97	Thiophenes
3216	CHEMONTID:0003216	3-aroylthiophenes	97	Thiophenes
3217	CHEMONTID:0003217	2-amino-3-aroylthiophenes	3216	3-aroylthiophenes
3218	CHEMONTID:0003218	3-aroylfurans	76	Furans
3219	CHEMONTID:0003219	Borinic acid derivatives	264	Organic acids and derivatives
3220	CHEMONTID:0003220	Borinic acid esters	3219	Borinic acid derivatives
3221	CHEMONTID:0003221	Borinic acids	3219	Borinic acid derivatives
3222	CHEMONTID:0003222	Organoboroxines	2	Organoheterocyclic compounds
3223	CHEMONTID:0003223	Acetohydroxamic acids	376	Hydroxamic acids
3224	CHEMONTID:0003224	(R)-3-hydroxyacyl CoAs	2960	3-hydroxyacyl CoAs
3225	CHEMONTID:0003225	(S)-3-hydroxyacyl CoAs	2960	3-hydroxyacyl CoAs
3226	CHEMONTID:0003226	3-beta-hydroxy delta-5-steroids	2971	3-hydroxy delta-5-steroids
3227	CHEMONTID:0003227	11-beta-hydroxysteroids	3228	11-hydroxysteroids
3228	CHEMONTID:0003228	11-hydroxysteroids	1295	Hydroxysteroids
3229	CHEMONTID:0003229	16-hydroxysteroids	1295	Hydroxysteroids
3230	CHEMONTID:0003230	16-alpha-hydroxysteroids	3229	16-hydroxysteroids
3231	CHEMONTID:0003231	16-beta-hydroxysteroids	3229	16-hydroxysteroids
3232	CHEMONTID:0003232	3-alpha-hydroxysteroids	3027	3-hydroxysteroids
3233	CHEMONTID:0003233	3-beta-hydroxysteroids	3027	3-hydroxysteroids
3234	CHEMONTID:0003234	11-alpha-hydroxysteroids	3228	11-hydroxysteroids
3235	CHEMONTID:0003235	Delta-11-acyl CoAs	1090	Acyl CoAs
3236	CHEMONTID:0003236	17-hydroxysteroids	1295	Hydroxysteroids
3237	CHEMONTID:0003237	17-beta-hydroxysteroids	3236	17-hydroxysteroids
3238	CHEMONTID:0003238	7-hydroxysteroids	1295	Hydroxysteroids
3239	CHEMONTID:0003239	7-alpha-hydroxysteroids	3238	7-hydroxysteroids
3240	CHEMONTID:0003240	7-beta-hydroxysteroids	3238	7-hydroxysteroids
3241	CHEMONTID:0003241	12-hydroxysteroids	1295	Hydroxysteroids
3242	CHEMONTID:0003242	12-alpha-hydroxysteroids	3241	12-hydroxysteroids
3243	CHEMONTID:0003243	12-beta-hydroxysteroids	3241	12-hydroxysteroids
3244	CHEMONTID:0003244	7-oxosteroids	1194	Oxosteroids
3245	CHEMONTID:0003245	3-oxo-5-alpha-steroids	3026	3-oxosteroids
3246	CHEMONTID:0003246	1-alpha,2-epoxy-3-oxo-5-alpha-steroids	3247	1,2-epoxy-3-oxosteroids
3247	CHEMONTID:0003247	1,2-epoxy-3-oxosteroids	3026	3-oxosteroids
3248	CHEMONTID:0003248	3-beta-hydroxy-6-oxo-5-alpha-steroids	3249	6-oxosteroids
3249	CHEMONTID:0003249	6-oxosteroids	1194	Oxosteroids
3250	CHEMONTID:0003250	5,6-epoxysteroids	258	Steroids and steroid derivatives
3251	CHEMONTID:0003251	3-beta-hydroxy-delta-7-steroids	2985	3-hydroxy delta-7-steroids
3252	CHEMONTID:0003252	3-oxo-4-azasteroids	3026	3-oxosteroids
3253	CHEMONTID:0003253	17-azasteroids and derivatives	2340	Azasteroids and derivatives
3254	CHEMONTID:0003254	(2R)-hydroxy acids and derivatives	1359	Alpha hydroxy acids and derivatives
3255	CHEMONTID:0003255	(2R)-hydroxy acids	3254	(2R)-hydroxy acids and derivatives
3256	CHEMONTID:0003256	3-oxo-5-beta-steroids	3026	3-oxosteroids
3257	CHEMONTID:0003257	GalNAcb1-4Galb1-4Glc- (Ganglio series)	1419	Neutral glycosphingolipids
3258	CHEMONTID:0003258	Glycosphingolipids	257	Sphingolipids
3259	CHEMONTID:0003259	1,2-diacyl-3-O-beta-D-galactosyl-sn-glycerols	3822	Glycosyldiradylglycerols
3260	CHEMONTID:0003260	Sulfenyl compounds	4	Organosulfur compounds
3261	CHEMONTID:0003261	Sulfenyl halides	3260	Sulfenyl compounds
3262	CHEMONTID:0003262	Sulfinyl halides	3130	Sulfinyl compounds
3263	CHEMONTID:0003263	Monoalkylglycerols	3808	Monoradylglycerols
3264	CHEMONTID:0003264	Glycerol vinyl ethers	175	Glycerolipids
3265	CHEMONTID:0003265	Alkoxysilanes	3194	Organosilicon compounds
3266	CHEMONTID:0003266	Monoalkylsilanols	3201	Silanols
3267	CHEMONTID:0003267	Dialkylsilanols	3201	Silanols
3268	CHEMONTID:0003268	Trialkylsilanols	3201	Silanols
3269	CHEMONTID:0003269	Monoalkylsilanediols	3201	Silanols
3270	CHEMONTID:0003270	Monoalkylsilanetriols	3201	Silanols
3271	CHEMONTID:0003271	Dialkylsilanediols	3201	Silanols
3272	CHEMONTID:0003272	Isocyanide dichlorides	278	Organonitrogen compounds
3273	CHEMONTID:0003273	Alkylhalosilanes	3194	Organosilicon compounds
3274	CHEMONTID:0003274	Idoso compounds	1518	Organoiodides
3275	CHEMONTID:0003275	Idoxy compounds	1518	Organoiodides
3276	CHEMONTID:0003276	Tosyl compounds	1091	Toluenes
3277	CHEMONTID:0003277	p-Nitrobenzenesulfonates	32	Benzenesulfonic acids and derivatives
3278	CHEMONTID:0003278	p-Methylbenzenesulfonates	32	Benzenesulfonic acids and derivatives
3279	CHEMONTID:0003279	Ynolates	323	Organooxygen compounds
3280	CHEMONTID:0003280	N-hydroxyguanidines	375	Guanidines
3281	CHEMONTID:0003281	N-nitrosated N-hydroxyguanidines	3280	N-hydroxyguanidines
3282	CHEMONTID:0003282	N-arylamides	278	Organonitrogen compounds
3283	CHEMONTID:0003283	N-aryl-N-hydroxylamides	376	Hydroxamic acids
3284	CHEMONTID:0003284	Thiosulfonic acids	4	Organosulfur compounds
3285	CHEMONTID:0003285	Alkali metal metavanadates	445	Alkali metal oxoanionic compounds
3286	CHEMONTID:0003286	Acetohydroximates	376	Hydroxamic acids
3287	CHEMONTID:0003287	1-(1Z-alkenyl)-glycero-3-phosphates	1254	1Z-alkenylglycero-3-phosphates
3288	CHEMONTID:0003288	2-(1Z-alkenyl)-glycero-3-phosphates	1254	1Z-alkenylglycero-3-phosphates
3289	CHEMONTID:0003289	Miscellaneous metavanadates	1470	Miscellaneous metallic oxoanionic compounds
3290	CHEMONTID:0003290	Non-metal orthovanadates	1442	Other mixed metal/non-metal oxoanionic compounds
3291	CHEMONTID:0003291	Non-metal metavanadates	1442	Other mixed metal/non-metal oxoanionic compounds
3292	CHEMONTID:0003292	Post-transition metal metavanadates	451	Post-transition metal oxoanionic compounds
3293	CHEMONTID:0003293	Transition metal metavanadates	450	Transition metal oxoanionic compounds
3294	CHEMONTID:0003294	Organic metavanadates	463	Organic oxoanionic compounds
3295	CHEMONTID:0003295	N-alkylated hydrazones	116	Hydrazones
3296	CHEMONTID:0003296	N-alkyl sulfonyl hydrazones	116	Hydrazones
3297	CHEMONTID:0003297	Organic Polymers	0	Organic compounds
3298	CHEMONTID:0003298	Polypeptides	3297	Organic Polymers
3299	CHEMONTID:0003299	Polystyrenes	3297	Organic Polymers
3300	CHEMONTID:0003300	Polyureas	3297	Organic Polymers
3301	CHEMONTID:0003301	Polynucleotides	3297	Organic Polymers
3302	CHEMONTID:0003302	Polycarbamates	3297	Organic Polymers
3303	CHEMONTID:0003303	Amino oligosaccharides	3305	Aminosaccharides
3304	CHEMONTID:0003304	Acylamino oligosaccharides	3303	Amino oligosaccharides
3305	CHEMONTID:0003305	Aminosaccharides	11	Carbohydrates and carbohydrate conjugates
3306	CHEMONTID:0003306	Monosaccharide sulfates	1540	Monosaccharides
3307	CHEMONTID:0003307	Disaccharide sulfates	1542	Disaccharides
3308	CHEMONTID:0003308	Oligosaccharide sulfates	198	Oligosaccharides
3309	CHEMONTID:0003309	Polysaccharide sulfates	1539	Polysaccharides
3310	CHEMONTID:0003310	Naphthalene sulfonates	3597	Naphthalene sulfonic acids and derivatives
3311	CHEMONTID:0003311	Alkanesulfonic acids	3136	Alkanesulfonic acids and derivatives
3312	CHEMONTID:0003312	1,1-diunsubstituted alkanesulfonic acids	3313	1,1-diunsubstituted alkanesulfonic acids and derivatives
3313	CHEMONTID:0003313	1,1-diunsubstituted alkanesulfonic acids and derivatives	3136	Alkanesulfonic acids and derivatives
3314	CHEMONTID:0003314	Phenyl-1,2,4-triazoles	2183	Phenyltriazoles
3315	CHEMONTID:0003315	Phenyl-1,2,3-triazoles	2183	Phenyltriazoles
3317	CHEMONTID:0003317	Pyridyltriazoles	89	Pyridines and derivatives
3318	CHEMONTID:0003318	Pyridyl-1,2,3-triazoles	3317	Pyridyltriazoles
3319	CHEMONTID:0003319	Pyridyl-1,2,4-triazoles	3317	Pyridyltriazoles
3321	CHEMONTID:0003321	1,2-diacylglycero-3-phosphosulfocholines	3853	Glycero-3-phosphosulfocholines
3322	CHEMONTID:0003322	Wax monoesters	1723	Wax esters
3323	CHEMONTID:0003323	Type 1 wax diesters	3325	Wax diesters
3324	CHEMONTID:0003324	Type 2 wax diesters	3325	Wax diesters
3325	CHEMONTID:0003325	Wax diesters	1723	Wax esters
3326	CHEMONTID:0003326	4,5-dioxoaporphines	381	Aporphines
3327	CHEMONTID:0003327	Fatty acyl thioesters	3909	Fatty Acyls
3328	CHEMONTID:0003328	2,3-dienoyl  fatty acyl thioesters	3327	Fatty acyl thioesters
3329	CHEMONTID:0003329	3,4-dienoyl CoAs	3180	Enoyl CoAs
3330	CHEMONTID:0003330	2,4-dienoyl CoAs	3180	Enoyl CoAs
3331	CHEMONTID:0003331	2,5-dienoyl CoAs	3180	Enoyl CoAs
3332	CHEMONTID:0003332	6,6a-secoaporphines	279	Alkaloids and derivatives
3333	CHEMONTID:0003333	Cyclic glycosylpeptides and derivatives	1996	Cyclic glycopeptides and derivatives
3334	CHEMONTID:0003334	Glycosylpeptides and derivatives	1699	Glycopeptides and derivatives
3335	CHEMONTID:0003335	Glyco-alpha-amino acids	60	Alpha amino acids and derivatives
3336	CHEMONTID:0003336	Glycosyl-alpha-amino acids	3335	Glyco-alpha-amino acids
3337	CHEMONTID:0003337	Organoarsonous acids	264	Organic acids and derivatives
3338	CHEMONTID:0003338	Polyethylene glycols	1167	Dialkyl ethers
3339	CHEMONTID:0003339	2-amino-3-benzoylthiophenes	3217	2-amino-3-aroylthiophenes
3340	CHEMONTID:0003340	2-amino-3-aroyl-4,5-alkylthiophenes	3217	2-amino-3-aroylthiophenes
3341	CHEMONTID:0003341	1-acyl-3-O-beta-D-galactosyl-sn-glycerols	3819	Glycosylmonoradylglycerols
3342	CHEMONTID:0003342	1,2-diacyl-3-O-beta-D-digalactosyl-sn-glycerols	3344	3-O-beta-D-digalactosyl-sn-glycerols
3343	CHEMONTID:0003343	1-acyl-3-O-beta-D-digalactosyl-sn-glycerols	3344	3-O-beta-D-digalactosyl-sn-glycerols
3344	CHEMONTID:0003344	3-O-beta-D-digalactosyl-sn-glycerols	637	Glycosylglycerols
3345	CHEMONTID:0003345	3-O-beta-D-monogalactosyl-sn-glycerols	637	Glycosylglycerols
3346	CHEMONTID:0003346	Phosphatidylinositol dimannosides	1344	Phosphatidylinositols
3347	CHEMONTID:0003347	Phosphatidylinositol monomannosides	1344	Phosphatidylinositols
3348	CHEMONTID:0003348	3-thia fatty acids	1423	Thia fatty acids
3349	CHEMONTID:0003349	4-thia fatty acids	1423	Thia fatty acids
3350	CHEMONTID:0003350	N-hydroxyl-alpha-amino acids	60	Alpha amino acids and derivatives
3351	CHEMONTID:0003351	1,2,3-oxadiazoles	1822	Oxadiazoles
3352	CHEMONTID:0003352	Thienopyridazines	2	Organoheterocyclic compounds
3353	CHEMONTID:0003353	Thieno[3,4-c]pyridazines	3352	Thienopyridazines
3354	CHEMONTID:0003354	Thieno[3,4-d]pyridazines	3352	Thienopyridazines
3355	CHEMONTID:0003355	2-aminothieno[3,4-c]pyridazines	3353	Thieno[3,4-c]pyridazines
3356	CHEMONTID:0003356	2-aminothieno[3,4-d]pyridazines	3354	Thieno[3,4-d]pyridazines
3357	CHEMONTID:0003357	N-alkylpiperazines	189	Piperazines
3358	CHEMONTID:0003358	N-methylpiperazines	3357	N-alkylpiperazines
3359	CHEMONTID:0003359	N-arylpiperazines	189	Piperazines
3360	CHEMONTID:0003360	30-hydroxysteroids	1295	Hydroxysteroids
3361	CHEMONTID:0003361	Pyrazinium compounds	1346	Diazines
3362	CHEMONTID:0003362	1-aminopyrazinium compounds	3361	Pyrazinium compounds
3363	CHEMONTID:0003363	2-aminopyrazinium compounds	3361	Pyrazinium compounds
3364	CHEMONTID:0003364	Steroid acids	258	Steroids and steroid derivatives
3365	CHEMONTID:0003365	Mono-rhamnolipids	1765	Rhamnolipids
3366	CHEMONTID:0003366	Di-rhamnolipids	1765	Rhamnolipids
3367	CHEMONTID:0003367	3-carboxy-20-oxosteroids	3368	3-carboxy steroids
3368	CHEMONTID:0003368	3-carboxy steroids	3364	Steroid acids
3369	CHEMONTID:0003369	17-carboxy steroids	3364	Steroid acids
3370	CHEMONTID:0003370	Azobenzenes	2	Organoheterocyclic compounds
3371	CHEMONTID:0003371	Isodiazenes	278	Organonitrogen compounds
3372	CHEMONTID:0003372	1,2-dithiolanes	484	Dithiolanes
3373	CHEMONTID:0003373	1,3-dithiolanes	484	Dithiolanes
3374	CHEMONTID:0003374	1,2-dithiolane-3-carboxylic acids	3379	1,2-dithiolanecarboxylic acids
3375	CHEMONTID:0003375	1,2-dithiolane-4-carboxylic acids	3379	1,2-dithiolanecarboxylic acids
3376	CHEMONTID:0003376	1,3-dithiolane-2-carboxylic acids	3380	1,3-dithiolanecarboxylic acids
3377	CHEMONTID:0003377	1,3-dithiolane-4-carboxylic acids	3380	1,3-dithiolanecarboxylic acids
3378	CHEMONTID:0003378	Dithiolanecarboxylic acids	484	Dithiolanes
3379	CHEMONTID:0003379	1,2-dithiolanecarboxylic acids	3378	Dithiolanecarboxylic acids
3380	CHEMONTID:0003380	1,3-dithiolanecarboxylic acids	3378	Dithiolanecarboxylic acids
3381	CHEMONTID:0003381	alpha-Mercaptocarboxylic acids	1205	Carboxylic acids
3382	CHEMONTID:0003382	Thiophosphate monoesters	1572	Thiophosphoric acid esters
3383	CHEMONTID:0003383	Thiophosphate diesters	1572	Thiophosphoric acid esters
3384	CHEMONTID:0003384	Thiophosphate triesters	1572	Thiophosphoric acid esters
3385	CHEMONTID:0003385	Organic dithiophosphoric acids and derivatives	264	Organic acids and derivatives
3387	CHEMONTID:0003387	Dithiophosphate S-esters	3385	Organic dithiophosphoric acids and derivatives
3388	CHEMONTID:0003388	1'-(acyl-sn-glycero-3-phospho),3'-(acyl-sn-glycero-3-phospho)-sn-glycerols	3389	Glycerophosphoglycerophosphoglycerols
3389	CHEMONTID:0003389	Glycerophosphoglycerophosphoglycerols	256	Glycerophospholipids
3390	CHEMONTID:0003390	Ceramide-1-phosphates	1427	Phosphoceramides
3391	CHEMONTID:0003391	Phosphonosphingolipids	257	Sphingolipids
3392	CHEMONTID:0003392	Phosphosphingolipids	257	Sphingolipids
3393	CHEMONTID:0003393	(2'->5')-dinucleotides	289	Nucleosides, nucleotides, and analogues
3394	CHEMONTID:0003394	(3'->5')-dinucleotides	3796	(3'->5')-dinucleotides and analogues
3395	CHEMONTID:0003395	5'-phospho-(2'->5')-dinucleotides	3393	(2'->5')-dinucleotides
3396	CHEMONTID:0003396	5'-phospho-(3'->5')-dinucleotides	3394	(3'->5')-dinucleotides
3397	CHEMONTID:0003397	Sphenolobane diterpenoids	1551	Diterpenoids
3398	CHEMONTID:0003398	Amphilectane, neoamphilectane, cycloamphilectane, and adociane diterpenoids	1551	Diterpenoids
3399	CHEMONTID:0003399	Cyclohexane sesterterpenes	1552	Sesterterpenoids
3400	CHEMONTID:0003400	Stemarane diterpenoids	3401	Villanovane, atisane, trachylobane or helvifulvane diterpenoids
3401	CHEMONTID:0003401	Villanovane, atisane, trachylobane or helvifulvane diterpenoids	1551	Diterpenoids
3402	CHEMONTID:0003402	Monomethylphosphatidylethanolamines	1393	Phosphatidylethanolamines
3403	CHEMONTID:0003403	Dimethylphosphatidylethanolamines	1393	Phosphatidylethanolamines
3404	CHEMONTID:0003404	Phosphatidylethanols	256	Glycerophospholipids
3405	CHEMONTID:0003405	2-arylbenzofuran flavonoids	261	Phenylpropanoids and polyketides
3406	CHEMONTID:0003406	3-arylcoumarin flavonoids	2506	Isoflavonoids
3407	CHEMONTID:0003407	Peltogynoid flavonoids	334	Flavonoids
3408	CHEMONTID:0003408	Isobenzofurans	2	Organoheterocyclic compounds
3409	CHEMONTID:0003409	Isobenzofuranones	4191	Isocoumarans
3410	CHEMONTID:0003410	1-benzopyrans	123	Benzopyrans
3411	CHEMONTID:0003411	2-benzopyrans	123	Benzopyrans
3412	CHEMONTID:0003412	Benzothiopyrans	2	Organoheterocyclic compounds
3413	CHEMONTID:0003413	1-benzothiopyrans	3412	Benzothiopyrans
3414	CHEMONTID:0003414	2-benzothiopyrans	3412	Benzothiopyrans
3415	CHEMONTID:0003415	Angucyclines	261	Phenylpropanoids and polyketides
3416	CHEMONTID:0003416	Methyl esters	1238	Carboxylic acid esters
3417	CHEMONTID:0003417	Fatty acid methyl esters	324	Fatty acid esters
3418	CHEMONTID:0003418	Dihydrobenzofuran and benzofuran lignans	1392	Lignans, neolignans and related compounds
3419	CHEMONTID:0003419	Cyclobutane lignans	1392	Lignans, neolignans and related compounds
3420	CHEMONTID:0003420	Alpha-acyloxy ketones	3677	Alpha-acyloxy carbonyl compounds
3421	CHEMONTID:0003421	7,8'-epoxylignans	1604	Tetrahydrofuran lignans
3422	CHEMONTID:0003422	7,9'-epoxylignans	1604	Tetrahydrofuran lignans
3423	CHEMONTID:0003423	7,7'-epoxylignans	1604	Tetrahydrofuran lignans
3424	CHEMONTID:0003424	9,9'-epoxylignans	1604	Tetrahydrofuran lignans
3425	CHEMONTID:0003425	Aryltetralin lignans	1392	Lignans, neolignans and related compounds
3426	CHEMONTID:0003426	9,9p-dihydroxyaryltetralin lignans	3425	Aryltetralin lignans
3427	CHEMONTID:0003427	Stemona alkaloids	279	Alkaloids and derivatives
3428	CHEMONTID:0003428	Croomine-type alkaloids	3916	Tuberostemospironine-type alkaloids
3429	CHEMONTID:0003429	Stichoneurine-type alkaloids	3914	Stemoamide-type alkaloids
3430	CHEMONTID:0003430	Protostemonine-type alkaloids	3914	Stemoamide-type alkaloids
3431	CHEMONTID:0003431	Vallesaman alkaloids	279	Alkaloids and derivatives
3432	CHEMONTID:0003432	Thiocarbamic acid bromides	1191	Thiocarbamic acid halides
3433	CHEMONTID:0003433	Thiocarbamic acid iodides	1191	Thiocarbamic acid halides
3434	CHEMONTID:0003434	Thiocarbamic acid fluorides	1191	Thiocarbamic acid halides
3435	CHEMONTID:0003435	Thiocarbamic acid chlorides	1191	Thiocarbamic acid halides
3436	CHEMONTID:0003436	Dithiocarboxylic acids and derivatives	1198	Thiocarbonyl compounds
3437	CHEMONTID:0003437	Dithiocarboxylic acids	3436	Dithiocarboxylic acids and derivatives
3438	CHEMONTID:0003438	Dithiocarboxylic acid amides	3436	Dithiocarboxylic acids and derivatives
3439	CHEMONTID:0003439	Dithiocarboxylic acid esters	3436	Dithiocarboxylic acids and derivatives
3440	CHEMONTID:0003440	S-alkyl-CoAs	12	Lipids and lipid-like molecules
3441	CHEMONTID:0003441	S-alkyl-L-cysteines	4146	L-alpha-amino acids
3442	CHEMONTID:0003442	S-alkyl-L-cysteine S-oxides	3441	S-alkyl-L-cysteines
3443	CHEMONTID:0003443	S-alkyl thiosulfates	2035	Organic thiosulfuric acids and derivatives
3444	CHEMONTID:0003444	Glycerone and derivatives	118	Ketones
3445	CHEMONTID:0003445	O-alkylglycerones	3444	Glycerone and derivatives
3446	CHEMONTID:0003446	Glycerone phosphates	3444	Glycerone and derivatives
3447	CHEMONTID:0003447	O-alkylglycerone phosphates	3446	Glycerone phosphates
3448	CHEMONTID:0003448	O-acylglycerone-phosphates	3446	Glycerone phosphates
3449	CHEMONTID:0003449	N-alkylpyrrolidines	218	Pyrrolidines
3450	CHEMONTID:0003450	Acyl-L-homoserine lactones	1102	Acyl homoserine lactones
3451	CHEMONTID:0003451	Acyl L-homoserines	3188	Acyl homoserines
3452	CHEMONTID:0003452	Acyl D-homoserines	3188	Acyl homoserines
3453	CHEMONTID:0003453	6-thiopurines	245	Purines and purine derivatives
3454	CHEMONTID:0003454	6-alkylaminopurines	2987	6-aminopurines
3455	CHEMONTID:0003455	Sulfuric acid esters	403	Organic sulfuric acids and derivatives
3456	CHEMONTID:0003456	Alkyl sulfates	403	Organic sulfuric acids and derivatives
3457	CHEMONTID:0003457	Alkyl phosphates	408	Phosphate esters
3458	CHEMONTID:0003458	Monoalkyl phosphates	3457	Alkyl phosphates
3459	CHEMONTID:0003459	Dialkyl phosphates	3457	Alkyl phosphates
3460	CHEMONTID:0003460	Trialkyl phosphates	3457	Alkyl phosphates
3461	CHEMONTID:0003461	Alkanesulfinic acids and derivatives	269	Sulfinic acids and derivatives
3462	CHEMONTID:0003462	Alkanesulfinic acids	3461	Alkanesulfinic acids and derivatives
3463	CHEMONTID:0003463	Thiolane-2-thiones	233	Thiolanes
3464	CHEMONTID:0003464	Thiolane-3-thiones	233	Thiolanes
3465	CHEMONTID:0003465	p-Dioxolo[2,3-g]coumarins	145	Coumarins and derivatives
3466	CHEMONTID:0003466	p-Dioxolo[2,3-h]coumarins	145	Coumarins and derivatives
3467	CHEMONTID:0003467	Linear 1,3-diarylpropanoids	261	Phenylpropanoids and polyketides
3468	CHEMONTID:0003468	(5'->5')-dinucleotides	289	Nucleosides, nucleotides, and analogues
3469	CHEMONTID:0003469	N-benzylbenzamides	178	Benzamides
3470	CHEMONTID:0003470	Coumaronochromenes	2506	Isoflavonoids
3471	CHEMONTID:0003471	Auronols	1631	Aurone flavonoids
3472	CHEMONTID:0003472	2'-Hydroxychalcones	1630	Chalcones and dihydrochalcones
3473	CHEMONTID:0003473	2'-Hydroxy-dihydrochalcones	1630	Chalcones and dihydrochalcones
3474	CHEMONTID:0003474	Retrochalcones	1630	Chalcones and dihydrochalcones
3475	CHEMONTID:0003475	Retro-dihydrochalcones	1630	Chalcones and dihydrochalcones
3476	CHEMONTID:0003476	2,3-Cyclopentanoindolines	1146	Indolines
3477	CHEMONTID:0003477	Azaphilones	2	Organoheterocyclic compounds
3478	CHEMONTID:0003478	C-cinnamoyl glycosides	3480	Cinnamic acid esters
3479	CHEMONTID:0003479	O-cinnamoyl glycosides	3480	Cinnamic acid esters
3480	CHEMONTID:0003480	Cinnamic acid esters	476	Cinnamic acids and derivatives
3481	CHEMONTID:0003481	2,5-disubstituted thiophenes	97	Thiophenes
3482	CHEMONTID:0003482	2,3,5-trisubstituted thiophenes	97	Thiophenes
3483	CHEMONTID:0003483	Benzoxanthenes	200	Xanthenes
3484	CHEMONTID:0003484	Pyranocoumarins	145	Coumarins and derivatives
3485	CHEMONTID:0003485	Angular pyranocoumarins	3484	Pyranocoumarins
3486	CHEMONTID:0003486	Linear pyranocoumarins	3484	Pyranocoumarins
3487	CHEMONTID:0003487	Cyclic ketones	118	Ketones
3488	CHEMONTID:0003488	2,4-diphenylfurans	3491	Diphenylfurans
3489	CHEMONTID:0003489	2,5-diphenylfurans	3491	Diphenylfurans
3490	CHEMONTID:0003490	3,4-diphenylfurans	3491	Diphenylfurans
3491	CHEMONTID:0003491	Diphenylfurans	76	Furans
3492	CHEMONTID:0003492	4-carboxy steroids	3364	Steroid acids
3493	CHEMONTID:0003493	Pyripyropenes	3543	Pyranochromenes
3494	CHEMONTID:0003494	Rhamnofolane and daphnane diterpenoids	1551	Diterpenoids
3495	CHEMONTID:0003495	Stilbenolignans	1392	Lignans, neolignans and related compounds
3496	CHEMONTID:0003496	Cinnamylphenols	3467	Linear 1,3-diarylpropanoids
3497	CHEMONTID:0003497	Benzofuran-2-C-glycosides	2204	C-glycosyl compounds
3498	CHEMONTID:0003498	Benzofuran-2-O-glycosides	2207	O-glycosyl compounds
3499	CHEMONTID:0003499	Benzofuran-5-C-glycosides	2204	C-glycosyl compounds
3500	CHEMONTID:0003500	Benzofuran-5-O-glycosides	2207	O-glycosyl compounds
3501	CHEMONTID:0003501	3-prenylated flavones	1615	Flavones
3502	CHEMONTID:0003502	3'-prenylated flavones	1615	Flavones
3503	CHEMONTID:0003503	6-prenylated flavones	1615	Flavones
3504	CHEMONTID:0003504	8-prenylated flavones	1615	Flavones
3505	CHEMONTID:0003505	3-prenylated flavanones	3639	3-prenylated flavans
3506	CHEMONTID:0003506	3'-prenylated flavanones	3643	3'-prenylated flavans
3507	CHEMONTID:0003507	6-prenylated flavanones	3646	6-prenylated flavans
3508	CHEMONTID:0003508	8-prenylated flavanones	3642	8-prenylated flavans
3509	CHEMONTID:0003509	3-prenylated chalcones	1630	Chalcones and dihydrochalcones
3510	CHEMONTID:0003510	3'-prenylated chalcones	1630	Chalcones and dihydrochalcones
3511	CHEMONTID:0003511	4-prenylated 2-arybenzofurans	3405	2-arylbenzofuran flavonoids
3512	CHEMONTID:0003512	3'-prenylated isoflavones	494	Isoflavones
3513	CHEMONTID:0003513	6-prenylated isoflavones	494	Isoflavones
3514	CHEMONTID:0003514	8-prenylated isoflavones	494	Isoflavones
3515	CHEMONTID:0003515	7-prenylated 2-arybenzofurans	3405	2-arylbenzofuran flavonoids
3516	CHEMONTID:0003516	4'-prenylated 2-arybenzofurans	3405	2-arylbenzofuran flavonoids
3517	CHEMONTID:0003517	2-prenylated xanthones	204	Xanthones
3518	CHEMONTID:0003518	4-prenylated xanthones	204	Xanthones
3519	CHEMONTID:0003519	8-prenylated xanthones	204	Xanthones
3520	CHEMONTID:0003520	Pyranoflavonoids	334	Flavonoids
3521	CHEMONTID:0003521	Pyranoxanthones	204	Xanthones
3522	CHEMONTID:0003522	2,2-dimethyl-1-benzopyrans	3410	1-benzopyrans
3523	CHEMONTID:0003523	Meta,para-diphenylether diarylheptanoids	2652	Cyclic diarylheptanoids
3524	CHEMONTID:0003524	Meta,meta-bridged biphenyls	2652	Cyclic diarylheptanoids
3525	CHEMONTID:0003525	3'-prenylated isoflavanones	1827	Isoflavanones
3526	CHEMONTID:0003526	6-prenylated isoflavanones	1827	Isoflavanones
3527	CHEMONTID:0003527	8-prenylated isoflavanones	1827	Isoflavanones
3528	CHEMONTID:0003528	Rotenones	1607	Rotenoids
3529	CHEMONTID:0003529	Furo[2,3-b]chromones	1735	Furanochromones
3530	CHEMONTID:0003530	Pyranoisoflavonoids	2506	Isoflavonoids
3531	CHEMONTID:0003531	Flavonoid-3-O-glycosides	1583	Flavonoid O-glycosides
3532	CHEMONTID:0003532	Flavonoid-3-O-glucuronides	2934	Flavonoid O-glucuronides
3533	CHEMONTID:0003533	Flavonoid-7-O-glycosides	1583	Flavonoid O-glycosides
3534	CHEMONTID:0003534	Flavonoid-7-O-glucuronides	2934	Flavonoid O-glucuronides
3535	CHEMONTID:0003535	Flavonoid 8-C-glycosides	1737	Flavonoid C-glycosides
3536	CHEMONTID:0003536	Dinaphthofurans	1634	Naphthofurans
3537	CHEMONTID:0003537	Dinaphtho[2,1-b;2',3'-d]furans	3536	Dinaphthofurans
3538	CHEMONTID:0003538	Gallic acids	1251	Gallic acid and derivatives
3539	CHEMONTID:0003539	Galloyl esters	1251	Gallic acid and derivatives
3540	CHEMONTID:0003540	Flavonoid-8-O-glycosides	1583	Flavonoid O-glycosides
3541	CHEMONTID:0003541	Flavonoid-8-O-glucuronides	2934	Flavonoid O-glucuronides
3542	CHEMONTID:0003542	Furanochalcones	1630	Chalcones and dihydrochalcones
3543	CHEMONTID:0003543	Pyranochromenes	3410	1-benzopyrans
3544	CHEMONTID:0003544	Methyl-branched fatty acids	338	Branched fatty acids
3545	CHEMONTID:0003545	Himachalane and lippifoliane sesquiterpenoids	1550	Sesquiterpenoids
3546	CHEMONTID:0003546	Jatropholane and crotopholane diterpenoids	1551	Diterpenoids
3547	CHEMONTID:0003547	Fusicoccane diterpenoids	1551	Diterpenoids
3548	CHEMONTID:0003548	Valparane and mulinane diterpenoids	1551	Diterpenoids
3549	CHEMONTID:0003549	Bicyclogermacrane and isolepidozane sesquiterpenoids	1550	Sesquiterpenoids
3550	CHEMONTID:0003550	Pachydictyane and cneorubin diterpenoids	1551	Diterpenoids
3551	CHEMONTID:0003551	Anthocyanin-3'-O-glycosides	1361	Anthocyanins
3552	CHEMONTID:0003552	Anthocyanin-4'-O-glycosides	1361	Anthocyanins
3553	CHEMONTID:0003553	Anthocyanidin 7-O-2-p-coumaroyl glycosides	3556	Anthocyanidin 7-O-p-coumaroyl glycosides
3554	CHEMONTID:0003554	Anthocyanidin 7-O-6-p-coumaroyl glycosides	3556	Anthocyanidin 7-O-p-coumaroyl glycosides
3555	CHEMONTID:0003555	Anthocyanidin-7-O-Glycosides	1361	Anthocyanins
3556	CHEMONTID:0003556	Anthocyanidin 7-O-p-coumaroyl glycosides	3680	Flavonoid 7-O-p-coumaroyl glycosides
3557	CHEMONTID:0003557	19-oxosteroids	1194	Oxosteroids
3558	CHEMONTID:0003558	17-oxosteroids	1194	Oxosteroids
3559	CHEMONTID:0003559	Elisabethane diterpenoids	1551	Diterpenoids
3560	CHEMONTID:0003560	Elisapterane, elisabane, cumbiane or colombiane diterpenoids	1551	Diterpenoids
3561	CHEMONTID:0003561	Ileabethane, pseudopterane or nor-sandresane diterpenoids	1551	Diterpenoids
3562	CHEMONTID:0003562	5,10-cycloaromadendrane sesquiterpenoids	1781	Aromadendrane sesquiterpenoids
3563	CHEMONTID:0003563	Rotundane sesquiterpenoids	1550	Sesquiterpenoids
3564	CHEMONTID:0003564	Maaliane sesquiterpenoids	101	Eudesmane, isoeudesmane or cycloeudesmane sesquiterpenoids
3565	CHEMONTID:0003565	Aristolane sesquiterpenoids	1550	Sesquiterpenoids
3566	CHEMONTID:0003566	Cholestane steroids	258	Steroids and steroid derivatives
3567	CHEMONTID:0003567	Ergostane steroids	258	Steroids and steroid derivatives
3568	CHEMONTID:0003568	Androstane steroids	258	Steroids and steroid derivatives
3569	CHEMONTID:0003569	Pregnane steroids	258	Steroids and steroid derivatives
3570	CHEMONTID:0003570	Estrogens and derivatives	1466	Estrane steroids
3571	CHEMONTID:0003571	N-substituted N'-hydroxyguanidines	3280	N-hydroxyguanidines
3572	CHEMONTID:0003572	Guanidinoglycosides	3305	Aminosaccharides
3573	CHEMONTID:0003573	4,5-disubstituted 2-deoxystreptamines	3575	2-deoxystreptamine aminoglycosides
3574	CHEMONTID:0003574	4,6-disubstituted 2-deoxystreptamines	3575	2-deoxystreptamine aminoglycosides
3575	CHEMONTID:0003575	2-deoxystreptamine aminoglycosides	1675	Aminocyclitol glycosides
3576	CHEMONTID:0003576	Streptamine aminoglycosides	1675	Aminocyclitol glycosides
3577	CHEMONTID:0003577	6-beta-hydroxysteroids	3578	6-hydroxysteroids
3578	CHEMONTID:0003578	6-hydroxysteroids	1295	Hydroxysteroids
3579	CHEMONTID:0003579	2'-prenylated isoflavanones	1827	Isoflavanones
3580	CHEMONTID:0003580	2'-prenylated isoflavones	494	Isoflavones
3581	CHEMONTID:0003581	Capnellane and isocapnellane sesquiterpenoids	3583	Linear triquinanes
3582	CHEMONTID:0003582	Angular triquinanes	2004	Triquinane sesquiterpenoids
3583	CHEMONTID:0003583	Linear triquinanes	2004	Triquinane sesquiterpenoids
3584	CHEMONTID:0003584	Precapnellane sesquiterpenoids	1550	Sesquiterpenoids
3585	CHEMONTID:0003585	Propellane triquinanes	2004	Triquinane sesquiterpenoids
3586	CHEMONTID:0003586	Pentalenane and rearranged pentalenane sesquiterpenoids	3582	Angular triquinanes
3587	CHEMONTID:0003587	2'-prenylated flavones	1615	Flavones
3588	CHEMONTID:0003588	2'-prenylated flavanones	3645	2'-prenylated flavans
3589	CHEMONTID:0003589	Imidazopyrazines	2	Organoheterocyclic compounds
3590	CHEMONTID:0003590	Imidazo-[4,5-c]pyridines	328	Imidazopyridines
3591	CHEMONTID:0003591	Sulfinyl sulfones	1157	Sulfonyls
3592	CHEMONTID:0003592	Phenanthro-perylenequinones	2903	Perylenequinones
3593	CHEMONTID:0003593	Naphthalene sulfonamides	3597	Naphthalene sulfonic acids and derivatives
3594	CHEMONTID:0003594	Pyridoazepine alkaloids	3427	Stemona alkaloids
3595	CHEMONTID:0003595	1-naphthalene sulfonamides	3593	Naphthalene sulfonamides
3596	CHEMONTID:0003596	2-naphthalene sulfonamides	3593	Naphthalene sulfonamides
3597	CHEMONTID:0003597	Naphthalene sulfonic acids and derivatives	23	Naphthalenes
3598	CHEMONTID:0003598	1-naphthalene sulfonic acids and derivatives	3597	Naphthalene sulfonic acids and derivatives
3599	CHEMONTID:0003599	2-naphthalene sulfonic acids and derivatives	3597	Naphthalene sulfonic acids and derivatives
3600	CHEMONTID:0003600	1-naphthalene sulfonates	3310	Naphthalene sulfonates
3601	CHEMONTID:0003601	2-naphthalene sulfonates	3310	Naphthalene sulfonates
3602	CHEMONTID:0003602	2-bromoanilines	284	Aniline and substituted anilines
3603	CHEMONTID:0003603	1-bromo,2-chlorobenzenes	3664	1,2-dihalobenzenes
3604	CHEMONTID:0003604	Ceramide 2-N-methylaminoethylphosphonates	3391	Phosphonosphingolipids
3605	CHEMONTID:0003605	Ceramide aminoethylphosphonates	3391	Phosphonosphingolipids
3606	CHEMONTID:0003606	Thio-lactosylceramides	3258	Glycosphingolipids
3607	CHEMONTID:0003607	1-azafluoranthenes	279	Alkaloids and derivatives
3608	CHEMONTID:0003608	Organic anions	0	Organic compounds
3609	CHEMONTID:0003609	Organic cations	0	Organic compounds
3610	CHEMONTID:0003610	Organic zwitterions	0	Organic compounds
3611	CHEMONTID:0003611	Inorganic anions	1568	Miscellaneous inorganic compounds
3612	CHEMONTID:0003612	Inorganic cations	1568	Miscellaneous inorganic compounds
3613	CHEMONTID:0003613	Inorganic zwitterions	1568	Miscellaneous inorganic compounds
3614	CHEMONTID:0003614	1,2-diacyl-sn-glycerol-3(2'-aminoethyl)phosphonates	3618	Glycerol-3-phosphonoethanolamines
3615	CHEMONTID:0003615	1,2-diacyl-sn-glycerol-3(2'-aminopropyl)phosphonates	3616	Glycerophosphonolipids
3616	CHEMONTID:0003616	Glycerophosphonolipids	12	Lipids and lipid-like molecules
3617	CHEMONTID:0003617	Glycerol-3-phosphonocholines	3620	Glycerophosphonocholines
3618	CHEMONTID:0003618	Glycerol-3-phosphonoethanolamines	3621	Glycerophosphonoethanolamines
3619	CHEMONTID:0003619	1,2-diacyl-sn-glycerol-3(2'-trimethylaminoethyl)phosphonates	3617	Glycerol-3-phosphonocholines
3620	CHEMONTID:0003620	Glycerophosphonocholines	3616	Glycerophosphonolipids
3621	CHEMONTID:0003621	Glycerophosphonoethanolamines	3616	Glycerophosphonolipids
3622	CHEMONTID:0003622	Carbonyl ylides	3701	Oxonium ylides
3623	CHEMONTID:0003623	1,2-dithiole-3-ones	3624	1,2-dithioles
3624	CHEMONTID:0003624	1,2-dithioles	2090	Dithioles
3625	CHEMONTID:0003625	1,3-dithioles	2090	Dithioles
3626	CHEMONTID:0003626	Enoate esters	3628	Alpha,beta-unsaturated carboxylic esters
3627	CHEMONTID:0003627	Ynoate esters	3628	Alpha,beta-unsaturated carboxylic esters
3628	CHEMONTID:0003628	Alpha,beta-unsaturated carboxylic esters	1238	Carboxylic acid esters
3629	CHEMONTID:0003629	Carbenes	0	Organic compounds
3630	CHEMONTID:0003630	Organic 1,3-dipolar compounds	0	Organic compounds
3631	CHEMONTID:0003631	Allyl-type 1,3-dipolar organic compounds	3630	Organic 1,3-dipolar compounds
3632	CHEMONTID:0003632	Carbene-type 1,3-dipolar compounds	3630	Organic 1,3-dipolar compounds
3633	CHEMONTID:0003633	Propargyl-type 1,3-dipolar organic compounds	3630	Organic 1,3-dipolar compounds
3634	CHEMONTID:0003634	Acyl carbenes	3632	Carbene-type 1,3-dipolar compounds
3635	CHEMONTID:0003635	Imidoyl carbenes	3632	Carbene-type 1,3-dipolar compounds
3636	CHEMONTID:0003636	Vinyl carbenes	3632	Carbene-type 1,3-dipolar compounds
3637	CHEMONTID:0003637	Flav-3-enes	334	Flavonoids
3638	CHEMONTID:0003638	3-prenylated flav-3-enes	3637	Flav-3-enes
3639	CHEMONTID:0003639	3-prenylated flavans	337	Flavans
3640	CHEMONTID:0003640	4-prenylated flavans	337	Flavans
3641	CHEMONTID:0003641	7-prenylated flavans	337	Flavans
3642	CHEMONTID:0003642	8-prenylated flavans	337	Flavans
3643	CHEMONTID:0003643	3'-prenylated flavans	337	Flavans
3644	CHEMONTID:0003644	4'-prenylated flavans	337	Flavans
3645	CHEMONTID:0003645	2'-prenylated flavans	337	Flavans
3646	CHEMONTID:0003646	6-prenylated flavans	337	Flavans
3647	CHEMONTID:0003647	7-prenylated flavanones	3641	7-prenylated flavans
3648	CHEMONTID:0003648	4-prenylated flavanones	3644	4'-prenylated flavans
3649	CHEMONTID:0003649	5-prenylated 2-arybenzofurans	3405	2-arylbenzofuran flavonoids
3650	CHEMONTID:0003650	Prenylated neoflavonoids	1614	Neoflavonoids
3651	CHEMONTID:0003651	3'-hydroxy,4'-methoxyisoflavonoids	2606	4'-O-methylated isoflavonoids
3652	CHEMONTID:0003652	Pyranoneoflavonoids	1614	Neoflavonoids
3653	CHEMONTID:0003653	1,1'-azonaphthalenes	23	Naphthalenes
3654	CHEMONTID:0003654	Molybdopterin dinucleotides	289	Nucleosides, nucleotides, and analogues
3655	CHEMONTID:0003655	Eremophilane, 8,9-secoeremophilane and furoeremophilane sesquiterpenoids	1550	Sesquiterpenoids
3656	CHEMONTID:0003656	Alkyl-CoA disulfides	12	Lipids and lipid-like molecules
3657	CHEMONTID:0003657	3-MCPD diesters	1725	Chloropropanol esters
3658	CHEMONTID:0003658	Sn1-3-MCPD monoesters	1726	3-MCPD monoesters
3659	CHEMONTID:0003659	Sn2-3-MCPD monoesters	1726	3-MCPD monoesters
3660	CHEMONTID:0003660	Sn1-2-MCPD monoesters	1725	Chloropropanol esters
3661	CHEMONTID:0003661	2-MCPD diesters	1725	Chloropropanol esters
3662	CHEMONTID:0003662	Organic phosphoric acid diamides	1204	Organic phosphoramides
3663	CHEMONTID:0003663	Dimethoxybenzyl-N-methylpiperazines	3358	N-methylpiperazines
3664	CHEMONTID:0003664	1,2-dihalobenzenes	35	Halobenzenes
3665	CHEMONTID:0003665	1,3-dihalobenzenes	35	Halobenzenes
3666	CHEMONTID:0003666	1,4-dihalobenzenes	35	Halobenzenes
3667	CHEMONTID:0003667	Inorganic 1,3-dipolar compounds	1568	Miscellaneous inorganic compounds
3668	CHEMONTID:0003668	Allyl-type 1,3-dipolar inorganic compounds	3667	Inorganic 1,3-dipolar compounds
3669	CHEMONTID:0003669	Propargyl-type 1,3-dipolar inorganic compounds	3667	Inorganic 1,3-dipolar compounds
3670	CHEMONTID:0003670	Aryl ketones	118	Ketones
3671	CHEMONTID:0003671	Aryl alkyl ketones	3670	Aryl ketones
3672	CHEMONTID:0003672	Alpha,beta-unsaturated ketones	3131	Alpha,beta-unsaturated carbonyl compounds
3673	CHEMONTID:0003673	b'-hydroxy-alpha,beta-unsaturated ketones	3672	Alpha,beta-unsaturated ketones
3674	CHEMONTID:0003674	Alpha-branched alpha,beta-unsaturated ketones	3672	Alpha,beta-unsaturated ketones
3675	CHEMONTID:0003675	Alpha-hydroxyaldehydes	124	Aldehydes
3676	CHEMONTID:0003676	Enol ester epoxides	159	Epoxides
3677	CHEMONTID:0003677	Alpha-acyloxy carbonyl compounds	1831	Carbonyl compounds
3678	CHEMONTID:0003678	Flavonoid 3-O-p-coumaroyl glycosides	1583	Flavonoid O-glycosides
3679	CHEMONTID:0003679	Flavonoid 5-O-p-coumaroyl glycosides	1583	Flavonoid O-glycosides
3680	CHEMONTID:0003680	Flavonoid 7-O-p-coumaroyl glycosides	1583	Flavonoid O-glycosides
3681	CHEMONTID:0003681	Flavonoid 3p-O-p-coumaroyl glycosides	1583	Flavonoid O-glycosides
3682	CHEMONTID:0003682	Thioflavones	3413	1-benzothiopyrans
3683	CHEMONTID:0003683	Thioflavans	2834	Thiochromanes
3684	CHEMONTID:0003684	2,5-dioxopiperazines	1731	Dioxopiperazines
3685	CHEMONTID:0003685	Alpha-acyloxy aldehydes	3677	Alpha-acyloxy carbonyl compounds
3686	CHEMONTID:0003686	Furanoid lignans	1392	Lignans, neolignans and related compounds
3687	CHEMONTID:0003687	Nitrile oxides	3633	Propargyl-type 1,3-dipolar organic compounds
3688	CHEMONTID:0003688	Diazo compounds	3633	Propargyl-type 1,3-dipolar organic compounds
3689	CHEMONTID:0003689	Nitrile sulfides	278	Organonitrogen compounds
3690	CHEMONTID:0003690	Pyrido[3,4-c]pyridazines	2	Organoheterocyclic compounds
3691	CHEMONTID:0003691	Diselenins	2	Organoheterocyclic compounds
3692	CHEMONTID:0003692	1,2-diselenins	3691	Diselenins
3693	CHEMONTID:0003693	1,3-diselenins	3691	Diselenins
3694	CHEMONTID:0003694	1,4-diselenins	3691	Diselenins
3695	CHEMONTID:0003695	Nitrile selenides	278	Organonitrogen compounds
3696	CHEMONTID:0003696	Selenanthrenes	2	Organoheterocyclic compounds
3697	CHEMONTID:0003697	Pyrano[3,4-c]pyridazines	2	Organoheterocyclic compounds
3698	CHEMONTID:0003698	Tyrosols	139	Tyrosols and derivatives
3699	CHEMONTID:0003699	Organic thionylimides	278	Organonitrogen compounds
3700	CHEMONTID:0003700	Inorganic thionylimides	1568	Miscellaneous inorganic compounds
3701	CHEMONTID:0003701	Oxonium ylides	3631	Allyl-type 1,3-dipolar organic compounds
3702	CHEMONTID:0003702	Pyranosyl nitrile oxides	2204	C-glycosyl compounds
3703	CHEMONTID:0003703	2-pyranosylbenzoxazoles	3737	Nucleoside and nucleotide analogues
3704	CHEMONTID:0003704	2-pyranosylbenzothiazoles	3737	Nucleoside and nucleotide analogues
3705	CHEMONTID:0003705	2-ribofuranosylbenzimidazoles	3737	Nucleoside and nucleotide analogues
3706	CHEMONTID:0003706	2-pyranosylbenzimidazoles	3737	Nucleoside and nucleotide analogues
3707	CHEMONTID:0003707	Furo[3,2-d]pyrimidine glycosides	289	Nucleosides, nucleotides, and analogues
3708	CHEMONTID:0003708	1-pyranosylbenzimidazoles	3737	Nucleoside and nucleotide analogues
3709	CHEMONTID:0003709	2-ribofuranosylbenzotriazoles	3737	Nucleoside and nucleotide analogues
3710	CHEMONTID:0003710	1-pyranosylbenzotriazoles	3737	Nucleoside and nucleotide analogues
3711	CHEMONTID:0003711	2-pyranosylbenzotriazoles	3737	Nucleoside and nucleotide analogues
3712	CHEMONTID:0003712	2-ribofuranosylindazoles	3737	Nucleoside and nucleotide analogues
3713	CHEMONTID:0003713	1-pyranosylindazoles	3737	Nucleoside and nucleotide analogues
3714	CHEMONTID:0003714	2-pyranosylindazoles	3737	Nucleoside and nucleotide analogues
3715	CHEMONTID:0003715	1-pyranosylindoles	3737	Nucleoside and nucleotide analogues
3716	CHEMONTID:0003716	3-ribofuranosylpyrazoles	3737	Nucleoside and nucleotide analogues
3717	CHEMONTID:0003717	1,2-substituted cyclopentyl purine nucleosides	3739	1,2-substituted cyclopentyl nucleosides
3718	CHEMONTID:0003718	1,3-substituted cyclopentyl purine nucleosides	3740	1,3-substituted cyclopentyl nucleosides
3719	CHEMONTID:0003719	1,2-substituted cyclopentyl pyrimidine nucleosides	3739	1,2-substituted cyclopentyl nucleosides
3720	CHEMONTID:0003720	1,3-substituted cyclopentyl pyrimidine nucleosides	3740	1,3-substituted cyclopentyl nucleosides
3721	CHEMONTID:0003721	Cyclopropyl purine nucleosides	3741	Cyclopropyl nucleosides
3722	CHEMONTID:0003722	Cyclopropyl pyrimidine nucleosides	3741	Cyclopropyl nucleosides
3723	CHEMONTID:0003723	Cyclobutyl nucleosides	3737	Nucleoside and nucleotide analogues
3724	CHEMONTID:0003724	Phosphonated cyclopentyl nucleosides	3737	Nucleoside and nucleotide analogues
3725	CHEMONTID:0003725	Acyclic 2,4-diaminopyrimidine nucleoside phosphonates	3737	Nucleoside and nucleotide analogues
3726	CHEMONTID:0003726	Acyclic purine nucleoside phosphonates	3737	Nucleoside and nucleotide analogues
3727	CHEMONTID:0003727	Phosphonated cyclopropyl purine nucleosides	3744	Phosphonated cyclopropyl nucleosides
3728	CHEMONTID:0003728	Phosphonated cyclopropyl pyrimidine nucleosides	3744	Phosphonated cyclopropyl nucleosides
3729	CHEMONTID:0003729	1,2-substituted phosphonated cyclopentyl purine nucleosides	3742	1,2-substituted phosphonated cyclopentyl nucleosides
3730	CHEMONTID:0003730	1,2-substituted phosphonated cyclopentyl pyrimidine nucleosides	3742	1,2-substituted phosphonated cyclopentyl nucleosides
3731	CHEMONTID:0003731	1,3-substituted phosphonated cyclopentyl purine nucleosides	3743	1,3-substituted phosphonated cyclopentyl nucleosides
3732	CHEMONTID:0003732	1,3-substituted phosphonated cyclopentyl pyrimidine nucleosides	3743	1,3-substituted phosphonated cyclopentyl nucleosides
3733	CHEMONTID:0003733	Phosphonated 2'-oxa,3'-aza purine nucleosides	3737	Nucleoside and nucleotide analogues
3734	CHEMONTID:0003734	Phosphonated 2'-oxa,3'-aza pyrimidine nucleosides	3737	Nucleoside and nucleotide analogues
3735	CHEMONTID:0003735	C2-linked imidazole ribonucleosides and ribonucleotides	3737	Nucleoside and nucleotide analogues
3736	CHEMONTID:0003736	C4-linked imidazole ribonucleosides and ribonucleotides	3737	Nucleoside and nucleotide analogues
3737	CHEMONTID:0003737	Nucleoside and nucleotide analogues	289	Nucleosides, nucleotides, and analogues
3738	CHEMONTID:0003738	Cyclopentyl nucleosides	3737	Nucleoside and nucleotide analogues
3739	CHEMONTID:0003739	1,2-substituted cyclopentyl nucleosides	3738	Cyclopentyl nucleosides
3740	CHEMONTID:0003740	1,3-substituted cyclopentyl nucleosides	3738	Cyclopentyl nucleosides
3741	CHEMONTID:0003741	Cyclopropyl nucleosides	3737	Nucleoside and nucleotide analogues
3742	CHEMONTID:0003742	1,2-substituted phosphonated cyclopentyl nucleosides	3724	Phosphonated cyclopentyl nucleosides
3743	CHEMONTID:0003743	1,3-substituted phosphonated cyclopentyl nucleosides	3724	Phosphonated cyclopentyl nucleosides
3744	CHEMONTID:0003744	Phosphonated cyclopropyl nucleosides	3737	Nucleoside and nucleotide analogues
3745	CHEMONTID:0003745	Pyrano[3,2-d]pyrimidine glycosides	289	Nucleosides, nucleotides, and analogues
3746	CHEMONTID:0003746	3'-thia pyrimidine nucleosides	3737	Nucleoside and nucleotide analogues
3747	CHEMONTID:0003747	Furo[3,4-d]pyrimidine glycosides	289	Nucleosides, nucleotides, and analogues
3748	CHEMONTID:0003748	Thieno[2,3-d]pyrimidine glycosides	289	Nucleosides, nucleotides, and analogues
3749	CHEMONTID:0003749	v-triazolo[4,5-d]pyrimidine glycosides	289	Nucleosides, nucleotides, and analogues
3750	CHEMONTID:0003750	Pyrazolo[3,4-d]pyrimidine glycosides	289	Nucleosides, nucleotides, and analogues
3751	CHEMONTID:0003751	Pteridine nucleosides and nucleotides	289	Nucleosides, nucleotides, and analogues
3752	CHEMONTID:0003752	Cedrane and isocedrane sesquiterpenoids	1550	Sesquiterpenoids
3753	CHEMONTID:0003753	12,13-diacylphorbols and derivatives	2906	Phorbol esters
3754	CHEMONTID:0003754	Akageran and related alkaloids	279	Alkaloids and derivatives
3755	CHEMONTID:0003755	Aspidofractine alkaloids	279	Alkaloids and derivatives
3756	CHEMONTID:0003756	Condylocarpan alkaloids	279	Alkaloids and derivatives
3757	CHEMONTID:0003757	Ervatamia alkaloids	279	Alkaloids and derivatives
3758	CHEMONTID:0003758	Gelsemium alkaloids	279	Alkaloids and derivatives
3759	CHEMONTID:0003759	Macroline alkaloids	279	Alkaloids and derivatives
3760	CHEMONTID:0003760	Pandoline alkaloids	279	Alkaloids and derivatives
3761	CHEMONTID:0003761	Melodinus alkaloids	279	Alkaloids and derivatives
3762	CHEMONTID:0003762	Pleiocarpaman alkaloids	279	Alkaloids and derivatives
3763	CHEMONTID:0003763	Schizozygine alkaloids	279	Alkaloids and derivatives
3764	CHEMONTID:0003764	Correantan alkaloids	279	Alkaloids and derivatives
3765	CHEMONTID:0003765	Kopsane alkaloids	279	Alkaloids and derivatives
3766	CHEMONTID:0003766	Pyrichalasins	1821	Cytochalasans
3767	CHEMONTID:0003767	Chaetoglobosins	1821	Cytochalasans
3768	CHEMONTID:0003768	Aspochalasins	1821	Cytochalasans
3769	CHEMONTID:0003769	Alachalasins	1821	Cytochalasans
3770	CHEMONTID:0003770	Pyrrolo[3,4-d]pyridazines	2	Organoheterocyclic compounds
3771	CHEMONTID:0003771	Imidazo[5,1-d]-1,2,3,5-tetrazines	2001	Imidazotetrazines
3772	CHEMONTID:0003772	4a-homomorphinans	279	Alkaloids and derivatives
3773	CHEMONTID:0003773	Androcymbine alkaloids	279	Alkaloids and derivatives
3774	CHEMONTID:0003774	4,5-epoxy-10-normorphinans	279	Alkaloids and derivatives
3775	CHEMONTID:0003775	Phenethylisoquinoline alkaloids	279	Alkaloids and derivatives
3776	CHEMONTID:0003776	Allocolchicine alkaloids	279	Alkaloids and derivatives
3777	CHEMONTID:0003777	Lumicolchicine alkaloids	279	Alkaloids and derivatives
3778	CHEMONTID:0003778	Cephalotaxus alkaloids	279	Alkaloids and derivatives
3779	CHEMONTID:0003779	Hetidine-type diterpenoid alkaloids	2738	Atisane diterpenoids
3780	CHEMONTID:0003780	Hetisine-type diterpenoid alkaloids	2738	Atisane diterpenoids
3781	CHEMONTID:0003781	Danudatine-type diterpenoid alkaloids	2738	Atisane diterpenoids
3782	CHEMONTID:0003782	Kaurane diterpenoids	1551	Diterpenoids
3783	CHEMONTID:0003783	Veatchine-type diterpenoid alkaloids	3782	Kaurane diterpenoids
3784	CHEMONTID:0003784	Napelline-type diterpenoid alkaloids	3782	Kaurane diterpenoids
3785	CHEMONTID:0003785	4,6-disubstituted quinolizidines	221	Quinolizidines
3786	CHEMONTID:0003786	1,4-disubstituted quinolizidines	221	Quinolizidines
3787	CHEMONTID:0003787	Quinolidines	2	Organoheterocyclic compounds
3788	CHEMONTID:0003788	Aconitane-type diterpenoid alkaloids	1551	Diterpenoids
3789	CHEMONTID:0003789	Lappaconitine-type diterpenoid alkaloids	1551	Diterpenoids
3790	CHEMONTID:0003790	Ranaconitine-type diterpenoid alkaloids	1551	Diterpenoids
3791	CHEMONTID:0003791	Strictosidine alkaloids	279	Alkaloids and derivatives
3792	CHEMONTID:0003792	(3'->5')-cyclic dinucleotides and analogues	3796	(3'->5')-dinucleotides and analogues
3793	CHEMONTID:0003793	(3'->5')-cyclic dinucleotide bis(phosphoromonothioate) analogues	3792	(3'->5')-cyclic dinucleotides and analogues
3794	CHEMONTID:0003794	(3'->5')-cyclic dinucleotide phosphoromonothioate analogues	3792	(3'->5')-cyclic dinucleotides and analogues
3795	CHEMONTID:0003795	(3'->5')-cyclic dinucleotide phosphorotrithioate analogues	3792	(3'->5')-cyclic dinucleotides and analogues
3796	CHEMONTID:0003796	(3'->5')-dinucleotides and analogues	289	Nucleosides, nucleotides, and analogues
3797	CHEMONTID:0003797	(3'->5')-dinucleotide phosphorothioates	3796	(3'->5')-dinucleotides and analogues
3798	CHEMONTID:0003798	(3'->5')-dinucleotide phosphorodithioates	3796	(3'->5')-dinucleotides and analogues
3799	CHEMONTID:0003799	Phosphorothioate polynucleotides	3297	Organic Polymers
3800	CHEMONTID:0003800	Phosphorothioate oligonucleotides	3737	Nucleoside and nucleotide analogues
3801	CHEMONTID:0003801	Purine nucleoside phosphorothioates	3737	Nucleoside and nucleotide analogues
3802	CHEMONTID:0003802	Pyrimidine nucleoside phosphorothioates	3737	Nucleoside and nucleotide analogues
3803	CHEMONTID:0003803	2',3'-cyclic purine nucleoside phosphorothioates	3737	Nucleoside and nucleotide analogues
3804	CHEMONTID:0003804	2',3'-cyclic pyrimidine nucleoside phosphorothioates	3737	Nucleoside and nucleotide analogues
3805	CHEMONTID:0003805	Indolonaphthyridine alkaloids	279	Alkaloids and derivatives
3806	CHEMONTID:0003806	Mono-(1Z-alkenyl)-glycerols	3808	Monoradylglycerols
3807	CHEMONTID:0003807	Glycero-3-pyrophosphates	256	Glycerophospholipids
3808	CHEMONTID:0003808	Monoradylglycerols	175	Glycerolipids
3809	CHEMONTID:0003809	Diradylglycerols	175	Glycerolipids
3810	CHEMONTID:0003810	Dialkylglycerols	3809	Diradylglycerols
3811	CHEMONTID:0003811	1-alkyl,3-acylglycerols	3809	Diradylglycerols
3812	CHEMONTID:0003812	1-acyl,2-alkylglycerols	3809	Diradylglycerols
3813	CHEMONTID:0003813	1-alkyl,2-acylglycerols	3809	Diradylglycerols
3814	CHEMONTID:0003814	Alkyldiacylglycerols	3815	Triradylcglycerols
3815	CHEMONTID:0003815	Triradylcglycerols	175	Glycerolipids
3816	CHEMONTID:0003816	1Z-alkenyldiacylglycerols	3815	Triradylcglycerols
3817	CHEMONTID:0003817	Dialkylmonoacylglycerols	3815	Triradylcglycerols
3818	CHEMONTID:0003818	Glycosylmonoalkylglycerols	3819	Glycosylmonoradylglycerols
3819	CHEMONTID:0003819	Glycosylmonoradylglycerols	637	Glycosylglycerols
3820	CHEMONTID:0003820	Glycosyldialkylglycerols	3822	Glycosyldiradylglycerols
3821	CHEMONTID:0003821	Glycosylalkylacylglycerols	3822	Glycosyldiradylglycerols
3822	CHEMONTID:0003822	Glycosyldiradylglycerols	637	Glycosylglycerols
3823	CHEMONTID:0003823	1Z-alkenylglycerophosphocholines	2213	Glycerophosphocholines
3824	CHEMONTID:0003824	1Z-alkenylacylglycerols	3809	Diradylglycerols
3825	CHEMONTID:0003825	1-(1Z-alkenyl),2-acyl-glycerols	3824	1Z-alkenylacylglycerols
3826	CHEMONTID:0003826	1-acyl,2-(1Z-alkenyl)-glycerophosphocholines	2213	Glycerophosphocholines
3827	CHEMONTID:0003827	1-(1Z-alkenyl),2-acyl-glycerophosphocholines	2213	Glycerophosphocholines
3828	CHEMONTID:0003828	1-acyl,2-alkylglycero-3-phosphocholines	2213	Glycerophosphocholines
3829	CHEMONTID:0003829	1-alkyl,2-acylglycero-3-phosphocholines	2213	Glycerophosphocholines
3830	CHEMONTID:0003830	1-alkyl,2-acylglycerophosphoethanolamines	2215	Glycerophosphoethanolamines
3831	CHEMONTID:0003831	Dialkylglycerophosphoethanolamines	2215	Glycerophosphoethanolamines
3832	CHEMONTID:0003832	1-(1Z-alkenyl),2-acylglycerophosphoethanolamines	2215	Glycerophosphoethanolamines
3833	CHEMONTID:0003833	Monoalkylglycerophosphoethanolamines	2215	Glycerophosphoethanolamines
3834	CHEMONTID:0003834	1-(1Z-alkenyl)-glycero-3-phosphoethanolamines	2215	Glycerophosphoethanolamines
3835	CHEMONTID:0003835	Alkyldiazohydroxides	278	Organonitrogen compounds
3836	CHEMONTID:0003836	Dialkylglycerophosphoserines	2218	Glycerophosphoserines
3837	CHEMONTID:0003837	Monoalkylglycerol-3-phosphoserines	2218	Glycerophosphoserines
3838	CHEMONTID:0003838	1Z-alkenylglycero-3-phosphoserines	2218	Glycerophosphoserines
3839	CHEMONTID:0003839	1-alkyl,2-acylglycerophosphoglycerols	2216	Glycerophosphoglycerols
3840	CHEMONTID:0003840	1-(1Z-alkenyl),2-acylglycerophosphoglycerols	2216	Glycerophosphoglycerols
3841	CHEMONTID:0003841	Dialkylglycerolphosphoglycerols	2216	Glycerophosphoglycerols
3842	CHEMONTID:0003842	Monoalkylglycerophosphoglycerols	2216	Glycerophosphoglycerols
3843	CHEMONTID:0003843	1-(1Z-alkenyl)glycerophosphoglycerols	2216	Glycerophosphoglycerols
3844	CHEMONTID:0003844	Monoacylglycerophosphomonoradylglycerols	2216	Glycerophosphoglycerols
3845	CHEMONTID:0003845	Diacylglycerophosphomonoradylglycerols	2216	Glycerophosphoglycerols
3846	CHEMONTID:0003846	1-alkyl,2-acylglycerophosphoglycerophosphates	2217	Glycerophosphoglycerophosphates
3847	CHEMONTID:0003847	1-(1Z-alkenyl),2-acylglycerophosphoglycerophosphates	2217	Glycerophosphoglycerophosphates
3848	CHEMONTID:0003848	1-alkyl,2-acylglycerophosphoinositols	2219	Glycerophosphoinositols
3849	CHEMONTID:0003849	1-(1Z-alkenyl),2-acylglycerophosphoinositols	2219	Glycerophosphoinositols
3850	CHEMONTID:0003850	Dialkylglycerophosphoinositols	2219	Glycerophosphoinositols
3851	CHEMONTID:0003851	Monoalkylglycerophosphoinositols	2219	Glycerophosphoinositols
3852	CHEMONTID:0003852	1-(1Z-alkenyl)glycerophosphoinositols	2219	Glycerophosphoinositols
3853	CHEMONTID:0003853	Glycero-3-phosphosulfocholines	256	Glycerophospholipids
3854	CHEMONTID:0003854	Dolichols	1535	Polyprenols
3855	CHEMONTID:0003855	Dolichyl monophosphates	478	Polyprenyl phosphates
3856	CHEMONTID:0003856	Dolichyl diphosphates	478	Polyprenyl phosphates
3857	CHEMONTID:0003857	Acyldolichols	3854	Dolichols
3858	CHEMONTID:0003858	Bactoprenols	1535	Polyprenols
3859	CHEMONTID:0003859	Bactoprenol monophosphates	478	Polyprenyl phosphates
3860	CHEMONTID:0003860	Bactoprenol diphosphates	478	Polyprenyl phosphates
3861	CHEMONTID:0003861	Fatty acyl glycosides of mono- and disaccharides	1766	Fatty acyl glycosides
3862	CHEMONTID:0003862	Dialkylthioethers	1202	Thioethers
3863	CHEMONTID:0003863	Alkylarylthioethers	4631	Aryl thioethers
3864	CHEMONTID:0003864	Diarylthioethers	4631	Aryl thioethers
3865	CHEMONTID:0003865	Organic salts	0	Organic compounds
3866	CHEMONTID:0003866	Inorganic salts	1	Inorganic compounds
3867	CHEMONTID:0003867	Trialkylsilanes	3195	Alkylsilanes
3868	CHEMONTID:0003868	Phosphoric monoester monoamides	2857	Organic phosphoric acid monoamides
3869	CHEMONTID:0003869	Phosphoric diester monoamides	408	Phosphate esters
3870	CHEMONTID:0003870	Phosphoric monoester diamides	3662	Organic phosphoric acid diamides
3871	CHEMONTID:0003871	Organic phosphoric acid triamides	1204	Organic phosphoramides
3872	CHEMONTID:0003872	Carbothioic S-esters	264	Organic acids and derivatives
3873	CHEMONTID:0003873	Carbothioic S-lactones	264	Organic acids and derivatives
3874	CHEMONTID:0003874	Carbothioic O-esters	264	Organic acids and derivatives
3875	CHEMONTID:0003875	Carbothioic O-lactones	264	Organic acids and derivatives
3876	CHEMONTID:0003876	Carbothioic halides	267	Organohalogen compounds
3877	CHEMONTID:0003877	Carbodithioic acid esters	264	Organic acids and derivatives
3878	CHEMONTID:0003878	Carbodithiolactones	2	Organoheterocyclic compounds
3879	CHEMONTID:0003879	Oxime esters	411	Oximes
3880	CHEMONTID:0003880	Hydroxamic acid esters	1093	Carboxylic acid derivatives
3881	CHEMONTID:0003881	Cyclic carboximidic acids	2484	Carboximidic acids
3882	CHEMONTID:0003882	Imidolactones	499	Imidoesters
3883	CHEMONTID:0003883	Imidothioic acids	2462	Imidothioic acids and derivatives
3884	CHEMONTID:0003884	Cyclic imidothioic acids	3883	Imidothioic acids
3885	CHEMONTID:0003885	Imidothiolactones	1094	Imidothioesters
3886	CHEMONTID:0003886	Imidolactams	2	Organoheterocyclic compounds
3887	CHEMONTID:0003887	Cyclic imidoyl halides	2870	Imidoyl halides
3888	CHEMONTID:0003888	Vinylogous halides	2868	Vinyl halides
3889	CHEMONTID:0003889	Vinylogous acids	264	Organic acids and derivatives
3890	CHEMONTID:0003890	Vinylogous amides	264	Organic acids and derivatives
3891	CHEMONTID:0003891	Vinylogous esters	264	Organic acids and derivatives
3892	CHEMONTID:0003892	Organic phosphonic acid diamides	419	Organic phosphonic acids and derivatives
3893	CHEMONTID:0003893	Phosphonic acid diesters	419	Organic phosphonic acids and derivatives
3894	CHEMONTID:0003894	Phosphonic amide esters	419	Organic phosphonic acids and derivatives
3895	CHEMONTID:0003895	Ketene silyl acetals	3194	Organosilicon compounds
3896	CHEMONTID:0003896	Silyl monohalides	3194	Organosilicon compounds
3897	CHEMONTID:0003897	Silyl dihalides	3194	Organosilicon compounds
3898	CHEMONTID:0003898	Silyl trihalides	3194	Organosilicon compounds
3899	CHEMONTID:0003899	Aralkylamines	2449	Amines
3900	CHEMONTID:0003900	N-acetoxyarylamines	2449	Amines
3901	CHEMONTID:0003901	Dialkylarylamines	2454	Tertiary alkylarylamines
3902	CHEMONTID:0003902	Alkyldiarylamines	2454	Tertiary alkylarylamines
3903	CHEMONTID:0003903	Haloalkenes	267	Organohalogen compounds
3904	CHEMONTID:0003904	Bromoalkenes	3903	Haloalkenes
3905	CHEMONTID:0003905	Chloroalkenes	3903	Haloalkenes
3906	CHEMONTID:0003906	Fluoroalkenes	3903	Haloalkenes
3907	CHEMONTID:0003907	Iodoalkenes	3903	Haloalkenes
3908	CHEMONTID:0003908	Fatty N-acylethanolamines	1096	N-acyl amines
3909	CHEMONTID:0003909	Fatty Acyls	12	Lipids and lipid-like molecules
3910	CHEMONTID:0003910	2-aroylquinolines	1253	Quinolines and derivatives
3911	CHEMONTID:0003911	5-amino-2-aroylquinolines	3910	2-aroylquinolines
3912	CHEMONTID:0003912	4-aroylquinolines	1253	Quinolines and derivatives
3913	CHEMONTID:0003913	Stenine-type alkaloids	3427	Stemona alkaloids
3914	CHEMONTID:0003914	Stemoamide-type alkaloids	3427	Stemona alkaloids
3915	CHEMONTID:0003915	Stemonamine-type alkaloids	3427	Stemona alkaloids
3916	CHEMONTID:0003916	Tuberostemospironine-type alkaloids	3427	Stemona alkaloids
3917	CHEMONTID:0003917	Parvistemoline-type alkaloids	3427	Stemona alkaloids
3918	CHEMONTID:0003918	Saccharolipids	12	Lipids and lipid-like molecules
3919	CHEMONTID:0003919	Acetate salts	1166	Carboxylic acid salts
3920	CHEMONTID:0003920	Hydrobromides	3865	Organic salts
3921	CHEMONTID:0003921	Hydrochlorides	3865	Organic salts
3922	CHEMONTID:0003922	Acetamides	475	Carboxylic acid amides
3924	CHEMONTID:0003924	Phenylalkylamines	3899	Aralkylamines
3925	CHEMONTID:0003925	Alkylglucosinolates	373	Glucosinolates
3926	CHEMONTID:0003926	Beta-diketones	133	1,3-dicarbonyl compounds
3927	CHEMONTID:0003927	Organic potassium salts	4099	Organic alkali metal salts
3928	CHEMONTID:0003928	Organic sodium salts	4099	Organic alkali metal salts
3929	CHEMONTID:0003929	Organic sulfate salts	3865	Organic salts
3930	CHEMONTID:0003930	Organic bromide salts	3865	Organic salts
3931	CHEMONTID:0003931	Organic chloride salts	3865	Organic salts
3932	CHEMONTID:0003932	Organic iodide salts	3865	Organic salts
3933	CHEMONTID:0003933	Organic perchlorate salts	3865	Organic salts
3934	CHEMONTID:0003934	Dithiocarbamic acids and derivatives	264	Organic acids and derivatives
3935	CHEMONTID:0003935	Dithiocarbamic acids	3934	Dithiocarbamic acids and derivatives
3936	CHEMONTID:0003936	Dithiocarbamic acid esters	3934	Dithiocarbamic acids and derivatives
3937	CHEMONTID:0003937	Cyclic dithiocarbamates	3934	Dithiocarbamic acids and derivatives
3938	CHEMONTID:0003938	Phosphine sulfides	1438	Organothiophosphorus compounds
3939	CHEMONTID:0003939	Phosphine imides	400	Organophosphorus compounds
3940	CHEMONTID:0003940	Organic oxides	4603	Organic oxygen compounds
3941	CHEMONTID:0003941	Inorganic arsenides	4057	Inorganic arsenic compounds
3942	CHEMONTID:0003942	Inorganic sulfides	1568	Miscellaneous inorganic compounds
3943	CHEMONTID:0003943	Inorganic phosphides	1568	Miscellaneous inorganic compounds
3944	CHEMONTID:0003944	Inorganic oxides	1568	Miscellaneous inorganic compounds
3945	CHEMONTID:0003945	Inorganic hydrides	1568	Miscellaneous inorganic compounds
3946	CHEMONTID:0003946	Inorganic selenides	1568	Miscellaneous inorganic compounds
3947	CHEMONTID:0003947	Nitrosamides	4777	Organic N-nitroso compounds
3948	CHEMONTID:0003948	Inorganic nitrosamines	1568	Miscellaneous inorganic compounds
3949	CHEMONTID:0003949	Inorganic hydroxylamines	1568	Miscellaneous inorganic compounds
3950	CHEMONTID:0003950	Isporenylated bicyclo [2.2.2] alkaloids	279	Alkaloids and derivatives
3951	CHEMONTID:0003951	Dialkyl peroxides	414	Organic peroxides
3952	CHEMONTID:0003952	2-aminoanthraquinones	151	Anthraquinones
3953	CHEMONTID:0003953	8-hydroxyquinolines	1253	Quinolines and derivatives
3954	CHEMONTID:0003954	Polybrominated biphenyls	52	Brominated biphenyls
3955	CHEMONTID:0003955	Benzidines	41	Biphenyls and derivatives
3956	CHEMONTID:0003956	3,3'-disubstituted benzidines	3955	Benzidines
3957	CHEMONTID:0003957	3,3'-dihalogenated benzidines	3956	3,3'-disubstituted benzidines
3958	CHEMONTID:0003958	Perfluorooctanoic acid and derivatives	3962	Perfluoroalkyl carboxylic acid and derivatives
3959	CHEMONTID:0003959	Perfluorooctane phosphonic acid and derivatives	3963	Perfluoroalkyl phosphonic acid and derivatives
3960	CHEMONTID:0003960	Perfluorooctane sulfonic acid and derivatives	3961	Perfluoroalkyl sulfonic acid and derivatives
3961	CHEMONTID:0003961	Perfluoroalkyl sulfonic acid and derivatives	1027	Alkyl fluorides
3962	CHEMONTID:0003962	Perfluoroalkyl carboxylic acid and derivatives	1027	Alkyl fluorides
3963	CHEMONTID:0003963	Perfluoroalkyl phosphonic acid and derivatives	1027	Alkyl fluorides
3964	CHEMONTID:0003964	Aminotoluenes	1091	Toluenes
3965	CHEMONTID:0003965	Diaminotoluenes	3964	Aminotoluenes
3966	CHEMONTID:0003966	Perfluoroalkyl sulfonamides	3961	Perfluoroalkyl sulfonic acid and derivatives
3967	CHEMONTID:0003967	Fluorotelomer alcohols	1027	Alkyl fluorides
3968	CHEMONTID:0003968	Dinitroanilines	284	Aniline and substituted anilines
3969	CHEMONTID:0003969	Dinitrotoluenes	4108	Nitrotoluenes
3970	CHEMONTID:0003970	Halopyridines	89	Pyridines and derivatives
3971	CHEMONTID:0003971	Polyhalopyridines	3970	Halopyridines
3972	CHEMONTID:0003972	3-pyridinecarbonitriles	89	Pyridines and derivatives
3973	CHEMONTID:0003973	Organic nitrenes	278	Organonitrogen compounds
3974	CHEMONTID:0003974	Carbonylnitrenes	3973	Organic nitrenes
3975	CHEMONTID:0003975	Sulfonylnitrenes	3973	Organic nitrenes
3976	CHEMONTID:0003976	Alkyldimethylbenzylammonium halides	2279	Benzene and substituted derivatives
3977	CHEMONTID:0003977	Alkyldimethylbenzylammonium chlorides	3976	Alkyldimethylbenzylammonium halides
3978	CHEMONTID:0003978	Hydroxybenzaldehydes	1345	Benzaldehydes
3979	CHEMONTID:0003979	Benzyl bromides	3981	Benzyl halides
3980	CHEMONTID:0003980	Benzyl chlorides	3981	Benzyl halides
3981	CHEMONTID:0003981	Benzyl halides	2279	Benzene and substituted derivatives
3982	CHEMONTID:0003982	Benzyl fluorides	3981	Benzyl halides
3983	CHEMONTID:0003983	Toluene diisocyanates	1091	Toluenes
3984	CHEMONTID:0003984	Arsines	405	Organoarsenic compounds
3985	CHEMONTID:0003985	Diarsolanes	2	Organoheterocyclic compounds
3986	CHEMONTID:0003986	Arsine oxides	4280	Oxygen-containing organoarsenic compounds
3987	CHEMONTID:0003987	Arsine imides	405	Organoarsenic compounds
3988	CHEMONTID:0003988	Arsine sulfides	405	Organoarsenic compounds
3989	CHEMONTID:0003989	Acylals	1238	Carboxylic acid esters
3990	CHEMONTID:0003990	Organosulfonic anhydrides	270	Organosulfonic acids and derivatives
3991	CHEMONTID:0003991	Sulfonediimides	4	Organosulfur compounds
3992	CHEMONTID:0003992	Organic triazanes	278	Organonitrogen compounds
3993	CHEMONTID:0003993	Aminoxides	278	Organonitrogen compounds
3994	CHEMONTID:0003994	Phosphonic dihydrazides	419	Organic phosphonic acids and derivatives
3995	CHEMONTID:0003995	Organic cobalt salts	3997	Organic transition metal salts
3996	CHEMONTID:0003996	Inorganic cobalt salts	3866	Inorganic salts
3997	CHEMONTID:0003997	Organic transition metal salts	4036	Organic metal salts
3998	CHEMONTID:0003998	Organic metalloid salts	4036	Organic metal salts
3999	CHEMONTID:0003999	Methoxyanilines	284	Aniline and substituted anilines
4000	CHEMONTID:0004000	2-aminobenzamides	1917	Aminobenzamides
4001	CHEMONTID:0004001	2-amino-1,3,4-thiadiazoles	2562	Aminothiadiazoles
4002	CHEMONTID:0004002	2-amino-5-substituted-1,3,4-thiadiazoles	4001	2-amino-1,3,4-thiadiazoles
4003	CHEMONTID:0004003	2-amino-1,3-thiazoles	2329	Aminothiazoles
4004	CHEMONTID:0004004	2-aminothiophenes	1936	Aminothiophenes
4005	CHEMONTID:0004005	3,4,5-trisubstituted-2-aminothiophenes	4004	2-aminothiophenes
4006	CHEMONTID:0004006	N-arylated-2-aminothiophenes	4004	2-aminothiophenes
4007	CHEMONTID:0004007	Benzazocines	2279	Benzene and substituted derivatives
4008	CHEMONTID:0004008	Chloroquinolines	4403	Haloquinolines
4009	CHEMONTID:0004009	Phthalate esters	1105	Phthalic acid and derivatives
4010	CHEMONTID:0004010	m-Phthalate esters	4009	Phthalate esters
4011	CHEMONTID:0004011	o-Phthalate esters	4009	Phthalate esters
4012	CHEMONTID:0004012	p-Phthalate esters	4009	Phthalate esters
4013	CHEMONTID:0004013	C19-gibberellin 6-carboxylic acids	2998	C19-gibberellins
4014	CHEMONTID:0004014	C20-gibberellin 6-carboxylic acids	2999	C20-gibberellins
4015	CHEMONTID:0004015	C20-gibberellin 20-carboxylic acids	2999	C20-gibberellins
4016	CHEMONTID:0004016	2-hydroxy,20-norgibberellanes	2998	C19-gibberellins
4017	CHEMONTID:0004017	Organocopper compounds	1371	Organotransition metal compounds
4018	CHEMONTID:0004018	Organic copper salts	3997	Organic transition metal salts
4019	CHEMONTID:0004019	Inorganic copper salts	3866	Inorganic salts
4020	CHEMONTID:0004020	Vinylogous thioesters	264	Organic acids and derivatives
4021	CHEMONTID:0004021	4-hydroxy-3-polyprenylbenzoic acids	2565	Benzoic acids
4022	CHEMONTID:0004022	(5L-glutamyl)-alpha-peptides	3025	Gamma-glutamyl peptides
4023	CHEMONTID:0004023	5L-glutamyl alpha-amino-acids	3024	Gamma-glutamyl amino acids
4024	CHEMONTID:0004024	Organolead compounds	1523	Organo-post-transition metal compounds
4025	CHEMONTID:0004025	Organosilver compounds	1371	Organotransition metal compounds
4026	CHEMONTID:0004026	Cyanide salts	3865	Organic salts
4027	CHEMONTID:0004027	Alkyl lead compounds	4024	Organolead compounds
4028	CHEMONTID:0004028	Hydroxymercuribenzoic acids	4029	Mercuribenzoic acids
4029	CHEMONTID:0004029	Mercuribenzoic acids	2565	Benzoic acids
4030	CHEMONTID:0004030	2-Hydroxymercuribenzoic acids	4028	Hydroxymercuribenzoic acids
4031	CHEMONTID:0004031	3-Hydroxymercuribenzoic acids	4028	Hydroxymercuribenzoic acids
4032	CHEMONTID:0004032	4-Hydroxymercuribenzoic acids	4028	Hydroxymercuribenzoic acids
4033	CHEMONTID:0004033	2-Mercuribenzoic acids	4029	Mercuribenzoic acids
4034	CHEMONTID:0004034	3-Mercuribenzoic acids	4029	Mercuribenzoic acids
4035	CHEMONTID:0004035	4-Mercuribenzoic acids	4029	Mercuribenzoic acids
4036	CHEMONTID:0004036	Organic metal salts	3865	Organic salts
4037	CHEMONTID:0004037	Organic metal bromide salts	4036	Organic metal salts
4038	CHEMONTID:0004038	Organic tin salts	4040	Organic post-transition metal salts
4039	CHEMONTID:0004039	Inorganic tin salts	3866	Inorganic salts
4040	CHEMONTID:0004040	Organic post-transition metal salts	4036	Organic metal salts
4041	CHEMONTID:0004041	Organic aluminium salts	4040	Organic post-transition metal salts
4042	CHEMONTID:0004042	Alkyl mercury compounds	407	Organomercurial compounds
4043	CHEMONTID:0004043	Aryl mercury compounds	407	Organomercurial compounds
4044	CHEMONTID:0004044	Phallotoxins	1995	Cyclic peptides
4045	CHEMONTID:0004045	Amatoxins	1995	Cyclic peptides
4046	CHEMONTID:0004046	Perfluoroalkane N-alkylsulfonamides	3961	Perfluoroalkyl sulfonic acid and derivatives
4047	CHEMONTID:0004047	Perfluoroalkane N,N-alkylsulfonamides	3961	Perfluoroalkyl sulfonic acid and derivatives
4048	CHEMONTID:0004048	Perfluoroalkane sulfonamidoethanols	3961	Perfluoroalkyl sulfonic acid and derivatives
4049	CHEMONTID:0004049	Perfluoroalkane sulfonamidoacetals	3961	Perfluoroalkyl sulfonic acid and derivatives
4050	CHEMONTID:0004050	Perfluoroalkanesulfonyl fluorides	1027	Alkyl fluorides
4051	CHEMONTID:0004051	Organic lead salts	4040	Organic post-transition metal salts
4052	CHEMONTID:0004052	Inorganic lead salts	3866	Inorganic salts
4053	CHEMONTID:0004053	Trivalent inorganic arsenic compounds	4057	Inorganic arsenic compounds
4054	CHEMONTID:0004054	Pentavalent inorganic arsenic compounds	4057	Inorganic arsenic compounds
4055	CHEMONTID:0004055	Trivalent organic arsenic compounds	405	Organoarsenic compounds
4056	CHEMONTID:0004056	Pentavalent organic arsenic compounds	405	Organoarsenic compounds
4057	CHEMONTID:0004057	Inorganic arsenic compounds	1568	Miscellaneous inorganic compounds
4058	CHEMONTID:0004058	Methylated trivalent arsenic compounds	4055	Trivalent organic arsenic compounds
4059	CHEMONTID:0004059	Trialkylarsanes	4237	Tertiary arsines
4060	CHEMONTID:0004060	Inorganic mercury compounds	1568	Miscellaneous inorganic compounds
4061	CHEMONTID:0004061	Inorganic nickel compounds	1568	Miscellaneous inorganic compounds
4062	CHEMONTID:0004062	Inorganic silver salts	3866	Inorganic salts
4063	CHEMONTID:0004063	Organic silver salts	3997	Organic transition metal salts
4064	CHEMONTID:0004064	Transition metal cyanide salts	3997	Organic transition metal salts
4065	CHEMONTID:0004065	Triorganolead compounds	4024	Organolead compounds
4066	CHEMONTID:0004066	Triorganotin compounds	1524	Organotin compounds
4067	CHEMONTID:0004067	Triorganotin halide salts	4038	Organic tin salts
4068	CHEMONTID:0004068	Triorganotin metal salts	4038	Organic tin salts
4069	CHEMONTID:0004069	Trialkylstibanes	349	Organoantimony compounds
4070	CHEMONTID:0004070	Monoalkyltins	1524	Organotin compounds
4071	CHEMONTID:0004071	Dialkyltins	1524	Organotin compounds
4072	CHEMONTID:0004072	Trialkyltins	4066	Triorganotin compounds
4073	CHEMONTID:0004073	Organochromium compounds	1371	Organotransition metal compounds
4074	CHEMONTID:0004074	Inorganic chromium (VI) compounds	1568	Miscellaneous inorganic compounds
4075	CHEMONTID:0004075	Organic cadmium salts	3997	Organic transition metal salts
4076	CHEMONTID:0004076	Inorganic cadmium salts	3866	Inorganic salts
4077	CHEMONTID:0004077	Inorganic antimony salts	3866	Inorganic salts
4078	CHEMONTID:0004078	Organic antimony salts	3998	Organic metalloid salts
4079	CHEMONTID:0004079	Vinylaziridines	103	Aziridines
4080	CHEMONTID:0004080	N-vinylaziridines	4079	Vinylaziridines
4081	CHEMONTID:0004081	Iridoid O-glycosides	2049	Terpene glycosides
4082	CHEMONTID:0004082	4-arylsulfanyl-substituted kainoids	1801	Kainoids
4083	CHEMONTID:0004083	1-benzylquinolines	1253	Quinolines and derivatives
4084	CHEMONTID:0004084	Cyanogens	362	Nitriles
4085	CHEMONTID:0004085	Dialkyltin dicarboxylates	4071	Dialkyltins
4086	CHEMONTID:0004086	Thiodisulfinates	4	Organosulfur compounds
4087	CHEMONTID:0004087	Acyl nitrates	395	Organic nitrates
4088	CHEMONTID:0004088	Peroxyacyl nitrates	395	Organic nitrates
4089	CHEMONTID:0004089	Dialkyldisulfides	2800	Organic disulfides
4090	CHEMONTID:0004090	Dialkyltin salts	4071	Dialkyltins
4091	CHEMONTID:0004091	Alkyl nitrates	395	Organic nitrates
4092	CHEMONTID:0004092	Acyl nitrites	396	Organic nitrites
4093	CHEMONTID:0004093	Alkyl nitrites	396	Organic nitrites
4094	CHEMONTID:0004094	Alkyl perchlorates	2067	Organic perchlorates
4095	CHEMONTID:0004095	1-phenethylisoquinolines	2566	Isoquinolines and derivatives
4096	CHEMONTID:0004096	Mitomycins, mitosane and mitosene derivatives	390	Indolequinones
4097	CHEMONTID:0004097	1,4-benzodiazepines	295	Benzodiazepines
4098	CHEMONTID:0004098	Imidazo[1,5-a][1,4]benzodiazepines	4097	1,4-benzodiazepines
4099	CHEMONTID:0004099	Organic alkali metal salts	4036	Organic metal salts
4100	CHEMONTID:0004100	Thio-linked disaccharides	1542	Disaccharides
4101	CHEMONTID:0004101	N-linked disaccharides	1542	Disaccharides
4102	CHEMONTID:0004102	Inorganic sodium salts	3866	Inorganic salts
4103	CHEMONTID:0004103	Inorganic chloride salts	3866	Inorganic salts
4104	CHEMONTID:0004104	1,3,5-triazine ribonucleosides and ribonucleotides	289	Nucleosides, nucleotides, and analogues
4105	CHEMONTID:0004105	1,3,5-triazines	98	Triazines
4106	CHEMONTID:0004106	1,2,3-triazines	98	Triazines
4107	CHEMONTID:0004107	1,2,4-triazines	98	Triazines
4108	CHEMONTID:0004108	Nitrotoluenes	1091	Toluenes
4109	CHEMONTID:0004109	Menaquinones	1547	Vitamin K compounds
4110	CHEMONTID:0004110	1-benzoylpiperidines	321	Benzoyl derivatives
4111	CHEMONTID:0004111	Dimethoxybenzenes	4113	Methoxybenzenes
4112	CHEMONTID:0004112	Benzoyl peroxides	2279	Benzene and substituted derivatives
4113	CHEMONTID:0004113	Methoxybenzenes	2279	Benzene and substituted derivatives
4114	CHEMONTID:0004114	Alpha-imino acids	4132	Alpha-imino acid and derivatives
4115	CHEMONTID:0004115	N-substituted alpha-imino acids	4114	Alpha-imino acids
4116	CHEMONTID:0004116	N,S-acetals	1666	Thiohemiaminal derivatives
4117	CHEMONTID:0004117	C-nitro compounds	1152	Organic nitro compounds
4118	CHEMONTID:0004118	Oxoisoaporphines	3018	Isoaporphines
4119	CHEMONTID:0004119	Isoatisine-type diterpenoid alkaloids	2738	Atisane diterpenoids
4120	CHEMONTID:0004120	Lycorine-type amaryllidaceae alkaloids	1775	Amaryllidaceae alkaloids
4121	CHEMONTID:0004121	Norbelladine-type amaryllidaceae alkaloids	1775	Amaryllidaceae alkaloids
4122	CHEMONTID:0004122	Homolycorine-type amaryllidaceae alkaloids	1775	Amaryllidaceae alkaloids
4123	CHEMONTID:0004123	Crinine- and Haemanthamine-type amaryllidaceae alkaloids	1775	Amaryllidaceae alkaloids
4124	CHEMONTID:0004124	Tazettine-type amaryllidaceae alkaloids	1775	Amaryllidaceae alkaloids
4125	CHEMONTID:0004125	Montanine-type amaryllidaceae alkaloids	1775	Amaryllidaceae alkaloids
4126	CHEMONTID:0004126	Plicamine-type amaryllidaceae alkaloids	1775	Amaryllidaceae alkaloids
4127	CHEMONTID:0004127	Galanthindole-type amaryllidaceae alkaloids	1775	Amaryllidaceae alkaloids
4128	CHEMONTID:0004128	Galanthamine-type amaryllidaceae alkaloids	1775	Amaryllidaceae alkaloids
4129	CHEMONTID:0004129	Phenanthridine- and phenanthridone-type amaryllidaceae alkaloids	1775	Amaryllidaceae alkaloids
4130	CHEMONTID:0004130	Gracilline-type amaryllidaceae alkaloids	1775	Amaryllidaceae alkaloids
4131	CHEMONTID:0004131	6,7-benzomorphans	279	Alkaloids and derivatives
4132	CHEMONTID:0004132	Alpha-imino acid and derivatives	265	Carboxylic acids and derivatives
4133	CHEMONTID:0004133	Alpha-imino acid esters	4132	Alpha-imino acid and derivatives
4134	CHEMONTID:0004134	Epithionitriles	377	Thiiranes
4135	CHEMONTID:0004135	Desulfoglucosinolates	1498	Hexoses
4136	CHEMONTID:0004136	Thiohydroximic acids and derivatives	264	Organic acids and derivatives
4137	CHEMONTID:0004137	Thiohydroximic acids	4136	Thiohydroximic acids and derivatives
4138	CHEMONTID:0004138	S-alkyl-thiohydroximates	4137	Thiohydroximic acids
4139	CHEMONTID:0004139	Azacyclic compounds	2	Organoheterocyclic compounds
4140	CHEMONTID:0004140	Oxacyclic compounds	2	Organoheterocyclic compounds
4141	CHEMONTID:0004141	Phosphacyclic compounds	2	Organoheterocyclic compounds
4142	CHEMONTID:0004142	Kalmanes and 1,5-seco-kalmanes	2871	Grayanoids
4143	CHEMONTID:0004143	Methionine and derivatives	60	Alpha amino acids and derivatives
4144	CHEMONTID:0004144	Heteroaromatic compounds	2	Organoheterocyclic compounds
4145	CHEMONTID:0004145	D-alpha-amino acids	2404	Alpha amino acids
4146	CHEMONTID:0004146	L-alpha-amino acids	2404	Alpha amino acids
4147	CHEMONTID:0004147	Phenylpyridazines	74	Pyridazines and derivatives
4148	CHEMONTID:0004148	N-acyl-L-alpha-amino acids	2402	N-acyl-alpha amino acids
4149	CHEMONTID:0004149	Polycyclic hydrocarbons	2837	Hydrocarbons
4150	CHEMONTID:0004150	Hydrocarbon derivatives	0	Organic compounds
4151	CHEMONTID:0004151	Hydroxypyridines	89	Pyridines and derivatives
4152	CHEMONTID:0004152	Methylpyridines	89	Pyridines and derivatives
4153	CHEMONTID:0004153	Cladiellane diterpenoids	1551	Diterpenoids
4154	CHEMONTID:0004154	Hydroxyisoflavonoids	2506	Isoflavonoids
4155	CHEMONTID:0004155	Diphenylethers	2279	Benzene and substituted derivatives
4156	CHEMONTID:0004156	Steroidal alkaloid glycosides	2724	Steroidal alkaloids
4157	CHEMONTID:0004157	Halomethanes	2867	Alkyl halides
4158	CHEMONTID:0004158	1-hydroxysteroids	1295	Hydroxysteroids
4159	CHEMONTID:0004159	18-hydroxysteroids	1295	Hydroxysteroids
4160	CHEMONTID:0004160	Trihalomethanes	4157	Halomethanes
4161	CHEMONTID:0004161	Hydroxypyrimidines	75	Pyrimidines and pyrimidine derivatives
4162	CHEMONTID:0004162	Hydroxyindoles	211	Indoles and derivatives
4163	CHEMONTID:0004163	Thioselenides	4	Organosulfur compounds
4164	CHEMONTID:0004164	Dithiophosphate O-esters	3385	Organic dithiophosphoric acids and derivatives
4165	CHEMONTID:0004165	Phenolic glycosides	2105	Glycosyl compounds
4166	CHEMONTID:0004166	Phenoselenazines	2	Organoheterocyclic compounds
4167	CHEMONTID:0004167	Perimidines	485	Quinazolines
4168	CHEMONTID:0004168	Quindolines	1253	Quinolines and derivatives
4169	CHEMONTID:0004169	Selenophenes	2	Organoheterocyclic compounds
4170	CHEMONTID:0004170	Oxirenes	2	Organoheterocyclic compounds
4171	CHEMONTID:0004171	2-Thiopyrimidines	4173	Thiopyrimidines
4172	CHEMONTID:0004172	4-Thiopyrimidines	4173	Thiopyrimidines
4173	CHEMONTID:0004173	Thiopyrimidines	75	Pyrimidines and pyrimidine derivatives
4174	CHEMONTID:0004174	Pyridine nucleosides	289	Nucleosides, nucleotides, and analogues
4175	CHEMONTID:0004175	S-alkylsulfenates	1235	Organosulfenic acids
4176	CHEMONTID:0004176	Amino acids	347	Amino acids and derivatives
4177	CHEMONTID:0004177	Ethylene bisdithiocarbamates	3936	Dithiocarbamic acid esters
4178	CHEMONTID:0004178	1-(1Z-alkenyl),3-acylglycerophosphoethanolamines	2215	Glycerophosphoethanolamines
4179	CHEMONTID:0004179	Long-chain (3R)-3-hydroxyacyl CoAs	3224	(R)-3-hydroxyacyl CoAs
4180	CHEMONTID:0004180	Very-long-chain (3R)-3-hydroxyacyl CoAs	3224	(R)-3-hydroxyacyl CoAs
4181	CHEMONTID:0004181	3-sulfated flavonoids	3005	Sulfated flavonoids
4182	CHEMONTID:0004182	Flavonoid 3-phosphates	334	Flavonoids
4183	CHEMONTID:0004183	Long-chain alkyl amine oxides	3993	Aminoxides
4184	CHEMONTID:0004184	Trialkyl amine oxides	3993	Aminoxides
4185	CHEMONTID:0004185	Trialkylarsane oxides	4055	Trivalent organic arsenic compounds
4186	CHEMONTID:0004186	Trialkylphosphanes	400	Organophosphorus compounds
4187	CHEMONTID:0004187	Phorbines	1455	Tetrapyrroles and derivatives
4188	CHEMONTID:0004188	Phthalocyanines	1455	Tetrapyrroles and derivatives
4189	CHEMONTID:0004189	Coumarans	2	Organoheterocyclic compounds
4190	CHEMONTID:0004190	1-phenylcoumarans	4189	Coumarans
4191	CHEMONTID:0004191	Isocoumarans	2	Organoheterocyclic compounds
4192	CHEMONTID:0004192	14-alpha-methylsteroids	258	Steroids and steroid derivatives
4193	CHEMONTID:0004193	Thienothiophenes	2	Organoheterocyclic compounds
4194	CHEMONTID:0004194	Pyrrolo[1,2-a]benzimidazoles	294	Benzimidazoles
4195	CHEMONTID:0004195	Allyl sulfur compounds	4	Organosulfur compounds
4196	CHEMONTID:0004196	3-alkylindoles	2497	Indoles
4197	CHEMONTID:0004197	N-alkylindoles	211	Indoles and derivatives
4198	CHEMONTID:0004198	Dithiazinanes	4139	Azacyclic compounds
4199	CHEMONTID:0004199	1,3,5-dithiazinanes	4198	Dithiazinanes
4200	CHEMONTID:0004200	Hydroxyanilides	285	Anilides
4201	CHEMONTID:0004201	Triazolobenzothiazoles	315	Benzotriazoles
4202	CHEMONTID:0004202	1-sulfamoyl-1,2,3-triazoles	99	Triazoles
4203	CHEMONTID:0004203	Phenyl-beta-methoxyacrylates	2279	Benzene and substituted derivatives
4204	CHEMONTID:0004204	Phenylbenzamines	185	Phenylmethylamines
4205	CHEMONTID:0004205	Furancarboxamides	4758	Furoic acid and derivatives
4206	CHEMONTID:0004206	Pyrazole-4-carboxamides	2350	Pyrazole carboxylic acids and derivatives
4207	CHEMONTID:0004207	Pyrazole-5-carboxamides	2350	Pyrazole carboxylic acids and derivatives
4208	CHEMONTID:0004208	Xylenes	2279	Benzene and substituted derivatives
4209	CHEMONTID:0004209	m-Xylenes	4208	Xylenes
4210	CHEMONTID:0004210	o-Xylenes	4208	Xylenes
4211	CHEMONTID:0004211	p-Xylenes	4208	Xylenes
4212	CHEMONTID:0004212	Xylenols	4208	Xylenes
4213	CHEMONTID:0004213	m-Xylenols	4212	Xylenols
4214	CHEMONTID:0004214	o-Xylenols	4212	Xylenols
4215	CHEMONTID:0004215	p-Xylenols	4212	Xylenols
4216	CHEMONTID:0004216	Anilinopyrimidines	75	Pyrimidines and pyrimidine derivatives
4217	CHEMONTID:0004217	1,4-oxathiin carboxamides	2058	Oxathiins
4218	CHEMONTID:0004218	Allylamines	2449	Amines
4219	CHEMONTID:0004219	Toluamides	1091	Toluenes
4220	CHEMONTID:0004220	m-Toluamides	4219	Toluamides
4221	CHEMONTID:0004221	o-Toluamides	4219	Toluamides
4222	CHEMONTID:0004222	p-Toluamides	4219	Toluamides
4223	CHEMONTID:0004223	N,N-dialkyl-m-toluamides	4220	m-Toluamides
4224	CHEMONTID:0004224	N,N-dialkyl-p-toluamides	4222	p-Toluamides
4225	CHEMONTID:0004225	Tetraalkylammonium salts	503	Quaternary ammonium salts
4226	CHEMONTID:0004226	1,2,4-triazolo[4,3-a][1,4]benzodiazepines	4097	1,4-benzodiazepines
4227	CHEMONTID:0004227	1-(1Z-alkenyl),3-acyl-glycerophosphates	2214	Glycerophosphates
4228	CHEMONTID:0004228	1-(1Z-alkenyl),3-acyl-glycerol-2-phosphocholines	2213	Glycerophosphocholines
4229	CHEMONTID:0004229	Pyrrolo[1,2-c][1,3]benzodiazepines	295	Benzodiazepines
4230	CHEMONTID:0004230	Pyrrolo[2,1-c][1,4]benzodiazepines	4097	1,4-benzodiazepines
4231	CHEMONTID:0004231	C2-aryl pyrrolo[2,1-c][1,4]benzodiazepines	4230	Pyrrolo[2,1-c][1,4]benzodiazepines
4232	CHEMONTID:0004232	5'-O-tritylated nucleosides and derivatives	289	Nucleosides, nucleotides, and analogues
4233	CHEMONTID:0004233	Benzenesulfonyl compounds	2279	Benzene and substituted derivatives
4234	CHEMONTID:0004234	Benzenesulfonyl chlorides	4308	Benzenesulfonyl halides
4235	CHEMONTID:0004235	Azetidino[1,2-d][1,4]benzodiazepines	4097	1,4-benzodiazepines
4236	CHEMONTID:0004236	6-Thiathiophenes	2	Organoheterocyclic compounds
4237	CHEMONTID:0004237	Tertiary arsines	4055	Trivalent organic arsenic compounds
4238	CHEMONTID:0004238	Tetraorganoarsonium salts	405	Organoarsenic compounds
4239	CHEMONTID:0004239	Pentaorganoarsanes	4056	Pentavalent organic arsenic compounds
4240	CHEMONTID:0004240	Sulfur-containing organoarsenic compounds	405	Organoarsenic compounds
4241	CHEMONTID:0004241	Organoarsenic sulfides	4240	Sulfur-containing organoarsenic compounds
4242	CHEMONTID:0004242	Thiodiarsines	4240	Sulfur-containing organoarsenic compounds
4243	CHEMONTID:0004243	Organotetrahaloarsoranes	405	Organoarsenic compounds
4244	CHEMONTID:0004244	Diorganotrihaloarsoranes	4056	Pentavalent organic arsenic compounds
4245	CHEMONTID:0004245	Triorganodihaloarsoranes	4056	Pentavalent organic arsenic compounds
4246	CHEMONTID:0004246	Arsonous acid esters	264	Organic acids and derivatives
4247	CHEMONTID:0004247	Organoarsinous acid esters	264	Organic acids and derivatives
4248	CHEMONTID:0004248	Organoarsinous acids	264	Organic acids and derivatives
4249	CHEMONTID:0004249	Tetraorganostibonium salts	349	Organoantimony compounds
4250	CHEMONTID:0004250	1-phosphatidyl-1D-myo-inositol-4,5-bisphosphates	1676	Phosphatidylinositol-4,5-bisphosphates
4251	CHEMONTID:0004251	1-phosphatidyl-1D-myo-inositols	1344	Phosphatidylinositols
4252	CHEMONTID:0004252	N-acetyl-2-arylethylamines	3922	Acetamides
4253	CHEMONTID:0004253	2-arylethylamines	2450	Primary amines
4254	CHEMONTID:0004254	Phosphatidylinositol-3,4,5-trisphosphates	1139	Phosphatidylinositol phosphates
4255	CHEMONTID:0004255	Pyrroline 2-carboxylic acids	2417	Pyrroline carboxylic acids
4256	CHEMONTID:0004256	Very long-chain 2-enoyl CoAs	3180	Enoyl CoAs
4257	CHEMONTID:0004257	Very long-chain 3-enoyl CoAs	3180	Enoyl CoAs
4258	CHEMONTID:0004258	Arylsulfates	403	Organic sulfuric acids and derivatives
4259	CHEMONTID:0004259	Pyridoxamine 5'-phosphates	1966	Pyridoxamines
4260	CHEMONTID:0004260	S-prenyl-L-cysteines	3441	S-alkyl-L-cysteines
4261	CHEMONTID:0004261	N-acylneuraminate-9-phosphates	3048	N-acylneuraminic acids
4262	CHEMONTID:0004262	1-alkyl,2-acetylglycero-3-phosphocholines	3829	1-alkyl,2-acylglycero-3-phosphocholines
4263	CHEMONTID:0004263	1-phosphatidyl-1D-myo-inositol-3-phosphates	1324	Phosphatidylinositol monophosphates
4264	CHEMONTID:0004264	1-phosphatidyl-1D-myo-inositol-3,4,5-trisphosphates	4254	Phosphatidylinositol-3,4,5-trisphosphates
4265	CHEMONTID:0004265	1-phosphatidyl-1D-myo-inositol-3,4-bisphosphates	1139	Phosphatidylinositol phosphates
4266	CHEMONTID:0004266	1-phosphatidyl-1D-myo-inositol-3,5-bisphosphates	1139	Phosphatidylinositol phosphates
4267	CHEMONTID:0004267	N-acyl-L-glutamines	4148	N-acyl-L-alpha-amino acids
4268	CHEMONTID:0004268	3-Acylpyruvic acids	1115	Gamma-keto acids and derivatives
4269	CHEMONTID:0004269	6,7-dihydropteridines	109	Pteridines and derivatives
4270	CHEMONTID:0004270	5,6,7,8-tetrahydropteridines	109	Pteridines and derivatives
4271	CHEMONTID:0004271	N-acylserotonins	1637	Serotonins
4272	CHEMONTID:0004272	N-acyldopamines	182	Catecholamines and derivatives
4273	CHEMONTID:0004273	Long-chain N-acylserotonins	4271	N-acylserotonins
4274	CHEMONTID:0004274	1-O-alkylglycerols	3263	Monoalkylglycerols
4275	CHEMONTID:0004275	1-O-alkyl-sn-glycerols	4274	1-O-alkylglycerols
4276	CHEMONTID:0004276	Polyprenyl monophosphates	478	Polyprenyl phosphates
4277	CHEMONTID:0004277	Polyprenyl diphosphates	478	Polyprenyl phosphates
4278	CHEMONTID:0004278	N-acyl-aliphatic L-alpha-amino-acids	3211	N-acyl-aliphatic-alpha amino acids
4279	CHEMONTID:0004279	N-acyl-aromatic L-alpha-amino-acids	3212	N-acyl-aromatic-alpha amino acids
4280	CHEMONTID:0004280	Oxygen-containing organoarsenic compounds	405	Organoarsenic compounds
4281	CHEMONTID:0004281	Monohaloarsines	405	Organoarsenic compounds
4282	CHEMONTID:0004282	Dihaloarsines	405	Organoarsenic compounds
4283	CHEMONTID:0004283	Triorganodialkoxyarsoranes	4056	Pentavalent organic arsenic compounds
4284	CHEMONTID:0004284	Tetraorganoalkoxyarsoranes	4056	Pentavalent organic arsenic compounds
4285	CHEMONTID:0004285	Organotin selenides	1524	Organotin compounds
4286	CHEMONTID:0004286	Organotin sulfides	1524	Organotin compounds
4287	CHEMONTID:0004287	Organotin tellurides	1524	Organotin compounds
4288	CHEMONTID:0004288	Organolead sulfides	4024	Organolead compounds
4289	CHEMONTID:0004289	Tetraorganolead compounds	4024	Organolead compounds
4290	CHEMONTID:0004290	Primary stibines	349	Organoantimony compounds
4291	CHEMONTID:0004291	Secondary stibines	349	Organoantimony compounds
4292	CHEMONTID:0004292	1,2,4-benzothiadiazine-1,1-dioxides	308	Benzothiadiazines
4293	CHEMONTID:0004293	1-benzothiophenes	312	Benzothiophenes
4294	CHEMONTID:0004294	2-benzothiophenes	312	Benzothiophenes
4295	CHEMONTID:0004295	2-azidobenzoic acids	2565	Benzoic acids
4296	CHEMONTID:0004296	Phenylketones	3670	Aryl ketones
4297	CHEMONTID:0004297	Aryl-phenylketones	4296	Phenylketones
4298	CHEMONTID:0004298	Alkyl-phenylketones	4296	Phenylketones
4299	CHEMONTID:0004299	Glucosylceramides	1428	Simple glycosylceramides
4300	CHEMONTID:0004300	D-glucosyl-N-acylsphingosines	4299	Glucosylceramides
4301	CHEMONTID:0004301	3-hydroxy-3-alkylglutaryl CoAs	2960	3-hydroxyacyl CoAs
4302	CHEMONTID:0004302	(S)-3-hydroxy-3-alkylglutaryl CoAs	4301	3-hydroxy-3-alkylglutaryl CoAs
4303	CHEMONTID:0004303	4-Hydrocarbylideneazlactones	84	Oxazolines
4304	CHEMONTID:0004304	D-glucosyl-N-acylsphinganines	4299	Glucosylceramides
4305	CHEMONTID:0004305	Glycosyl-N-acylsphingosines	1428	Simple glycosylceramides
4306	CHEMONTID:0004306	Metallobisdithiocarbamates	3934	Dithiocarbamic acids and derivatives
4307	CHEMONTID:0004307	1-phosphatidyl-1d-myo-inositol-4-phosphates	1324	Phosphatidylinositol monophosphates
4308	CHEMONTID:0004308	Benzenesulfonyl halides	4233	Benzenesulfonyl compounds
4309	CHEMONTID:0004309	Benzenesulfonate esters	32	Benzenesulfonic acids and derivatives
4310	CHEMONTID:0004310	Valine and derivatives	60	Alpha amino acids and derivatives
4311	CHEMONTID:0004311	Histidine and derivatives	60	Alpha amino acids and derivatives
4312	CHEMONTID:0004312	Asparagine and derivatives	60	Alpha amino acids and derivatives
4313	CHEMONTID:0004313	Cysteine and derivatives	60	Alpha amino acids and derivatives
4314	CHEMONTID:0004314	Alanine and derivatives	60	Alpha amino acids and derivatives
4315	CHEMONTID:0004315	Glutamine and derivatives	60	Alpha amino acids and derivatives
4316	CHEMONTID:0004316	Serine and derivatives	60	Alpha amino acids and derivatives
4317	CHEMONTID:0004317	Aspartic acid and derivatives	60	Alpha amino acids and derivatives
4318	CHEMONTID:0004318	Glycine and derivatives	60	Alpha amino acids and derivatives
4319	CHEMONTID:0004319	Tyrosine and derivatives	60	Alpha amino acids and derivatives
4320	CHEMONTID:0004320	Arginine and derivatives	60	Alpha amino acids and derivatives
4321	CHEMONTID:0004321	Phenylalanine and derivatives	60	Alpha amino acids and derivatives
4322	CHEMONTID:0004322	Proline and derivatives	60	Alpha amino acids and derivatives
4323	CHEMONTID:0004323	Glutamic acid and derivatives	60	Alpha amino acids and derivatives
4324	CHEMONTID:0004324	Daphniphylline-type alkaloids	279	Alkaloids and derivatives
4325	CHEMONTID:0004325	Cyclohexenones	3487	Cyclic ketones
4326	CHEMONTID:0004326	Yuzurimine-type alkaloids	279	Alkaloids and derivatives
4327	CHEMONTID:0004327	Tetraalkylphosphonium compounds	400	Organophosphorus compounds
4328	CHEMONTID:0004328	Tetraalkylphosphonium halides	400	Organophosphorus compounds
4329	CHEMONTID:0004329	Leucine and derivatives	60	Alpha amino acids and derivatives
4330	CHEMONTID:0004330	Isoleucine and derivatives	60	Alpha amino acids and derivatives
4331	CHEMONTID:0004331	Imidazoquinolines	1253	Quinolines and derivatives
4332	CHEMONTID:0004332	Imidazo[2,1-b]benzothiazoles	311	Benzothiazoles
4333	CHEMONTID:0004333	Quinolo[1,2-a]quinazolines	485	Quinazolines
4334	CHEMONTID:0004334	Pyrido[2,3-b]quinoxalines	486	Quinoxalines
4335	CHEMONTID:0004335	Pyrido[2,3-g]quinoxalines	486	Quinoxalines
4336	CHEMONTID:0004336	Nitrothiophenes	97	Thiophenes
4337	CHEMONTID:0004337	2-nitrothiophenes	4336	Nitrothiophenes
4338	CHEMONTID:0004338	3-nitrothiophenes	4336	Nitrothiophenes
4339	CHEMONTID:0004339	Nitrohalothiophenes	4336	Nitrothiophenes
4340	CHEMONTID:0004340	2-nitrohalothiophenes	4339	Nitrohalothiophenes
4341	CHEMONTID:0004341	3-nitrohalothiophenes	4339	Nitrohalothiophenes
4342	CHEMONTID:0004342	Phenyl-1,3-oxazoles	83	Oxazoles
4343	CHEMONTID:0004343	Aminocyclitols	2510	Aminocyclitols and derivatives
4344	CHEMONTID:0004344	Cyclitols	2509	Cyclitols and derivatives
4345	CHEMONTID:0004345	Indeno[1,2-c]pyrazoles	2	Organoheterocyclic compounds
4346	CHEMONTID:0004346	Dipyrido[1,4]diazepines	2782	Pyridodiazepines
4347	CHEMONTID:0004347	Tetraalkyltins	4348	Tetraorganotin compounds
4348	CHEMONTID:0004348	Tetraorganotin compounds	1524	Organotin compounds
4349	CHEMONTID:0004349	Acyclic pyrimidine nucleoside phosphonates	3737	Nucleoside and nucleotide analogues
4350	CHEMONTID:0004350	Deoxyribo- and ribonucleoside phosphonates	289	Nucleosides, nucleotides, and analogues
4351	CHEMONTID:0004351	Oligonucleotides	3737	Nucleoside and nucleotide analogues
4352	CHEMONTID:0004352	(3'->5')-cyclic dinucleotide bis(carbamate) analogues	3792	(3'->5')-cyclic dinucleotides and analogues
4353	CHEMONTID:0004353	Imidazole[4,5-c]pyridine ribonucleosides and ribonucleotides	289	Nucleosides, nucleotides, and analogues
4354	CHEMONTID:0004354	Phenyloxadiazoles	2924	1,2,4-oxadiazoles
4355	CHEMONTID:0004355	Benzenecarbothioic S-acids	176	Benzoic acids and derivatives
4356	CHEMONTID:0004356	Sulfono(thioperoxoic) SO-acids	1157	Sulfonyls
4357	CHEMONTID:0004357	Sulfonothioic O-acids	4	Organosulfur compounds
4358	CHEMONTID:0004358	Sulfonothioic S-acids	1157	Sulfonyls
4359	CHEMONTID:0004359	Sulfonoperoxoic acids	1157	Sulfonyls
4360	CHEMONTID:0004360	Sulfonoselenoic Se-acids	1157	Sulfonyls
4361	CHEMONTID:0004361	Acylaminobenzoic acid and derivatives	176	Benzoic acids and derivatives
4362	CHEMONTID:0004362	Purine ribonucleoside phosphonates	4350	Deoxyribo- and ribonucleoside phosphonates
4363	CHEMONTID:0004363	Pyrimidine ribonucleoside phosphonates	4350	Deoxyribo- and ribonucleoside phosphonates
4364	CHEMONTID:0004364	Ribonucleoside phosphoramidites	3737	Nucleoside and nucleotide analogues
4365	CHEMONTID:0004365	Indolo[2,3-b]quinoxalines	486	Quinoxalines
4366	CHEMONTID:0004366	2-Anilinoquinolines	1253	Quinolines and derivatives
4367	CHEMONTID:0004367	3-Anilinoquinolines	1253	Quinolines and derivatives
4368	CHEMONTID:0004368	4-Anilinoquinolines	1253	Quinolines and derivatives
4369	CHEMONTID:0004369	Organic chromium salts	3997	Organic transition metal salts
4370	CHEMONTID:0004370	Pyrazolo[3,4-b]pyrazines	2	Organoheterocyclic compounds
4371	CHEMONTID:0004371	Pyrazolo[1,5-b]pyridazines	2	Organoheterocyclic compounds
4372	CHEMONTID:0004372	Pyrazolo[1,5-a][1,3,5]triazines	2	Organoheterocyclic compounds
4373	CHEMONTID:0004373	Pyrazolo[1,5-d][1,2,4]triazines	2	Organoheterocyclic compounds
4374	CHEMONTID:0004374	Substituted imidazole-4-acetic acid and analogues	2310	Substituted imidazoles
4375	CHEMONTID:0004375	Pyrazolo[4,3-e]pyrrolo[1,2-a]pyrazines	2	Organoheterocyclic compounds
4376	CHEMONTID:0004376	Imidazo[1,2-a]pyrazin-8-ones	2	Organoheterocyclic compounds
4377	CHEMONTID:0004377	Imidazo[1,2-a]pyrimidines	2	Organoheterocyclic compounds
4378	CHEMONTID:0004378	Imidazo[1,2-a][1,2,4]triazines	2	Organoheterocyclic compounds
4379	CHEMONTID:0004379	Imidazo[1,2-d][1,2,4]triazines	2	Organoheterocyclic compounds
4380	CHEMONTID:0004380	Imidazo[2,1-c][1,2,4]triazines	2	Organoheterocyclic compounds
4381	CHEMONTID:0004381	Imidazo[4,3-c][1,2,4]triazines	2	Organoheterocyclic compounds
4382	CHEMONTID:0004382	Pyrazolo[1',5':1,6]pyrimido[4,5-d]pyridazines	2	Organoheterocyclic compounds
4383	CHEMONTID:0004383	Pyrazolo[1',5':1,6]pyrimido[4,5-d]pyridazin-4-ones	4382	Pyrazolo[1',5':1,6]pyrimido[4,5-d]pyridazines
4384	CHEMONTID:0004384	2,4-Diaminoquinazolines	485	Quinazolines
4385	CHEMONTID:0004385	2,4-Diaminothieno[2,3-d]pyrimidines	2020	Thienopyrimidines
4386	CHEMONTID:0004386	5-Benzylpyrimidine-2,4-diamines	75	Pyrimidines and pyrimidine derivatives
4387	CHEMONTID:0004387	Pyrazolo[3,4-d]pyrimidines	305	Pyrazolopyrimidines
4388	CHEMONTID:0004388	Imidazo[1,5-a]pyrazines	2	Organoheterocyclic compounds
4389	CHEMONTID:0004389	2'-Aminoanilides	285	Anilides
4390	CHEMONTID:0004390	Pyrazolo[1,5-a]pyrimidines	305	Pyrazolopyrimidines
4391	CHEMONTID:0004391	4-Anilinoquinazolines	284	Aniline and substituted anilines
4392	CHEMONTID:0004392	Pyrrolo[2,3-a]carbazoles	1865	Pyrrolocarbazoles
4393	CHEMONTID:0004393	6-Amino-4-phenyltetrahydroquinolines	1715	Hydroquinolines
4394	CHEMONTID:0004394	Phenylpiperazinyl-cyclohexylureas	1984	Phenylpiperazines
4395	CHEMONTID:0004395	Phenylpiperazinyl-cyclohexylsulfonamides	1984	Phenylpiperazines
4396	CHEMONTID:0004396	Imidazo[1,2-a]pyridines	2	Organoheterocyclic compounds
4397	CHEMONTID:0004397	5-piperazinylimidazo[1,2-a]pyridines	1976	Pyridinylpiperazines
4398	CHEMONTID:0004398	6-piperazinylimidazo[1,2-a]pyridines	1976	Pyridinylpiperazines
4399	CHEMONTID:0004399	7-piperazinylimidazo[1,2-a]pyridines	1976	Pyridinylpiperazines
4400	CHEMONTID:0004400	8-piperazinylimidazo[1,2-a]pyridines	1976	Pyridinylpiperazines
4401	CHEMONTID:0004401	1,3-thiazolo[5,4-d]pyrimidines	2	Organoheterocyclic compounds
4402	CHEMONTID:0004402	7-oxo-1,3-thiazolo[5,4-d]pyrimidines	4401	1,3-thiazolo[5,4-d]pyrimidines
4403	CHEMONTID:0004403	Haloquinolines	1253	Quinolines and derivatives
4404	CHEMONTID:0004404	Ribonucleoside 3'-phosphates	289	Nucleosides, nucleotides, and analogues
4405	CHEMONTID:0004405	Pyridopyrazines	2	Organoheterocyclic compounds
4406	CHEMONTID:0004406	3-arylsulfonyl-pyrazolo[1,5-a]pyrimidines	4390	Pyrazolo[1,5-a]pyrimidines
4407	CHEMONTID:0004407	Furopyridines	2	Organoheterocyclic compounds
4408	CHEMONTID:0004408	Furo[2,3-c]pyridines	4407	Furopyridines
4409	CHEMONTID:0004409	Furo[3,2-c]pyridines	4407	Furopyridines
4410	CHEMONTID:0004410	Cephalosporin 3'-carbamates	173	Cephalosporins
4411	CHEMONTID:0004411	Cephalosporin 3'-esters	173	Cephalosporins
4412	CHEMONTID:0004412	3'-quaternary ammonium cephalosporins	173	Cephalosporins
4413	CHEMONTID:0004413	Anthranilamides	178	Benzamides
4414	CHEMONTID:0004414	N-benzoylpyrazoles	4704	Benzoylpyrazoles
4415	CHEMONTID:0004415	Pyrrolo[2,3-d]pyrimidines	1799	Pyrrolopyrimidines
4416	CHEMONTID:0004416	Furo[2,3-d]pyrimidines	2	Organoheterocyclic compounds
4417	CHEMONTID:0004417	Pyrido[2,3-d]pyrimidines	1859	Pyridopyrimidines
4418	CHEMONTID:0004418	Pyrrolo[2,1-f][1,2,4]triazines	1798	Pyrrolotriazines
4419	CHEMONTID:0004419	Pyrido[3,4-d]pyrimidines	1859	Pyridopyrimidines
4420	CHEMONTID:0004420	2-amino-pyrido[2,3-d]pyrimidines	4417	Pyrido[2,3-d]pyrimidines
4421	CHEMONTID:0004421	Isoindolo[2,1-a]quinoxalines	486	Quinoxalines
4422	CHEMONTID:0004422	Benzo[c]quinolizin-3-ones	222	Quinolizines
4423	CHEMONTID:0004423	Benzo[f]quinolin-3-ones	1908	Benzoquinolines
4424	CHEMONTID:0004424	Pyrrolo[3,2-c]quinolines	1734	Pyrroloquinolines
4425	CHEMONTID:0004425	O-thiocarbamates	1190	Thiocarbamic acid esters
4426	CHEMONTID:0004426	S-thiocarbamates	1190	Thiocarbamic acid esters
4427	CHEMONTID:0004427	S-Alkyl-thiocarbamates	4426	S-thiocarbamates
4428	CHEMONTID:0004428	Thiocarbamate salts	1368	Thiocarbamic acid derivatives
4429	CHEMONTID:0004429	Dithiocarbamate salts	3934	Dithiocarbamic acids and derivatives
4430	CHEMONTID:0004430	Chloroformic acid esters	364	Organic carbonic acids and derivatives
4431	CHEMONTID:0004431	Alkylchloroformates	4430	Chloroformic acid esters
4432	CHEMONTID:0004432	Inorganic silicides	1568	Miscellaneous inorganic compounds
4433	CHEMONTID:0004433	Borate esters	264	Organic acids and derivatives
4434	CHEMONTID:0004434	Organic sulfonic acids and derivatives	264	Organic acids and derivatives
4435	CHEMONTID:0004435	Sulfonic acid esters	4434	Organic sulfonic acids and derivatives
4436	CHEMONTID:0004436	Metal alkyls	462	Organometallic compounds
4437	CHEMONTID:0004437	Organic sulfonic anhydrides	4434	Organic sulfonic acids and derivatives
4438	CHEMONTID:0004438	Organic sulfonic acids	4434	Organic sulfonic acids and derivatives
4439	CHEMONTID:0004439	Organic sulfonamides	4434	Organic sulfonic acids and derivatives
4440	CHEMONTID:0004440	Metal aryls	462	Organometallic compounds
4441	CHEMONTID:0004441	Metal allyls	462	Organometallic compounds
4442	CHEMONTID:0004442	Metal alkyl halides	462	Organometallic compounds
4443	CHEMONTID:0004443	Transition metal alkyls	4436	Metal alkyls
4444	CHEMONTID:0004444	Organochlorosilanes	4445	Organoheterosilanes
4445	CHEMONTID:0004445	Organoheterosilanes	3194	Organosilicon compounds
4446	CHEMONTID:0004446	Siloxanes	3194	Organosilicon compounds
4447	CHEMONTID:0004447	Carbonate salts	364	Organic carbonic acids and derivatives
4448	CHEMONTID:0004448	Alkali metal carbonate salts	4449	Metal carbonate salts
4449	CHEMONTID:0004449	Metal carbonate salts	4447	Carbonate salts
4450	CHEMONTID:0004450	Acrylic acids and derivatives	265	Carboxylic acids and derivatives
4451	CHEMONTID:0004451	Acrylic acids	4450	Acrylic acids and derivatives
4452	CHEMONTID:0004452	Acrylic acid esters	4450	Acrylic acids and derivatives
4453	CHEMONTID:0004453	Alpha-aminonitriles	362	Nitriles
4454	CHEMONTID:0004454	Alpha-hydroxynitriles	362	Nitriles
4455	CHEMONTID:0004455	Organic sulfite salts	3865	Organic salts
4456	CHEMONTID:0004456	Organic sulfites	463	Organic oxoanionic compounds
4457	CHEMONTID:0004457	Organic thiosulfate salts	3865	Organic salts
4458	CHEMONTID:0004458	Organic bromate salts	3865	Organic salts
4459	CHEMONTID:0004459	Organic selenite salts	3865	Organic salts
4460	CHEMONTID:0004460	Organic iodate salts	3865	Organic salts
4461	CHEMONTID:0004461	Triazolines	2490	Azolines
4462	CHEMONTID:0004462	Organic chlorite salts	3865	Organic salts
4463	CHEMONTID:0004463	Organic phosphite salts	3865	Organic salts
4464	CHEMONTID:0004464	Inorganic azides	1568	Miscellaneous inorganic compounds
4465	CHEMONTID:0004465	Alkyl azides	4467	Organoazides
4466	CHEMONTID:0004466	Aryl azides	4467	Organoazides
4467	CHEMONTID:0004467	Organoazides	3633	Propargyl-type 1,3-dipolar organic compounds
4468	CHEMONTID:0004468	Salt-like carbides	4469	Carbides
4469	CHEMONTID:0004469	Carbides	1568	Miscellaneous inorganic compounds
4470	CHEMONTID:0004470	Inorganic nitrides	1568	Miscellaneous inorganic compounds
4471	CHEMONTID:0004471	Inorganic nitrites	1568	Miscellaneous inorganic compounds
4472	CHEMONTID:0004472	Ketals	1656	Acetals
4473	CHEMONTID:0004473	Alkenyl azides	4467	Organoazides
4474	CHEMONTID:0004474	Saturated hydrocarbons	2837	Hydrocarbons
4475	CHEMONTID:0004475	Unsaturated hydrocarbons	2837	Hydrocarbons
4476	CHEMONTID:0004476	Unsaturated aliphatic hydrocarbons	4475	Unsaturated hydrocarbons
4477	CHEMONTID:0004477	Aromatic hydrocarbons	2837	Hydrocarbons
4478	CHEMONTID:0004478	Acetylides	0	Organic compounds
4479	CHEMONTID:0004479	Trialkylheterosilanes	4445	Organoheterosilanes
4480	CHEMONTID:0004480	Trialkylchlorosilanes	4479	Trialkylheterosilanes
4481	CHEMONTID:0004481	Trimethylsilyl esters	3194	Organosilicon compounds
4482	CHEMONTID:0004482	Dialkyl alkylphosphonates	3893	Phosphonic acid diesters
4483	CHEMONTID:0004483	Alkylphosphonofluoridic acids and esters	400	Organophosphorus compounds
4484	CHEMONTID:0004484	Trialkylphosphites	400	Organophosphorus compounds
4485	CHEMONTID:0004485	Cyclohexyl halides	2867	Alkyl halides
4486	CHEMONTID:0004486	O-alkylpyrimidines	75	Pyrimidines and pyrimidine derivatives
4487	CHEMONTID:0004487	Inorganic lithium salts	3866	Inorganic salts
4488	CHEMONTID:0004488	Organic lithium salts	4099	Organic alkali metal salts
4489	CHEMONTID:0004489	Organic beryllium salts	4036	Organic metal salts
4490	CHEMONTID:0004490	Inorganic beryllium salts	3866	Inorganic salts
4491	CHEMONTID:0004491	Organic metal halides	4036	Organic metal salts
4492	CHEMONTID:0004492	Organonickel compounds	1371	Organotransition metal compounds
4493	CHEMONTID:0004493	Organic calcium salts	4036	Organic metal salts
4494	CHEMONTID:0004494	Inorganic calcium salts	3866	Inorganic salts
4495	CHEMONTID:0004495	14-hydroxysteroids	1295	Hydroxysteroids
4496	CHEMONTID:0004496	3',5'-cyclic purine nucleoside phosphorothioates	3737	Nucleoside and nucleotide analogues
4497	CHEMONTID:0004497	3',5'-cyclic pyrimidine nucleoside phosphorothioates	3737	Nucleoside and nucleotide analogues
4498	CHEMONTID:0004498	2',3'-dideoxy-3'-thionucleosides	289	Nucleosides, nucleotides, and analogues
4499	CHEMONTID:0004499	2',3'-dideoxy-3'-thionucleoside triphosphates	289	Nucleosides, nucleotides, and analogues
4500	CHEMONTID:0004500	2',3'-dideoxy-3'-thionucleoside diphosphates	289	Nucleosides, nucleotides, and analogues
4501	CHEMONTID:0004501	2',3'-dideoxy-3'-thionucleoside monophosphates	289	Nucleosides, nucleotides, and analogues
4502	CHEMONTID:0004502	5'-deoxyribonucleosides	289	Nucleosides, nucleotides, and analogues
4503	CHEMONTID:0004503	5'-deoxy-5'-thionucleosides	4502	5'-deoxyribonucleosides
4504	CHEMONTID:0004504	Organic cyanides	278	Organonitrogen compounds
4505	CHEMONTID:0004505	Dinitrophenols	141	Nitrophenols
4506	CHEMONTID:0004506	N-acetylarylamines	3282	N-arylamides
4507	CHEMONTID:0004507	Phosphiranes	2	Organoheterocyclic compounds
4508	CHEMONTID:0004508	Chloroethylnitrosoureas	1229	Nitrosoureas
4509	CHEMONTID:0004509	1,2,3-thiadiazolopyridines	93	Thiadiazoles
4510	CHEMONTID:0004510	7-alkoxylcoumarins	145	Coumarins and derivatives
4511	CHEMONTID:0004511	Alkylhydrazines	112	Hydrazines and derivatives
4512	CHEMONTID:0004512	1,2-diacyl-1-alkylhydrazines	4816	N'-substituted-N,N'-diacylhydrazines
4513	CHEMONTID:0004513	N-benzoyl-N'-phenylureas	2982	N-acyl-phenylureas
4514	CHEMONTID:0004514	N-sulfenyl-N'-sulfonyl-ureas	490	Sulfonylureas
4515	CHEMONTID:0004515	Sulfonyl isocyanates	1157	Sulfonyls
4516	CHEMONTID:0004516	Sulfonyl isothiocyanates	1157	Sulfonyls
4517	CHEMONTID:0004517	P-toluenesulfonamides	3276	Tosyl compounds
4518	CHEMONTID:0004518	N,N-disubstituted p-toluenesulfonamides	4517	P-toluenesulfonamides
4519	CHEMONTID:0004519	Polybrominated dibenzofurans	4520	Brominated dibenzofurans
4520	CHEMONTID:0004520	Brominated dibenzofurans	15	Dibenzofurans
4521	CHEMONTID:0004521	Chlorofluorocarbons	1026	Alkyl chlorides
4522	CHEMONTID:0004522	Hydrofluorocarbons	1026	Alkyl chlorides
4523	CHEMONTID:0004523	Aziridinylquinones	2495	Quinones
4524	CHEMONTID:0004524	Triphenyl compounds	2448	Benzenoids
4525	CHEMONTID:0004525	Chlorophenoxyacetates	417	Phenoxyacetic acid derivatives
4526	CHEMONTID:0004526	Chloroanilines	284	Aniline and substituted anilines
4527	CHEMONTID:0004527	Chloroacetamides	475	Carboxylic acid amides
4528	CHEMONTID:0004528	Halotoluenes	1091	Toluenes
4529	CHEMONTID:0004529	3-methylindoles	4196	3-alkylindoles
4530	CHEMONTID:0004530	Formamides	475	Carboxylic acid amides
4531	CHEMONTID:0004531	2-halopyrimidines	1893	Halopyrimidines
4532	CHEMONTID:0004532	2-halopyridines	3970	Halopyridines
4533	CHEMONTID:0004533	1,2,3,6-Tetrahydropyridines	1934	Tetrahydropyridines
4534	CHEMONTID:0004534	Arylbiguanides	474	Biguanides
4535	CHEMONTID:0004535	1,5-diarylbiguanides	4534	Arylbiguanides
4536	CHEMONTID:0004536	1-arylbiguanides	4534	Arylbiguanides
4537	CHEMONTID:0004537	4-aminoquinolines	53	Aminoquinolines and derivatives
4538	CHEMONTID:0004538	4-quinolinemethanols	1253	Quinolines and derivatives
4539	CHEMONTID:0004539	Organothalium compounds	1523	Organo-post-transition metal compounds
4540	CHEMONTID:0004540	Inorganic thalium compounds	1568	Miscellaneous inorganic compounds
4541	CHEMONTID:0004541	Halonitrobenzenes	36	Nitrobenzenes
4542	CHEMONTID:0004542	Thiopurine S-methylethers	3453	6-thiopurines
4543	CHEMONTID:0004543	N-methylpyridinium compounds	4152	Methylpyridines
4544	CHEMONTID:0004544	Aryl dialkyl phosphates	3457	Alkyl phosphates
4545	CHEMONTID:0004545	Arylhydroxamates	278	Organonitrogen compounds
4546	CHEMONTID:0004546	S-(2-hydroxyacyl)glutathiones	3052	S-acylglutathiones
4547	CHEMONTID:0004547	5'-acylphosphoadenosines	1617	Purine ribonucleoside monophosphates
4548	CHEMONTID:0004548	Benzyl isothiocyanates	2279	Benzene and substituted derivatives
4549	CHEMONTID:0004549	Benzyl thiocyanates	2279	Benzene and substituted derivatives
4550	CHEMONTID:0004550	13,28-epoxyoleananes	180	Oleanane triterpenoids
4551	CHEMONTID:0004551	Trifluoromethylbenzenes	2279	Benzene and substituted derivatives
4552	CHEMONTID:0004552	Indazole-3-carboxamides	80	Indazoles
4553	CHEMONTID:0004553	Cumulenes	4475	Unsaturated hydrocarbons
4554	CHEMONTID:0004554	Nitrimines	1152	Organic nitro compounds
4555	CHEMONTID:0004555	L-cysteine-S-conjugates	4313	Cysteine and derivatives
4556	CHEMONTID:0004556	S-sulfo-L-cysteines	4555	L-cysteine-S-conjugates
4557	CHEMONTID:0004557	Organopnictogen compounds	0	Organic compounds
4558	CHEMONTID:0004558	Inorganic pnictogen compounds	1568	Miscellaneous inorganic compounds
4559	CHEMONTID:0004559	Avenanthramides	2503	Hydroxycinnamic acids
4560	CHEMONTID:0004560	Cyanate esters	363	Cyanates
4561	CHEMONTID:0004561	N-cinnamoylanthranilic acids	2810	Cinnamic acid amides
4562	CHEMONTID:0004562	Metal cyanates	363	Cyanates
4563	CHEMONTID:0004563	Inorganic 3-nitrosotriazenes	1568	Miscellaneous inorganic compounds
4564	CHEMONTID:0004564	Ethoxyethynyl alcohols	129	Alcohols and polyols
4565	CHEMONTID:0004565	Haloacetylenes and derivatives	267	Organohalogen compounds
4566	CHEMONTID:0004566	Metal acetylides	4478	Acetylides
4567	CHEMONTID:0004567	Acetylenic peroxides	1308	Organic hydroperoxides
4568	CHEMONTID:0004568	Alkylaluminium and derivatives	1529	Organoaluminium compounds
4569	CHEMONTID:0004569	Alkylaluminium halides	4568	Alkylaluminium and derivatives
4570	CHEMONTID:0004570	Alkylboranes	2795	Organoboron compounds
4571	CHEMONTID:0004571	Alkylhaloboranes	4570	Alkylboranes
4572	CHEMONTID:0004572	Alkylhalophosphines	400	Organophosphorus compounds
4573	CHEMONTID:0004573	Monoalkylboranes	4570	Alkylboranes
4574	CHEMONTID:0004574	Dialkylboranes	4570	Alkylboranes
4575	CHEMONTID:0004575	Trialkylboranes	4570	Alkylboranes
4576	CHEMONTID:0004576	Acylsalicylic acids and derivatives	487	Salicylic acid and derivatives
4577	CHEMONTID:0004577	Acylsalicylic acids	4576	Acylsalicylic acids and derivatives
4578	CHEMONTID:0004578	Acylsalicylamides	4576	Acylsalicylic acids and derivatives
4579	CHEMONTID:0004579	Diacyl peroxides	346	Dicarboxylic acids and derivatives
4580	CHEMONTID:0004580	3-beta-hydroxysteroid-4-alpha-carboxylates	3492	4-carboxy steroids
4581	CHEMONTID:0004581	Trifluoromethanesulfonates	3311	Alkanesulfonic acids
4582	CHEMONTID:0004582	Alkyl hydroperoxides	1308	Organic hydroperoxides
4583	CHEMONTID:0004583	Trialkylantimony halides	349	Organoantimony compounds
4584	CHEMONTID:0004584	Allyl trifluoromethanesulfonates	4581	Trifluoromethanesulfonates
4585	CHEMONTID:0004585	Allylic hydroperoxides	1308	Organic hydroperoxides
4586	CHEMONTID:0004586	Diazoethers	323	Organooxygen compounds
4587	CHEMONTID:0004587	Arenediazoates	4586	Diazoethers
4588	CHEMONTID:0004588	Bis-arenediazo oxides	3633	Propargyl-type 1,3-dipolar organic compounds
4589	CHEMONTID:0004589	Bis-arenediazo sulfides	3633	Propargyl-type 1,3-dipolar organic compounds
4590	CHEMONTID:0004590	Arenediazo aryl sulfides	3633	Propargyl-type 1,3-dipolar organic compounds
4591	CHEMONTID:0004591	Trialkylaluminiums	4568	Alkylaluminium and derivatives
4592	CHEMONTID:0004592	Organozinc compounds	1371	Organotransition metal compounds
4593	CHEMONTID:0004593	Dialkylzincs	4592	Organozinc compounds
4594	CHEMONTID:0004594	Organomagnesium halides	287	Organomagnesium compounds
4595	CHEMONTID:0004595	Alkylmagnesium halides	4594	Organomagnesium halides
4596	CHEMONTID:0004596	Arylmagnesium halides	4594	Organomagnesium halides
4597	CHEMONTID:0004597	Dialkylmagnesiums	287	Organomagnesium compounds
4598	CHEMONTID:0004598	Alkyl trialkyllead peroxides	4065	Triorganolead compounds
4599	CHEMONTID:0004599	3-cyanotriazenes	3633	Propargyl-type 1,3-dipolar organic compounds
4600	CHEMONTID:0004600	Aromatic 3-cyanotriazenes	4599	3-cyanotriazenes
4601	CHEMONTID:0004601	Dialkyl hyponitrites	323	Organooxygen compounds
4602	CHEMONTID:0004602	Diazonium perchlorates	2067	Organic perchlorates
4603	CHEMONTID:0004603	Organic oxygen compounds	0	Organic compounds
4604	CHEMONTID:0004604	Diazonium sulfates	3929	Organic sulfate salts
4605	CHEMONTID:0004605	Diazonium tetrahaloborates	1668	Organic diazonium salts
4606	CHEMONTID:0004606	Difluoroamino compounds	278	Organonitrogen compounds
4607	CHEMONTID:0004607	Fluorodinitromethyl compounds	4117	C-nitro compounds
4608	CHEMONTID:0004608	1,1-dinitrodifluoramines	4606	Difluoroamino compounds
4609	CHEMONTID:0004609	Tris(ketoximino)silanes	4445	Organoheterosilanes
4610	CHEMONTID:0004610	Metal p-nitrophenoxides	141	Nitrophenols
4611	CHEMONTID:0004611	Metal thiocyanates	1201	Thiocyanates
4612	CHEMONTID:0004612	Nitroaromatic compounds	4117	C-nitro compounds
4613	CHEMONTID:0004613	Nitrobenzaldehydes	36	Nitrobenzenes
4614	CHEMONTID:0004614	Organometallic peroxides	462	Organometallic compounds
4615	CHEMONTID:0004615	Phenylboronic acids	2279	Benzene and substituted derivatives
4616	CHEMONTID:0004616	Aryl phosphates	408	Phosphate esters
4617	CHEMONTID:0004617	Aryl phosphomonoesters	4616	Aryl phosphates
4618	CHEMONTID:0004618	Aryl phosphodiesters	4616	Aryl phosphates
4619	CHEMONTID:0004619	Aryl phosphotriesters	4616	Aryl phosphates
4620	CHEMONTID:0004620	Branched alkanes	2500	Alkanes
4621	CHEMONTID:0004621	Branched cycloalkanes	1016	Cycloalkanes
4622	CHEMONTID:0004622	Branched unsaturated hydrocarbons	4475	Unsaturated hydrocarbons
4623	CHEMONTID:0004623	Aryl thiophosphates	1572	Thiophosphoric acid esters
4624	CHEMONTID:0004624	Pyridine-2-carboxylic acids	2414	Pyridinecarboxylic acids
4625	CHEMONTID:0004625	Pyridine-3-carboxylic acids	2414	Pyridinecarboxylic acids
4626	CHEMONTID:0004626	5-alkoxy-2-carboxypyrimidines	4624	Pyridine-2-carboxylic acids
4627	CHEMONTID:0004627	5-alkyl-2-carboxypyrimidines	4624	Pyridine-2-carboxylic acids
4628	CHEMONTID:0004628	4-alkoxyphenols	134	Phenols
4629	CHEMONTID:0004629	Benzyl sulfoxides	2279	Benzene and substituted derivatives
4630	CHEMONTID:0004630	Benzyl alkyl sulfoxides	4629	Benzyl sulfoxides
4631	CHEMONTID:0004631	Aryl thioethers	1202	Thioethers
4632	CHEMONTID:0004632	Phenyl sulfoxides	2279	Benzene and substituted derivatives
4633	CHEMONTID:0004633	1,2-allenyl phenyl sulfoxides	4632	Phenyl sulfoxides
4634	CHEMONTID:0004634	Phenyl sulfides	4631	Aryl thioethers
4635	CHEMONTID:0004635	Dibenzothiophene-5-oxides	2818	Dibenzothiophenes
4636	CHEMONTID:0004636	Dibenzothiophene-5,5-dioxides	2818	Dibenzothiophenes
4637	CHEMONTID:0004637	Alkyl-2-thio-S-triazines	4105	1,3,5-triazines
4638	CHEMONTID:0004638	Alkoxy-S-triazines	4105	1,3,5-triazines
4639	CHEMONTID:0004639	Halo-S-triazines	4105	1,3,5-triazines
4640	CHEMONTID:0004640	Phenyl methylcarbamates	2279	Benzene and substituted derivatives
4641	CHEMONTID:0004641	Alkylarsine oxides	3986	Arsine oxides
4642	CHEMONTID:0004642	Trialkylarsine oxides	4641	Alkylarsine oxides
4643	CHEMONTID:0004643	Phenylacetic acid esters	2279	Benzene and substituted derivatives
4644	CHEMONTID:0004644	2(hydroxyphenyl)acetic acids	418	Phenylacetic acids
4645	CHEMONTID:0004645	3(hydroxyphenyl)acetic acids	418	Phenylacetic acids
4646	CHEMONTID:0004646	1-hydroxy-2-unsubstituted benzenoids	134	Phenols
4647	CHEMONTID:0004647	1-hydroxy-4-unsubstituted benzenoids	134	Phenols
4648	CHEMONTID:0004648	1-hydroxylamino, 2-unsubstituted benzenoids	2448	Benzenoids
4649	CHEMONTID:0004649	1-hydroxylamino, 4-unsubstituted benzenoids	2448	Benzenoids
4650	CHEMONTID:0004650	N-phenylhydroxylamines	2448	Benzenoids
4651	CHEMONTID:0004651	O-phenylhydroxylamines	2448	Benzenoids
4652	CHEMONTID:0004652	N-alkyl-O-phenylhydroxylamines	4651	O-phenylhydroxylamines
4653	CHEMONTID:0004653	N-aryl-N-phenylhydroxylamines	4650	N-phenylhydroxylamines
4654	CHEMONTID:0004654	o-Aminophenols	140	Aminophenols
4655	CHEMONTID:0004655	m-Aminophenols	140	Aminophenols
4656	CHEMONTID:0004656	p-Aminophenols	140	Aminophenols
4657	CHEMONTID:0004657	5-unsubstituted pyrrogallols	397	Pyrogallols and derivatives
4658	CHEMONTID:0004658	Isoindole organothiophosphates	127	Isoindoles
4659	CHEMONTID:0004659	Benzo-1,2,3-triazines	2	Organoheterocyclic compounds
4660	CHEMONTID:0004660	Benzotriazine organothiophosphates	4659	Benzo-1,2,3-triazines
4661	CHEMONTID:0004661	Phosphorodithioic acid O-monoesters	4164	Dithiophosphate O-esters
4662	CHEMONTID:0004662	Phosphorodithioic acid O,O-diesters	4164	Dithiophosphate O-esters
4663	CHEMONTID:0004663	Phosphoramidothioic acid S-esters	1438	Organothiophosphorus compounds
4664	CHEMONTID:0004664	Phosphoramidothioic acid O-esters	1438	Organothiophosphorus compounds
4665	CHEMONTID:0004665	Phosphoramidothioic-acid-O,S-diesters	1438	Organothiophosphorus compounds
4666	CHEMONTID:0004666	N-acylphosphoramidothioic acid and derivatives	475	Carboxylic acid amides
4667	CHEMONTID:0004667	Nitroguanidines	375	Guanidines
4668	CHEMONTID:0004668	1,3,4-thiadiazol-2-ylureas	4001	2-amino-1,3,4-thiadiazoles
4669	CHEMONTID:0004669	Pyrimidinyloxybenzylamines	2463	Diarylethers
4670	CHEMONTID:0004670	Aminophenyl ethers	2341	Phenol ethers
4671	CHEMONTID:0004671	Nitrophenyl ethers	36	Nitrobenzenes
4672	CHEMONTID:0004672	Benzofuranyl 5-alkylsulfonates	301	Benzofurans
4673	CHEMONTID:0004673	Benzoylcyclohexane-1,3-diones	4298	Alkyl-phenylketones
4674	CHEMONTID:0004674	Aryloxyphenoxypropionic acids	4676	2-phenoxypropionic acids
4675	CHEMONTID:0004675	Aryloxyphenoxypropionic acid esters	4677	2-phenoxypropionic acid esters
4676	CHEMONTID:0004676	2-phenoxypropionic acids	2279	Benzene and substituted derivatives
4677	CHEMONTID:0004677	2-phenoxypropionic acid esters	2279	Benzene and substituted derivatives
4678	CHEMONTID:0004678	Alkyloxyphenoxypropionic acids	4676	2-phenoxypropionic acids
4679	CHEMONTID:0004679	Alkyloxyphenoxypropionic acid esters	4677	2-phenoxypropionic acid esters
4680	CHEMONTID:0004680	Hydroxybenzonitriles	1530	Benzonitriles
4681	CHEMONTID:0004681	1,2,4-triazolopyrimidine-2-sulfonamides	1443	Triazolopyrimidines
4682	CHEMONTID:0004682	1,2,4-triazolopyrimidine-2-sulfonanilides	4681	1,2,4-triazolopyrimidine-2-sulfonamides
4683	CHEMONTID:0004683	Aryl 1,2,4-triazolones	234	Triazolones
4684	CHEMONTID:0004684	Diacylhydrazines	1165	Carboxylic acid hydrazides
4685	CHEMONTID:0004685	1,3-thiazole carboxanilides	2008	Thiazolecarboxamides
4686	CHEMONTID:0004686	Naphthalene-1-carboxanilides	2349	Naphthalenecarboxamides
4687	CHEMONTID:0004687	Naphthalene-2-carboxanilides	2349	Naphthalenecarboxamides
4688	CHEMONTID:0004688	1-hydroxynaphthalene-2-carboxanilides	4687	Naphthalene-2-carboxanilides
4689	CHEMONTID:0004689	8-hydroxynaphthalene-2-carboxanilides	4687	Naphthalene-2-carboxanilides
4690	CHEMONTID:0004690	6-hydroxynaphthalene-2-carboxanilides	4687	Naphthalene-2-carboxanilides
4691	CHEMONTID:0004691	Dioxoisoquinoline-4-carboxanilides	2932	1,3-isoquinolinediones
4692	CHEMONTID:0004692	1-benzothiophene-2-carboxanilides	4293	1-benzothiophenes
4693	CHEMONTID:0004693	Isothiosemicarbazones	278	Organonitrogen compounds
4694	CHEMONTID:0004694	S-alkylisothiosemicarbazones	4693	Isothiosemicarbazones
4695	CHEMONTID:0004695	1,4-dihydroxy-2-halobenzenoids	134	Phenols
4696	CHEMONTID:0004696	Phenyl phosphates	4617	Aryl phosphomonoesters
4697	CHEMONTID:0004697	4-halophenylacetic acids	418	Phenylacetic acids
4698	CHEMONTID:0004698	N-silyl compounds	3194	Organosilicon compounds
4699	CHEMONTID:0004699	m-Hydroxybenzoic acid esters	1350	Benzoic acid esters
4700	CHEMONTID:0004700	o-Hydroxybenzoic acid esters	1350	Benzoic acid esters
4701	CHEMONTID:0004701	p-Hydroxybenzoic acid esters	1350	Benzoic acid esters
4702	CHEMONTID:0004702	p-Hydroxybenzoic acid alkyl esters	4701	p-Hydroxybenzoic acid esters
4703	CHEMONTID:0004703	Organic thiosulfinic acids	264	Organic acids and derivatives
4704	CHEMONTID:0004704	Benzoylpyrazoles	321	Benzoyl derivatives
4705	CHEMONTID:0004705	Pyrimidinyl-2-sulfonylureas	490	Sulfonylureas
4706	CHEMONTID:0004706	S-triazinyl-2-sulfonylureas	490	Sulfonylureas
4707	CHEMONTID:0004707	Organic nitrogen compounds	0	Organic compounds
4708	CHEMONTID:0004708	2-pyridylmethylamines	89	Pyridines and derivatives
4709	CHEMONTID:0004709	6-substituted-2-pyridinylmethylamines	4708	2-pyridylmethylamines
4710	CHEMONTID:0004710	2-benzimidazolylcarbamic acids	294	Benzimidazoles
4711	CHEMONTID:0004711	2-benzimidazolylcarbamic acid esters	294	Benzimidazoles
4712	CHEMONTID:0004712	Aromatic anilides	285	Anilides
4713	CHEMONTID:0004713	Benzanilides	4712	Aromatic anilides
4714	CHEMONTID:0004714	Phenylcarbamic acid esters	2279	Benzene and substituted derivatives
4715	CHEMONTID:0004715	Hydrazinecarboxylic acid esters	3132	Hydrazinecarboxylic acids and derivatives
4716	CHEMONTID:0004716	Haloacetanilides	1846	Acetanilides
4717	CHEMONTID:0004717	M-haloacetanilides	4716	Haloacetanilides
4718	CHEMONTID:0004718	O-haloacetanilides	4716	Haloacetanilides
4719	CHEMONTID:0004719	P-haloacetanilides	4716	Haloacetanilides
4720	CHEMONTID:0004720	N-acylcarbazoles	210	Carbazoles
4721	CHEMONTID:0004721	Chloro-s-triazines	4639	Halo-S-triazines
4722	CHEMONTID:0004722	Cyclic dithiocarbamic acid esters	3936	Dithiocarbamic acid esters
4723	CHEMONTID:0004723	Cyclohexene oximes	411	Oximes
4724	CHEMONTID:0004724	Cyclopropylisoxazoles	81	Isoxazoles
4725	CHEMONTID:0004725	3-cyclopropylisoxazoles	4724	Cyclopropylisoxazoles
4726	CHEMONTID:0004726	4-cyclopropylisoxazoles	4724	Cyclopropylisoxazoles
4727	CHEMONTID:0004727	5-cyclopropylisoxazoles	4724	Cyclopropylisoxazoles
4728	CHEMONTID:0004728	Dichlorophenyl dicarboximides	2564	Dichlorobenzenes
4729	CHEMONTID:0004729	Formamidines	7	Amidines
4730	CHEMONTID:0004730	Formamidine disulfides	2800	Organic disulfides
4731	CHEMONTID:0004731	2-methoxy-1,3,5-triazines	4638	Alkoxy-S-triazines
4732	CHEMONTID:0004732	4-methoxy-1,2,3-triazines	4106	1,2,3-triazines
4733	CHEMONTID:0004733	2-benzylamino-s-triazines	3080	N-aliphatic s-triazines
4734	CHEMONTID:0004734	1,3,5-triazine-2,4-diamines	1693	Aminotriazines
4735	CHEMONTID:0004735	Methylthio-s-triazines	4105	1,3,5-triazines
4736	CHEMONTID:0004736	Oxadiazines	2	Organoheterocyclic compounds
4737	CHEMONTID:0004737	1,2,3-oxadiazines	4736	Oxadiazines
4738	CHEMONTID:0004738	1,2,4-oxadiazines	4736	Oxadiazines
4739	CHEMONTID:0004739	1,2,5-oxadiazines	4736	Oxadiazines
4740	CHEMONTID:0004740	1,3,4-oxadiazines	4736	Oxadiazines
4741	CHEMONTID:0004741	1,3,5-oxadiazines	4736	Oxadiazines
4742	CHEMONTID:0004742	Phenoxy compounds	2279	Benzene and substituted derivatives
4743	CHEMONTID:0004743	3-phenoxypropionic acids	2279	Benzene and substituted derivatives
4744	CHEMONTID:0004744	Phenylenediamines	284	Aniline and substituted anilines
4745	CHEMONTID:0004745	M-phenylenediamines	4744	Phenylenediamines
4746	CHEMONTID:0004746	O-phenylenediamines	4744	Phenylenediamines
4747	CHEMONTID:0004747	P-phenylenediamines	4744	Phenylenediamines
4748	CHEMONTID:0004748	Phenyl thiophosphates	4623	Aryl thiophosphates
4749	CHEMONTID:0004749	Phthalimides	1820	Isoindolones
4750	CHEMONTID:0004750	2-pyrimidinylthiobenzoic acids	2565	Benzoic acids
4751	CHEMONTID:0004751	Cyclic sulfite esters	2074	Sulfite esters
4752	CHEMONTID:0004752	Oxime carbamates	278	Organonitrogen compounds
4753	CHEMONTID:0004753	Aldoxime carbamates	4752	Oxime carbamates
4754	CHEMONTID:0004754	Ketoxime carbamates	4752	Oxime carbamates
4755	CHEMONTID:0004755	Furanilides	4712	Aromatic anilides
4756	CHEMONTID:0004756	2-furanilides	4755	Furanilides
4757	CHEMONTID:0004757	3-furanilides	4755	Furanilides
4758	CHEMONTID:0004758	Furoic acid and derivatives	76	Furans
4759	CHEMONTID:0004759	Furan-3-carboxylic acid and derivatives	4758	Furoic acid and derivatives
4760	CHEMONTID:0004760	Furan-3-carboxylic acids	4759	Furan-3-carboxylic acid and derivatives
4761	CHEMONTID:0004761	Furan-3-carboxylic acid amides	4759	Furan-3-carboxylic acid and derivatives
4762	CHEMONTID:0004762	Furan-3-carboxylic acid esters	4759	Furan-3-carboxylic acid and derivatives
4763	CHEMONTID:0004763	Precocenes	3522	2,2-dimethyl-1-benzopyrans
4764	CHEMONTID:0004764	7-benzofuranyl methylcarbamates	301	Benzofurans
4765	CHEMONTID:0004765	Oxime organothiophosphates	278	Organonitrogen compounds
4766	CHEMONTID:0004766	Phenylphosphonothioates	2279	Benzene and substituted derivatives
4767	CHEMONTID:0004767	Phenyl phenylphosphonothioates	4766	Phenylphosphonothioates
4768	CHEMONTID:0004768	Cyanoacrylates	3626	Enoate esters
4769	CHEMONTID:0004769	Phenyl ethylphosphonothioates	4766	Phenylphosphonothioates
4770	CHEMONTID:0004770	1,3,4-thiadiazol-3-yl-organothiophosphates	93	Thiadiazoles
4771	CHEMONTID:0004771	Pyrimidinyl phosphorothioates	4623	Aryl thiophosphates
4772	CHEMONTID:0004772	2-methoxychromones	144	Chromones
4773	CHEMONTID:0004773	3-methoxychromones	144	Chromones
4774	CHEMONTID:0004774	Chromeno[2,3-b]pyridines	2339	Chromenopyridines
4775	CHEMONTID:0004775	Chromeno[2,3-b]pyridine-5-ones	144	Chromones
4776	CHEMONTID:0004776	Organic nitroso compounds	278	Organonitrogen compounds
4777	CHEMONTID:0004777	Organic N-nitroso compounds	4776	Organic nitroso compounds
4778	CHEMONTID:0004778	Organic O-nitroso compounds	4776	Organic nitroso compounds
4779	CHEMONTID:0004779	Organic S-nitroso compounds	4776	Organic nitroso compounds
4780	CHEMONTID:0004780	Organic thionitrous acids	4779	Organic S-nitroso compounds
4781	CHEMONTID:0004781	Acyl phosphates	408	Phosphate esters
4782	CHEMONTID:0004782	Trialkylglycerols	3815	Triradylcglycerols
4783	CHEMONTID:0004783	Episulfones	505	Sulfones
4784	CHEMONTID:0004784	Methoxylated amphetamines	188	Amphetamines and derivatives
4785	CHEMONTID:0004785	Sulfonated stilbenes	253	Stilbenes
4786	CHEMONTID:0004786	N-acylimidazoles	2311	N-substituted imidazoles
4787	CHEMONTID:0004787	Methylcarbamates	1162	Carbamate esters
4788	CHEMONTID:0004788	Diazanaphthalenes	2	Organoheterocyclic compounds
4789	CHEMONTID:0004789	Benzodiazines	4788	Diazanaphthalenes
4790	CHEMONTID:0004790	Thiuram monosulfides	3936	Dithiocarbamic acid esters
4791	CHEMONTID:0004791	Thiuram disulfides	2452	Tertiary amines
4792	CHEMONTID:0004792	Furanonaphthodioxoles	1634	Naphthofurans
4793	CHEMONTID:0004793	Dithiophosphate S,S-diesters	3385	Organic dithiophosphoric acids and derivatives
4794	CHEMONTID:0004794	Chloronaphthalenes	23	Naphthalenes
4795	CHEMONTID:0004795	CDP-ethanolamines	1621	Pyrimidine ribonucleoside diphosphates
4796	CHEMONTID:0004796	Phenylisopropylamines	3924	Phenylalkylamines
4797	CHEMONTID:0004797	Methoxyphenylisopropylamines	4796	Phenylisopropylamines
4798	CHEMONTID:0004798	1,3-oxazolobenzo-1,4-diazepines	4097	1,4-benzodiazepines
4799	CHEMONTID:0004799	2',5'-dideoxyribonucleosides	289	Nucleosides, nucleotides, and analogues
4800	CHEMONTID:0004800	5'-S-alkylthio-5'-deoxyribonucleosides	4503	5'-deoxy-5'-thionucleosides
4801	CHEMONTID:0004801	5'-azido-5'-deoxyribonucleosides	4502	5'-deoxyribonucleosides
4802	CHEMONTID:0004802	2-benzylaminopyridines	2673	Benzylamines
4803	CHEMONTID:0004803	Organic dichromates	463	Organic oxoanionic compounds
4804	CHEMONTID:0004804	Benzotropolones	1674	Tropolones
4805	CHEMONTID:0004805	Furoic acid esters	4758	Furoic acid and derivatives
4806	CHEMONTID:0004806	Alkoxides	323	Organooxygen compounds
4807	CHEMONTID:0004807	Methoxides	4806	Alkoxides
4808	CHEMONTID:0004808	Alpha-haloketones	118	Ketones
4809	CHEMONTID:0004809	Alpha-chloroketones	4808	Alpha-haloketones
4810	CHEMONTID:0004810	Indole-3-carbinol and derivatives	4196	3-alkylindoles
4811	CHEMONTID:0004811	2,5-disubstituted morpholines	392	Morpholines
4812	CHEMONTID:0004812	Acenaphthylenes	2448	Benzenoids
4813	CHEMONTID:0004813	Ecdysteroids	258	Steroids and steroid derivatives
4814	CHEMONTID:0004814	Punaglandins and related compounds	514	Prostaglandins and related compounds
4815	CHEMONTID:0004815	Fluoromethoxy benzamides	178	Benzamides
4816	CHEMONTID:0004816	N'-substituted-N,N'-diacylhydrazines	4684	Diacylhydrazines
4817	CHEMONTID:0004817	2-heteroaryl carboxamides	475	Carboxylic acid amides
4818	CHEMONTID:0004818	B-type proanthocyanidins	379	Proanthocyanidins
4819	CHEMONTID:0004819	Inorganic chromium trioxides	1568	Miscellaneous inorganic compounds
4820	CHEMONTID:0004820	Organic chromium trioxides	463	Organic oxoanionic compounds
4821	CHEMONTID:0004821	C8-prenylated coumarins	145	Coumarins and derivatives
4822	CHEMONTID:0004822	4-hydroxy-6,7-benzomorphans	4131	6,7-benzomorphans
4823	CHEMONTID:0004823	2,6-dimethyl-3-benzazocines	4131	6,7-benzomorphans
4824	CHEMONTID:0004824	4-azaandrostanes	3056	4-azasteroids and derivatives
4825	CHEMONTID:0004825	Pyridinolates	89	Pyridines and derivatives
4826	CHEMONTID:0004826	Selenenic acids	264	Organic acids and derivatives
4827	CHEMONTID:0004827	1,2,4-triazolo[3,4-a]phthalazines	207	Phthalazines
4828	CHEMONTID:0004828	A-type proanthocyanidins	379	Proanthocyanidins
4829	CHEMONTID:0004829	C-type proanthocyanidins	379	Proanthocyanidins
4830	CHEMONTID:0004830	Dipeptides	348	Peptides
4831	CHEMONTID:0004831	Oligopeptides	348	Peptides
9999999	CHEMONTID:9999999	Chemical entities	null	
